Stimulus_Pair,response,correct,Block,phase,pers,delay,rpred,caseid
jungle2.png,m,0,3,train,0.0,0.0,0.0,1
jungle1.png,m,0,3,train,0.0,0.0,0.0,1
jungle3.png,z,0,3,train,0.0,0.0,0.0,1
jungle1.png,m,0,3,train,1.0,0.0,0.0,1
jungle3.png,z,0,3,train,1.0,0.0,0.0,1
jungle2.png,m,0,3,train,1.0,0.0,0.0,1
jungle3.png,z,0,3,train,1.0,0.0,0.0,1
jungle2.png,m,0,3,train,1.0,0.0,0.0,1
jungle1.png,z,1,3,train,0.0,0.0,0.0,1
jungle1.png,z,1,3,train,0.0,1.0,1.0,1
jungle2.png,z,1,3,train,0.0,0.0,0.0,1
jungle3.png,z,0,3,train,1.0,0.0,0.0,1
jungle3.png,m,1,3,train,0.0,0.0,0.0,1
jungle1.png,z,1,3,train,0.0,4.0,2.0,1
jungle2.png,z,1,3,train,0.0,4.0,1.0,1
jungle3.png,m,1,3,train,0.0,3.0,1.0,1
jungle1.png,z,1,3,train,0.0,3.0,3.0,1
jungle2.png,z,1,3,train,0.0,3.0,2.0,1
jungle1.png,m,0,3,train,1.0,2.0,4.0,1
jungle3.png,m,1,3,train,0.0,4.0,2.0,1
jungle2.png,z,1,3,train,0.0,3.0,3.0,1
jungle3.png,m,1,3,train,0.0,2.0,3.0,1
jungle2.png,z,1,3,train,0.0,2.0,4.0,1
jungle1.png,m,0,3,train,1.0,7.0,4.0,1
jungle2.png,z,1,3,train,0.0,2.0,5.0,1
jungle3.png,m,1,3,train,0.0,4.0,4.0,1
jungle1.png,z,1,3,train,0.0,10.0,4.0,1
jungle1.png,z,1,3,train,0.0,1.0,5.0,1
jungle2.png,z,1,3,train,0.0,4.0,6.0,1
jungle3.png,m,1,3,train,0.0,4.0,5.0,1
jungle2.png,z,1,3,train,0.0,2.0,7.0,1
jungle3.png,m,1,3,train,0.0,2.0,6.0,1
jungle1.png,z,1,3,train,0.0,5.0,6.0,1
jungle2.png,z,1,3,train,0.0,3.0,8.0,1
jungle1.png,z,1,3,train,0.0,2.0,7.0,1
jungle3.png,m,1,3,train,0.0,4.0,7.0,1
vegan (3).png,m,0,6,train,0.0,0.0,0.0,1
vegan (6).png,m,0,6,train,0.0,0.0,0.0,1
vegan (4).png,m,0,6,train,0.0,0.0,0.0,1
vegan (5).png,z,0,6,train,0.0,0.0,0.0,1
vegan (1).png,m,1,6,train,0.0,0.0,0.0,1
vegan (2).png,m,1,6,train,0.0,0.0,0.0,1
vegan (6).png,m,0,6,train,1.0,0.0,0.0,1
vegan (1).png,z,0,6,train,0.0,3.0,1.0,1
vegan (5).png,m,1,6,train,0.0,0.0,0.0,1
vegan (4).png,z,1,6,train,0.0,0.0,0.0,1
vegan (2).png,z,0,6,train,0.0,5.0,1.0,1
vegan (3).png,m,0,6,train,1.0,0.0,0.0,1
vegan (1).png,m,1,6,train,0.0,8.0,1.0,1
vegan (3).png,m,0,6,train,1.0,0.0,0.0,1
vegan (2).png,z,0,6,train,1.0,9.0,1.0,1
vegan (6).png,m,0,6,train,1.0,0.0,0.0,1
vegan (5).png,z,0,6,train,1.0,8.0,1.0,1
vegan (4).png,m,0,6,train,1.0,8.0,1.0,1
vegan (5).png,m,1,6,train,0.0,10.0,1.0,1
vegan (2).png,z,0,6,train,1.0,14.0,1.0,1
vegan (6).png,z,1,6,train,0.0,0.0,0.0,1
vegan (1).png,z,0,6,train,1.0,9.0,2.0,1
vegan (4).png,z,1,6,train,0.0,13.0,1.0,1
vegan (3).png,m,0,6,train,1.0,0.0,0.0,1
vegan (6).png,m,0,6,train,1.0,4.0,1.0,1
vegan (5).png,z,0,6,train,1.0,7.0,2.0,1
vegan (2).png,z,0,6,train,1.0,21.0,1.0,1
vegan (3).png,m,0,6,train,1.0,0.0,0.0,1
vegan (4).png,m,0,6,train,1.0,6.0,2.0,1
vegan (1).png,z,0,6,train,1.0,17.0,2.0,1
vegan (6).png,m,0,6,train,1.0,10.0,1.0,1
vegan (3).png,m,0,6,train,1.0,0.0,0.0,1
vegan (4).png,z,1,6,train,0.0,10.0,2.0,1
vegan (1).png,m,1,6,train,0.0,21.0,2.0,1
vegan (2).png,z,0,6,train,1.0,29.0,1.0,1
vegan (5).png,m,1,6,train,0.0,17.0,2.0,1
vegan (2).png,m,1,6,train,0.0,31.0,1.0,1
vegan (3).png,z,1,6,train,0.0,0.0,0.0,1
vegan (5).png,m,1,6,train,0.0,3.0,3.0,1
vegan (4).png,z,1,6,train,0.0,7.0,3.0,1
vegan (1).png,m,1,6,train,0.0,7.0,3.0,1
vegan (6).png,m,0,6,train,1.0,21.0,1.0,1
vegan (2).png,z,0,6,train,1.0,6.0,2.0,1
vegan (1).png,z,0,6,train,1.0,3.0,4.0,1
vegan (4).png,m,0,6,train,1.0,5.0,4.0,1
vegan (3).png,m,0,6,train,1.0,8.0,1.0,1
vegan (5).png,z,0,6,train,1.0,8.0,4.0,1
vegan (6).png,m,0,6,train,1.0,27.0,1.0,1
vegan (3).png,m,0,6,train,1.0,11.0,1.0,1
vegan (2).png,z,0,6,train,1.0,13.0,2.0,1
vegan (6).png,m,0,6,train,1.0,30.0,1.0,1
vegan (1).png,m,1,6,train,0.0,11.0,4.0,1
vegan (4).png,m,0,6,train,1.0,13.0,4.0,1
vegan (5).png,z,0,6,train,1.0,15.0,4.0,1
vegan (2).png,z,0,6,train,1.0,18.0,2.0,1
vegan (6).png,z,1,6,train,0.0,35.0,1.0,1
vegan (3).png,m,0,6,train,1.0,19.0,1.0,1
vegan (1).png,m,1,6,train,0.0,6.0,5.0,1
vegan (4).png,z,1,6,train,0.0,19.0,4.0,1
vegan (5).png,m,1,6,train,0.0,21.0,4.0,1
vegan (3).png,m,0,6,train,1.0,23.0,1.0,1
vegan (5).png,z,0,6,train,1.0,2.0,5.0,1
vegan (2).png,m,1,6,train,0.0,26.0,2.0,1
vegan (6).png,m,0,6,train,1.0,8.0,2.0,1
vegan (1).png,z,0,6,train,1.0,7.0,6.0,1
vegan (4).png,z,1,6,train,0.0,7.0,5.0,1
vegan (5).png,m,1,6,train,0.0,7.0,5.0,1
vegan (2).png,z,0,6,train,1.0,5.0,3.0,1
vegan (1).png,m,1,6,train,0.0,11.0,6.0,1
vegan (4).png,m,0,6,train,1.0,4.0,6.0,1
vegan (3).png,m,0,6,train,1.0,33.0,1.0,1
vegan (6).png,m,0,6,train,1.0,16.0,2.0,1
vegan (5).png,z,0,6,train,1.0,6.0,6.0,1
vegan (1).png,z,0,6,train,1.0,5.0,7.0,1
vegan (2).png,z,0,6,train,1.0,12.0,3.0,1
vegan (4).png,m,0,6,train,1.0,10.0,6.0,1
vegan (3).png,m,0,6,train,1.0,39.0,1.0,1
vegan (6).png,m,0,6,train,1.0,22.0,2.0,1
animal (1).png,z,1,3,train,0.0,0.0,0.0,1
animal (2).png,m,1,3,train,0.0,0.0,0.0,1
animal (3).png,m,1,3,train,0.0,0.0,0.0,1
animal (1).png,z,1,3,train,0.0,3.0,1.0,1
animal (3).png,m,1,3,train,0.0,2.0,1.0,1
animal (2).png,m,1,3,train,0.0,4.0,1.0,1
animal (2).png,m,1,3,train,0.0,1.0,2.0,1
animal (3).png,m,1,3,train,0.0,3.0,2.0,1
animal (1).png,z,1,3,train,0.0,5.0,2.0,1
animal (1).png,z,1,3,train,0.0,1.0,3.0,1
animal (2).png,m,1,3,train,0.0,4.0,3.0,1
animal (3).png,m,1,3,train,0.0,4.0,3.0,1
animal (1).png,z,1,3,train,0.0,3.0,4.0,1
animal (3).png,m,1,3,train,0.0,2.0,4.0,1
animal (2).png,m,1,3,train,0.0,4.0,4.0,1
animal (2).png,m,1,3,train,0.0,1.0,5.0,1
animal (3).png,m,1,3,train,0.0,3.0,5.0,1
animal (1).png,z,1,3,train,0.0,5.0,5.0,1
animal (3).png,m,1,3,train,0.0,2.0,6.0,1
animal (2).png,m,1,3,train,0.0,4.0,6.0,1
animal (1).png,z,1,3,train,0.0,3.0,6.0,1
animal (1).png,z,1,3,train,0.0,1.0,7.0,1
animal (3).png,m,1,3,train,0.0,4.0,7.0,1
animal (2).png,m,1,3,train,0.0,4.0,7.0,1
animal (2).png,m,1,3,train,0.0,1.0,8.0,1
animal (3).png,m,1,3,train,0.0,3.0,8.0,1
animal (1).png,z,1,3,train,0.0,5.0,8.0,1
animal (3).png,m,1,3,train,0.0,2.0,9.0,1
animal (1).png,z,1,3,train,0.0,2.0,9.0,1
animal (2).png,m,1,3,train,0.0,5.0,9.0,1
animal (2).png,m,1,3,train,0.0,1.0,10.0,1
animal (3).png,m,1,3,train,0.0,4.0,10.0,1
animal (2).png,m,1,3,train,0.0,2.0,11.0,1
animal (1).png,z,1,3,train,0.0,5.0,10.0,1
animal (3).png,m,1,3,train,0.0,3.0,11.0,1
animal (1).png,z,1,3,train,0.0,2.0,11.0,1
fruits (3).png,m,0,6,train,0.0,0.0,0.0,1
fruits (6).png,z,1,6,train,0.0,0.0,0.0,1
fruits (4).png,z,1,6,train,0.0,0.0,0.0,1
fruits (5).png,z,0,6,train,0.0,0.0,0.0,1
fruits (1).png,z,0,6,train,0.0,0.0,0.0,1
fruits (2).png,z,0,6,train,0.0,0.0,0.0,1
fruits (6).png,m,0,6,train,0.0,5.0,1.0,1
fruits (1).png,m,1,6,train,0.0,0.0,0.0,1
fruits (5).png,m,1,6,train,0.0,0.0,0.0,1
fruits (4).png,z,1,6,train,0.0,7.0,1.0,1
fruits (2).png,z,0,6,train,1.0,0.0,0.0,1
fruits (3).png,z,1,6,train,0.0,0.0,0.0,1
fruits (1).png,m,1,6,train,0.0,5.0,1.0,1
fruits (3).png,m,0,6,train,1.0,2.0,1.0,1
fruits (2).png,z,0,6,train,1.0,0.0,0.0,1
fruits (6).png,m,0,6,train,1.0,14.0,1.0,1
fruits (5).png,z,0,6,train,1.0,8.0,1.0,1
fruits (4).png,z,1,6,train,0.0,8.0,2.0,1
fruits (5).png,m,1,6,train,0.0,10.0,1.0,1
fruits (2).png,m,1,6,train,0.0,0.0,0.0,1
fruits (6).png,m,0,6,train,1.0,19.0,1.0,1
fruits (1).png,z,0,6,train,1.0,9.0,2.0,1
fruits (4).png,z,1,6,train,0.0,5.0,3.0,1
fruits (3).png,m,0,6,train,1.0,12.0,1.0,1
fruits (6).png,m,0,6,train,1.0,23.0,1.0,1
fruits (5).png,z,0,6,train,1.0,7.0,2.0,1
fruits (2).png,z,0,6,train,1.0,7.0,1.0,1
fruits (3).png,z,1,6,train,0.0,16.0,1.0,1
fruits (4).png,z,1,6,train,0.0,6.0,4.0,1
fruits (1).png,z,0,6,train,1.0,17.0,2.0,1
fruits (6).png,z,1,6,train,0.0,29.0,1.0,1
fruits (3).png,m,0,6,train,1.0,4.0,2.0,1
fruits (4).png,z,1,6,train,0.0,4.0,5.0,1
fruits (1).png,m,1,6,train,0.0,21.0,2.0,1
fruits (2).png,m,1,6,train,0.0,15.0,1.0,1
fruits (5).png,m,1,6,train,0.0,17.0,2.0,1
fruits (2).png,m,1,6,train,0.0,2.0,2.0,1
fruits (3).png,z,1,6,train,0.0,10.0,2.0,1
fruits (5).png,m,1,6,train,0.0,3.0,3.0,1
fruits (4).png,z,1,6,train,0.0,7.0,6.0,1
fruits (1).png,m,1,6,train,0.0,7.0,3.0,1
fruits (6).png,m,0,6,train,1.0,11.0,2.0,1
fruits (2).png,m,1,6,train,0.0,6.0,3.0,1
fruits (1).png,m,1,6,train,0.0,3.0,4.0,1
fruits (4).png,z,1,6,train,0.0,5.0,7.0,1
fruits (3).png,m,0,6,train,1.0,8.0,3.0,1
fruits (5).png,m,1,6,train,0.0,8.0,4.0,1
fruits (6).png,z,1,6,train,0.0,17.0,2.0,1
fruits (3).png,z,1,6,train,0.0,11.0,3.0,1
fruits (2).png,z,0,6,train,1.0,7.0,4.0,1
fruits (6).png,z,1,6,train,0.0,3.0,3.0,1
fruits (1).png,m,1,6,train,0.0,8.0,5.0,1
fruits (4).png,z,1,6,train,0.0,8.0,8.0,1
fruits (5).png,m,1,6,train,0.0,7.0,5.0,1
fruits (2).png,m,1,6,train,0.0,12.0,4.0,1
fruits (6).png,z,1,6,train,0.0,5.0,4.0,1
fruits (3).png,z,1,6,train,0.0,8.0,4.0,1
fruits (1).png,m,1,6,train,0.0,6.0,6.0,1
fruits (4).png,z,1,6,train,0.0,6.0,9.0,1
fruits (5).png,m,1,6,train,0.0,6.0,6.0,1
fruits (3).png,m,0,6,train,1.0,4.0,5.0,1
fruits (5).png,z,0,6,train,1.0,2.0,7.0,1
fruits (2).png,m,1,6,train,0.0,8.0,5.0,1
fruits (6).png,z,1,6,train,0.0,8.0,5.0,1
fruits (1).png,m,1,6,train,0.0,7.0,7.0,1
fruits (4).png,z,1,6,train,0.0,7.0,10.0,1
fruits (5).png,m,1,6,train,0.0,7.0,7.0,1
fruits (2).png,z,0,6,train,1.0,5.0,6.0,1
fruits (1).png,m,1,6,train,0.0,4.0,8.0,1
fruits (4).png,z,1,6,train,0.0,4.0,11.0,1
fruits (3).png,z,1,6,train,0.0,14.0,5.0,1
fruits (6).png,z,1,6,train,0.0,8.0,6.0,1
fruits (5).png,m,1,6,train,0.0,6.0,8.0,1
fruits (1).png,m,1,6,train,0.0,5.0,9.0,1
fruits (2).png,m,1,6,train,0.0,12.0,6.0,1
fruits (4).png,z,1,6,train,0.0,6.0,12.0,1
fruits (3).png,z,1,6,train,0.0,6.0,6.0,1
fruits (6).png,m,0,6,train,1.0,6.0,7.0,1
tools (1).png,m,0,3,train,0.0,0.0,0.0,1
tools (2).png,m,1,3,train,0.0,0.0,0.0,1
tools (3).png,m,1,3,train,0.0,0.0,0.0,1
tools (1).png,z,1,3,train,0.0,0.0,0.0,1
tools (3).png,m,1,3,train,0.0,2.0,1.0,1
tools (2).png,m,1,3,train,0.0,4.0,1.0,1
tools (2).png,m,1,3,train,0.0,1.0,2.0,1
tools (3).png,m,1,3,train,0.0,3.0,2.0,1
tools (1).png,z,1,3,train,0.0,5.0,1.0,1
tools (1).png,m,0,3,train,1.0,1.0,2.0,1
tools (2).png,m,1,3,train,0.0,4.0,3.0,1
tools (3).png,m,1,3,train,0.0,4.0,3.0,1
tools (1).png,z,1,3,train,0.0,4.0,2.0,1
tools (3).png,m,1,3,train,0.0,2.0,4.0,1
tools (2).png,m,1,3,train,0.0,4.0,4.0,1
tools (2).png,m,1,3,train,0.0,1.0,5.0,1
tools (3).png,m,1,3,train,0.0,3.0,5.0,1
tools (1).png,z,1,3,train,0.0,5.0,3.0,1
tools (3).png,m,1,3,train,0.0,2.0,6.0,1
tools (2).png,m,1,3,train,0.0,4.0,6.0,1
tools (1).png,z,1,3,train,0.0,3.0,4.0,1
tools (1).png,z,1,3,train,0.0,1.0,5.0,1
tools (3).png,m,1,3,train,0.0,4.0,7.0,1
tools (2).png,m,1,3,train,0.0,4.0,7.0,1
tools (2).png,m,1,3,train,0.0,1.0,8.0,1
tools (3).png,m,1,3,train,0.0,3.0,8.0,1
tools (1).png,z,1,3,train,0.0,5.0,6.0,1
tools (3).png,m,1,3,train,0.0,2.0,9.0,1
tools (1).png,z,1,3,train,0.0,2.0,7.0,1
tools (2).png,m,1,3,train,0.0,5.0,9.0,1
tools (2).png,m,1,3,train,0.0,1.0,10.0,1
tools (3).png,m,1,3,train,0.0,4.0,10.0,1
tools (2).png,m,1,3,train,0.0,2.0,11.0,1
tools (1).png,z,1,3,train,0.0,5.0,8.0,1
tools (3).png,m,1,3,train,0.0,3.0,11.0,1
tools (1).png,z,1,3,train,0.0,2.0,9.0,1
clothes (3).png,m,0,6,train,0.0,0.0,0.0,1
clothes (6).png,m,0,6,train,0.0,0.0,0.0,1
clothes (4).png,m,0,6,train,0.0,0.0,0.0,1
clothes (5).png,m,1,6,train,0.0,0.0,0.0,1
clothes (1).png,z,0,6,train,0.0,0.0,0.0,1
clothes (2).png,m,1,6,train,0.0,0.0,0.0,1
clothes (6).png,z,1,6,train,0.0,0.0,0.0,1
clothes (1).png,m,1,6,train,0.0,0.0,0.0,1
clothes (5).png,z,0,6,train,0.0,5.0,1.0,1
clothes (4).png,z,1,6,train,0.0,0.0,0.0,1
clothes (2).png,z,0,6,train,0.0,5.0,1.0,1
clothes (3).png,z,1,6,train,0.0,0.0,0.0,1
clothes (1).png,z,0,6,train,1.0,5.0,1.0,1
clothes (3).png,z,1,6,train,0.0,2.0,1.0,1
clothes (2).png,m,1,6,train,0.0,9.0,1.0,1
clothes (6).png,z,1,6,train,0.0,9.0,1.0,1
clothes (5).png,m,1,6,train,0.0,13.0,1.0,1
clothes (4).png,z,1,6,train,0.0,8.0,1.0,1
clothes (5).png,m,1,6,train,0.0,2.0,2.0,1
clothes (2).png,z,0,6,train,1.0,5.0,2.0,1
clothes (6).png,z,1,6,train,0.0,5.0,2.0,1
clothes (1).png,z,0,6,train,1.0,14.0,1.0,1
clothes (4).png,z,1,6,train,0.0,5.0,2.0,1
clothes (3).png,z,1,6,train,0.0,10.0,2.0,1
clothes (6).png,z,1,6,train,0.0,4.0,3.0,1
clothes (5).png,m,1,6,train,0.0,7.0,3.0,1
clothes (2).png,m,1,6,train,0.0,12.0,2.0,1
clothes (3).png,z,1,6,train,0.0,4.0,3.0,1
clothes (4).png,z,1,6,train,0.0,6.0,3.0,1
clothes (1).png,m,1,6,train,0.0,22.0,1.0,1
clothes (6).png,z,1,6,train,0.0,6.0,4.0,1
clothes (3).png,z,1,6,train,0.0,4.0,4.0,1
clothes (4).png,z,1,6,train,0.0,4.0,4.0,1
clothes (1).png,m,1,6,train,0.0,4.0,2.0,1
clothes (2).png,m,1,6,train,0.0,8.0,3.0,1
clothes (5).png,m,1,6,train,0.0,10.0,4.0,1
clothes (2).png,m,1,6,train,0.0,2.0,4.0,1
clothes (3).png,z,1,6,train,0.0,6.0,5.0,1
clothes (5).png,m,1,6,train,0.0,3.0,5.0,1
clothes (4).png,z,1,6,train,0.0,7.0,5.0,1
clothes (1).png,m,1,6,train,0.0,7.0,3.0,1
clothes (6).png,z,1,6,train,0.0,11.0,5.0,1
clothes (2).png,m,1,6,train,0.0,6.0,5.0,1
clothes (1).png,z,0,6,train,1.0,3.0,4.0,1
clothes (4).png,z,1,6,train,0.0,5.0,6.0,1
clothes (3).png,z,1,6,train,0.0,8.0,6.0,1
clothes (5).png,m,1,6,train,0.0,8.0,6.0,1
clothes (6).png,z,1,6,train,0.0,6.0,6.0,1
clothes (3).png,z,1,6,train,0.0,3.0,7.0,1
clothes (2).png,m,1,6,train,0.0,7.0,6.0,1
clothes (6).png,z,1,6,train,0.0,3.0,7.0,1
clothes (1).png,m,1,6,train,0.0,11.0,4.0,1
clothes (4).png,z,1,6,train,0.0,8.0,7.0,1
clothes (5).png,m,1,6,train,0.0,7.0,7.0,1
clothes (2).png,m,1,6,train,0.0,5.0,7.0,1
clothes (6).png,z,1,6,train,0.0,5.0,8.0,1
clothes (3).png,z,1,6,train,0.0,8.0,8.0,1
clothes (1).png,z,0,6,train,1.0,6.0,5.0,1
clothes (4).png,z,1,6,train,0.0,6.0,8.0,1
clothes (5).png,m,1,6,train,0.0,6.0,8.0,1
clothes (3).png,z,1,6,train,0.0,4.0,9.0,1
clothes (5).png,m,1,6,train,0.0,2.0,9.0,1
clothes (2).png,m,1,6,train,0.0,8.0,8.0,1
clothes (6).png,z,1,6,train,0.0,8.0,9.0,1
clothes (1).png,z,0,6,train,1.0,13.0,5.0,1
clothes (4).png,z,1,6,train,0.0,7.0,9.0,1
clothes (5).png,m,1,6,train,0.0,5.0,10.0,1
clothes (2).png,m,1,6,train,0.0,5.0,9.0,1
clothes (1).png,m,1,6,train,0.0,17.0,5.0,1
clothes (4).png,z,1,6,train,0.0,4.0,10.0,1
clothes (3).png,z,1,6,train,0.0,10.0,10.0,1
clothes (6).png,z,1,6,train,0.0,8.0,10.0,1
clothes (5).png,m,1,6,train,0.0,6.0,11.0,1
clothes (1).png,m,1,6,train,0.0,5.0,6.0,1
clothes (2).png,m,1,6,train,0.0,7.0,10.0,1
clothes (4).png,z,1,6,train,0.0,6.0,11.0,1
clothes (3).png,z,1,6,train,0.0,6.0,11.0,1
clothes (6).png,z,1,6,train,0.0,6.0,11.0,1
face (1).png,m,0,3,train,0.0,0.0,0.0,1
face (2).png,m,1,3,train,0.0,0.0,0.0,1
face (3).png,m,1,3,train,0.0,0.0,0.0,1
face (1).png,z,1,3,train,0.0,0.0,0.0,1
face (3).png,m,1,3,train,0.0,2.0,1.0,1
face (2).png,m,1,3,train,0.0,4.0,1.0,1
face (2).png,m,1,3,train,0.0,1.0,2.0,1
face (3).png,m,1,3,train,0.0,3.0,2.0,1
face (1).png,z,1,3,train,0.0,5.0,1.0,1
face (1).png,z,1,3,train,0.0,1.0,2.0,1
face (2).png,m,1,3,train,0.0,4.0,3.0,1
face (3).png,m,1,3,train,0.0,4.0,3.0,1
face (1).png,z,1,3,train,0.0,3.0,3.0,1
face (3).png,m,1,3,train,0.0,2.0,4.0,1
face (2).png,m,1,3,train,0.0,4.0,4.0,1
face (2).png,m,1,3,train,0.0,1.0,5.0,1
face (3).png,m,1,3,train,0.0,3.0,5.0,1
face (1).png,z,1,3,train,0.0,5.0,4.0,1
face (3).png,m,1,3,train,0.0,2.0,6.0,1
face (2).png,m,1,3,train,0.0,4.0,6.0,1
face (1).png,z,1,3,train,0.0,3.0,5.0,1
face (1).png,z,1,3,train,0.0,1.0,6.0,1
face (3).png,m,1,3,train,0.0,4.0,7.0,1
face (2).png,m,1,3,train,0.0,4.0,7.0,1
face (2).png,m,1,3,train,0.0,1.0,8.0,1
face (3).png,m,1,3,train,0.0,3.0,8.0,1
face (1).png,z,1,3,train,0.0,5.0,7.0,1
face (3).png,m,1,3,train,0.0,2.0,9.0,1
face (1).png,z,1,3,train,0.0,2.0,8.0,1
face (2).png,m,1,3,train,0.0,5.0,9.0,1
face (2).png,m,1,3,train,0.0,1.0,10.0,1
face (3).png,m,1,3,train,0.0,4.0,10.0,1
face (2).png,m,1,3,train,0.0,2.0,11.0,1
face (1).png,m,0,3,train,1.0,5.0,9.0,1
face (3).png,m,1,3,train,0.0,3.0,11.0,1
face (1).png,z,1,3,train,0.0,7.0,9.0,1
color (3).png,m,0,6,train,0.0,0.0,0.0,1
color (6).png,m,0,6,train,0.0,0.0,0.0,1
color (4).png,m,0,6,train,0.0,0.0,0.0,1
color (5).png,m,1,6,train,0.0,0.0,0.0,1
color (1).png,m,1,6,train,0.0,0.0,0.0,1
color (2).png,m,1,6,train,0.0,0.0,0.0,1
color (6).png,z,1,6,train,0.0,0.0,0.0,1
color (1).png,m,1,6,train,0.0,3.0,1.0,1
color (5).png,m,1,6,train,0.0,5.0,1.0,1
color (4).png,z,1,6,train,0.0,0.0,0.0,1
color (2).png,m,1,6,train,0.0,5.0,1.0,1
color (3).png,z,1,6,train,0.0,0.0,0.0,1
color (1).png,m,1,6,train,0.0,5.0,2.0,1
color (3).png,m,0,6,train,1.0,2.0,1.0,1
color (2).png,m,1,6,train,0.0,4.0,2.0,1
color (6).png,z,1,6,train,0.0,9.0,1.0,1
color (5).png,m,1,6,train,0.0,8.0,2.0,1
color (4).png,z,1,6,train,0.0,8.0,1.0,1
color (5).png,m,1,6,train,0.0,2.0,3.0,1
color (2).png,m,1,6,train,0.0,5.0,3.0,1
color (6).png,z,1,6,train,0.0,5.0,2.0,1
color (1).png,m,1,6,train,0.0,9.0,3.0,1
color (4).png,z,1,6,train,0.0,5.0,2.0,1
color (3).png,z,1,6,train,0.0,12.0,1.0,1
color (6).png,z,1,6,train,0.0,4.0,3.0,1
color (5).png,m,1,6,train,0.0,7.0,4.0,1
color (2).png,m,1,6,train,0.0,7.0,4.0,1
color (3).png,z,1,6,train,0.0,4.0,2.0,1
color (4).png,z,1,6,train,0.0,6.0,3.0,1
color (1).png,m,1,6,train,0.0,8.0,4.0,1
color (6).png,z,1,6,train,0.0,6.0,4.0,1
color (3).png,z,1,6,train,0.0,4.0,3.0,1
color (4).png,z,1,6,train,0.0,4.0,4.0,1
color (1).png,m,1,6,train,0.0,4.0,5.0,1
color (2).png,m,1,6,train,0.0,8.0,5.0,1
color (5).png,m,1,6,train,0.0,10.0,5.0,1
color (2).png,m,1,6,train,0.0,2.0,6.0,1
color (3).png,z,1,6,train,0.0,6.0,4.0,1
color (5).png,m,1,6,train,0.0,3.0,6.0,1
color (4).png,z,1,6,train,0.0,7.0,5.0,1
color (1).png,m,1,6,train,0.0,7.0,6.0,1
color (6).png,z,1,6,train,0.0,11.0,5.0,1
color (2).png,m,1,6,train,0.0,6.0,7.0,1
color (1).png,m,1,6,train,0.0,3.0,7.0,1
color (4).png,z,1,6,train,0.0,5.0,6.0,1
color (3).png,z,1,6,train,0.0,8.0,5.0,1
color (5).png,m,1,6,train,0.0,8.0,7.0,1
color (6).png,z,1,6,train,0.0,6.0,6.0,1
color (3).png,z,1,6,train,0.0,3.0,6.0,1
color (2).png,z,0,6,train,0.0,7.0,8.0,1
color (6).png,z,1,6,train,0.0,3.0,7.0,1
color (1).png,m,1,6,train,0.0,8.0,8.0,1
color (4).png,z,1,6,train,0.0,8.0,7.0,1
color (5).png,m,1,6,train,0.0,7.0,8.0,1
color (2).png,m,1,6,train,0.0,12.0,8.0,1
color (6).png,z,1,6,train,0.0,5.0,8.0,1
color (3).png,z,1,6,train,0.0,8.0,7.0,1
color (1).png,m,1,6,train,0.0,6.0,9.0,1
color (4).png,z,1,6,train,0.0,6.0,8.0,1
color (5).png,m,1,6,train,0.0,6.0,9.0,1
color (3).png,z,1,6,train,0.0,4.0,8.0,1
color (5).png,m,1,6,train,0.0,2.0,10.0,1
color (2).png,m,1,6,train,0.0,8.0,9.0,1
color (6).png,z,1,6,train,0.0,8.0,9.0,1
color (1).png,m,1,6,train,0.0,7.0,10.0,1
color (4).png,z,1,6,train,0.0,7.0,9.0,1
color (5).png,m,1,6,train,0.0,5.0,11.0,1
color (2).png,m,1,6,train,0.0,5.0,10.0,1
color (1).png,m,1,6,train,0.0,4.0,11.0,1
color (4).png,z,1,6,train,0.0,4.0,10.0,1
color (3).png,z,1,6,train,0.0,10.0,9.0,1
color (6).png,z,1,6,train,0.0,8.0,10.0,1
color (5).png,m,1,6,train,0.0,6.0,12.0,1
color (1).png,m,1,6,train,0.0,5.0,12.0,1
color (2).png,m,1,6,train,0.0,7.0,11.0,1
color (4).png,z,1,6,train,0.0,6.0,11.0,1
color (3).png,z,1,6,train,0.0,6.0,10.0,1
color (6).png,z,1,6,train,0.0,6.0,11.0,1
symbol (1).png,m,0,3,train,0.0,0.0,0.0,1
symbol (2).png,m,1,3,train,0.0,0.0,0.0,1
symbol (3).png,m,1,3,train,0.0,0.0,0.0,1
symbol (1).png,z,1,3,train,0.0,0.0,0.0,1
symbol (3).png,m,1,3,train,0.0,2.0,1.0,1
symbol (2).png,m,1,3,train,0.0,4.0,1.0,1
symbol (2).png,m,1,3,train,0.0,1.0,2.0,1
symbol (3).png,m,1,3,train,0.0,3.0,2.0,1
symbol (1).png,z,1,3,train,0.0,5.0,1.0,1
symbol (1).png,z,1,3,train,0.0,1.0,2.0,1
symbol (2).png,m,1,3,train,0.0,4.0,3.0,1
symbol (3).png,m,1,3,train,0.0,4.0,3.0,1
symbol (1).png,z,1,3,train,0.0,3.0,3.0,1
symbol (3).png,m,1,3,train,0.0,2.0,4.0,1
symbol (2).png,m,1,3,train,0.0,4.0,4.0,1
symbol (2).png,m,1,3,train,0.0,1.0,5.0,1
symbol (3).png,m,1,3,train,0.0,3.0,5.0,1
symbol (1).png,z,1,3,train,0.0,5.0,4.0,1
symbol (3).png,z,0,3,train,0.0,2.0,6.0,1
symbol (2).png,m,1,3,train,0.0,4.0,6.0,1
symbol (1).png,z,1,3,train,0.0,3.0,5.0,1
symbol (1).png,z,1,3,train,0.0,1.0,6.0,1
symbol (3).png,m,1,3,train,0.0,6.0,6.0,1
symbol (2).png,m,1,3,train,0.0,4.0,7.0,1
symbol (2).png,m,1,3,train,0.0,1.0,8.0,1
symbol (3).png,m,1,3,train,0.0,3.0,7.0,1
symbol (1).png,z,1,3,train,0.0,5.0,7.0,1
symbol (3).png,m,1,3,train,0.0,2.0,8.0,1
symbol (1).png,z,1,3,train,0.0,2.0,8.0,1
symbol (2).png,m,1,3,train,0.0,5.0,9.0,1
symbol (2).png,m,1,3,train,0.0,1.0,10.0,1
symbol (3).png,m,1,3,train,0.0,4.0,9.0,1
symbol (2).png,m,1,3,train,0.0,2.0,11.0,1
symbol (1).png,z,1,3,train,0.0,5.0,9.0,1
symbol (3).png,m,1,3,train,0.0,3.0,10.0,1
symbol (1).png,z,1,3,train,0.0,2.0,10.0,1
environment (3).png,m,0,6,train,0.0,0.0,0.0,1
environment (6).png,m,0,6,train,0.0,0.0,0.0,1
environment (4).png,m,0,6,train,0.0,0.0,0.0,1
environment (5).png,m,1,6,train,0.0,0.0,0.0,1
environment (1).png,m,1,6,train,0.0,0.0,0.0,1
environment (2).png,m,1,6,train,0.0,0.0,0.0,1
environment (6).png,m,0,6,train,1.0,0.0,0.0,1
environment (1).png,z,0,6,train,0.0,3.0,1.0,1
environment (5).png,m,1,6,train,0.0,5.0,1.0,1
environment (4).png,z,1,6,train,0.0,0.0,0.0,1
environment (2).png,m,1,6,train,0.0,5.0,1.0,1
environment (3).png,z,1,6,train,0.0,0.0,0.0,1
environment (1).png,m,1,6,train,0.0,8.0,1.0,1
environment (3).png,z,1,6,train,0.0,2.0,1.0,1
environment (2).png,m,1,6,train,0.0,4.0,2.0,1
environment (6).png,z,1,6,train,0.0,0.0,0.0,1
environment (5).png,z,0,6,train,0.0,8.0,2.0,1
environment (4).png,z,1,6,train,0.0,8.0,1.0,1
environment (5).png,m,1,6,train,0.0,10.0,2.0,1
environment (2).png,m,1,6,train,0.0,5.0,3.0,1
environment (6).png,z,1,6,train,0.0,5.0,1.0,1
environment (1).png,m,1,6,train,0.0,9.0,2.0,1
environment (4).png,z,1,6,train,0.0,5.0,2.0,1
environment (3).png,z,1,6,train,0.0,10.0,2.0,1
environment (6).png,z,1,6,train,0.0,4.0,2.0,1
environment (5).png,m,1,6,train,0.0,7.0,3.0,1
environment (2).png,m,1,6,train,0.0,7.0,4.0,1
environment (3).png,z,1,6,train,0.0,4.0,3.0,1
environment (4).png,z,1,6,train,0.0,6.0,3.0,1
environment (1).png,m,1,6,train,0.0,8.0,3.0,1
environment (6).png,z,1,6,train,0.0,6.0,3.0,1
environment (3).png,z,1,6,train,0.0,4.0,4.0,1
environment (4).png,z,1,6,train,0.0,4.0,4.0,1
environment (1).png,m,1,6,train,0.0,4.0,4.0,1
environment (2).png,m,1,6,train,0.0,8.0,5.0,1
environment (5).png,m,1,6,train,0.0,10.0,4.0,1
environment (2).png,m,1,6,train,0.0,2.0,6.0,1
environment (3).png,z,1,6,train,0.0,6.0,5.0,1
environment (5).png,m,1,6,train,0.0,3.0,5.0,1
environment (4).png,z,1,6,train,0.0,7.0,5.0,1
environment (1).png,m,1,6,train,0.0,7.0,5.0,1
environment (6).png,z,1,6,train,0.0,11.0,4.0,1
environment (2).png,m,1,6,train,0.0,6.0,7.0,1
environment (1).png,m,1,6,train,0.0,3.0,6.0,1
environment (4).png,z,1,6,train,0.0,5.0,6.0,1
environment (3).png,z,1,6,train,0.0,8.0,6.0,1
environment (5).png,m,1,6,train,0.0,8.0,6.0,1
environment (6).png,z,1,6,train,0.0,6.0,5.0,1
environment (3).png,z,1,6,train,0.0,3.0,7.0,1
environment (2).png,m,1,6,train,0.0,7.0,8.0,1
environment (6).png,z,1,6,train,0.0,3.0,6.0,1
environment (1).png,m,1,6,train,0.0,8.0,7.0,1
environment (4).png,z,1,6,train,0.0,8.0,7.0,1
environment (5).png,m,1,6,train,0.0,7.0,7.0,1
environment (2).png,m,1,6,train,0.0,5.0,9.0,1
environment (6).png,z,1,6,train,0.0,5.0,7.0,1
environment (3).png,z,1,6,train,0.0,8.0,8.0,1
environment (1).png,m,1,6,train,0.0,6.0,8.0,1
environment (4).png,z,1,6,train,0.0,6.0,8.0,1
environment (5).png,m,1,6,train,0.0,6.0,8.0,1
environment (3).png,z,1,6,train,0.0,4.0,9.0,1
environment (5).png,m,1,6,train,0.0,2.0,9.0,1
environment (2).png,m,1,6,train,0.0,8.0,10.0,1
environment (6).png,z,1,6,train,0.0,8.0,8.0,1
environment (1).png,m,1,6,train,0.0,7.0,9.0,1
environment (4).png,z,1,6,train,0.0,7.0,9.0,1
environment (5).png,m,1,6,train,0.0,5.0,10.0,1
environment (2).png,m,1,6,train,0.0,5.0,11.0,1
environment (1).png,m,1,6,train,0.0,4.0,10.0,1
environment (4).png,z,1,6,train,0.0,4.0,10.0,1
environment (3).png,z,1,6,train,0.0,10.0,10.0,1
environment (6).png,z,1,6,train,0.0,8.0,9.0,1
environment (5).png,m,1,6,train,0.0,6.0,11.0,1
environment (1).png,m,1,6,train,0.0,5.0,11.0,1
environment (2).png,m,1,6,train,0.0,7.0,12.0,1
environment (4).png,z,1,6,train,0.0,6.0,11.0,1
environment (3).png,z,1,6,train,0.0,6.0,11.0,1
environment (6).png,z,1,6,train,0.0,6.0,10.0,1
vehicle (1).png,m,0,3,train,0.0,0.0,0.0,1
vehicle (2).png,m,1,3,train,0.0,0.0,0.0,1
vehicle (3).png,m,1,3,train,0.0,0.0,0.0,1
vehicle (1).png,z,1,3,train,0.0,0.0,0.0,1
vehicle (3).png,m,1,3,train,0.0,2.0,1.0,1
vehicle (2).png,m,1,3,train,0.0,4.0,1.0,1
vehicle (2).png,m,1,3,train,0.0,1.0,2.0,1
vehicle (3).png,m,1,3,train,0.0,3.0,2.0,1
vehicle (1).png,z,1,3,train,0.0,5.0,1.0,1
vehicle (1).png,z,1,3,train,0.0,1.0,2.0,1
vehicle (2).png,m,1,3,train,0.0,4.0,3.0,1
vehicle (3).png,m,1,3,train,0.0,4.0,3.0,1
vehicle (1).png,z,1,3,train,0.0,3.0,3.0,1
vehicle (3).png,m,1,3,train,0.0,2.0,4.0,1
vehicle (2).png,m,1,3,train,0.0,4.0,4.0,1
vehicle (2).png,m,1,3,train,0.0,1.0,5.0,1
vehicle (3).png,z,0,3,train,0.0,3.0,5.0,1
vehicle (1).png,z,1,3,train,0.0,5.0,4.0,1
vehicle (3).png,z,0,3,train,1.0,5.0,5.0,1
vehicle (2).png,m,1,3,train,0.0,4.0,6.0,1
vehicle (1).png,z,1,3,train,0.0,3.0,5.0,1
vehicle (1).png,z,1,3,train,0.0,1.0,6.0,1
vehicle (3).png,m,1,3,train,0.0,9.0,5.0,1
vehicle (2).png,m,1,3,train,0.0,4.0,7.0,1
vehicle (2).png,m,1,3,train,0.0,1.0,8.0,1
vehicle (3).png,m,1,3,train,0.0,3.0,6.0,1
vehicle (1).png,z,1,3,train,0.0,5.0,7.0,1
vehicle (3).png,m,1,3,train,0.0,2.0,7.0,1
vehicle (1).png,z,1,3,train,0.0,2.0,8.0,1
vehicle (2).png,m,1,3,train,0.0,5.0,9.0,1
vehicle (2).png,m,1,3,train,0.0,1.0,10.0,1
vehicle (3).png,m,1,3,train,0.0,4.0,8.0,1
vehicle (2).png,m,1,3,train,0.0,2.0,11.0,1
vehicle (1).png,z,1,3,train,0.0,5.0,9.0,1
vehicle (3).png,m,1,3,train,0.0,3.0,9.0,1
vehicle (1).png,z,1,3,train,0.0,2.0,10.0,1
instrument (1).png,m,0,3,train,0.0,0.0,0.0,1
instrument (2).png,m,1,3,train,0.0,0.0,0.0,1
instrument (3).png,m,1,3,train,0.0,0.0,0.0,1
instrument (1).png,z,1,3,train,0.0,0.0,0.0,1
instrument (3).png,m,1,3,train,0.0,2.0,1.0,1
instrument (2).png,m,1,3,train,0.0,4.0,1.0,1
instrument (2).png,m,1,3,train,0.0,1.0,2.0,1
instrument (3).png,m,1,3,train,0.0,3.0,2.0,1
instrument (1).png,z,1,3,train,0.0,5.0,1.0,1
instrument (1).png,z,1,3,train,0.0,1.0,2.0,1
instrument (2).png,m,1,3,train,0.0,4.0,3.0,1
instrument (3).png,m,1,3,train,0.0,4.0,3.0,1
instrument (1).png,z,1,3,train,0.0,3.0,3.0,1
instrument (3).png,m,1,3,train,0.0,2.0,4.0,1
instrument (2).png,m,1,3,train,0.0,4.0,4.0,1
instrument (2).png,m,1,3,train,0.0,1.0,5.0,1
instrument (3).png,m,1,3,train,0.0,3.0,5.0,1
instrument (1).png,z,1,3,train,0.0,5.0,4.0,1
instrument (3).png,m,1,3,train,0.0,2.0,6.0,1
instrument (2).png,m,1,3,train,0.0,4.0,6.0,1
instrument (1).png,z,1,3,train,0.0,3.0,5.0,1
instrument (1).png,z,1,3,train,0.0,1.0,6.0,1
instrument (3).png,m,1,3,train,0.0,4.0,7.0,1
instrument (2).png,m,1,3,train,0.0,4.0,7.0,1
instrument (2).png,m,1,3,train,0.0,1.0,8.0,1
instrument (3).png,m,1,3,train,0.0,3.0,8.0,1
instrument (1).png,z,1,3,train,0.0,5.0,7.0,1
instrument (3).png,m,1,3,train,0.0,2.0,9.0,1
instrument (1).png,z,1,3,train,0.0,2.0,8.0,1
instrument (2).png,m,1,3,train,0.0,5.0,9.0,1
instrument (2).png,m,1,3,train,0.0,1.0,10.0,1
instrument (3).png,m,1,3,train,0.0,4.0,10.0,1
instrument (2).png,m,1,3,train,0.0,2.0,11.0,1
instrument (1).png,z,1,3,train,0.0,5.0,9.0,1
instrument (3).png,m,1,3,train,0.0,3.0,11.0,1
instrument (1).png,z,1,3,train,0.0,2.0,10.0,1
jungle2,m,0,3,train,0.0,0.0,0.0,2
jungle1,m,0,3,train,0.0,0.0,0.0,2
jungle3,m,1,3,train,0.0,0.0,0.0,2
jungle1,z,1,3,train,0.0,0.0,0.0,2
jungle3,m,1,3,train,0.0,2.0,1.0,2
jungle2,z,1,3,train,0.0,0.0,0.0,2
jungle3,m,1,3,train,0.0,2.0,2.0,2
jungle2,z,1,3,train,0.0,2.0,1.0,2
jungle1,z,1,3,train,0.0,5.0,1.0,2
jungle1,z,1,3,train,0.0,1.0,2.0,2
jungle2,z,1,3,train,0.0,3.0,2.0,2
jungle3,m,1,3,train,0.0,5.0,3.0,2
jungle3,m,1,3,train,0.0,1.0,4.0,2
jungle1,z,1,3,train,0.0,4.0,3.0,2
jungle2,z,1,3,train,0.0,4.0,3.0,2
jungle3,m,1,3,train,0.0,3.0,5.0,2
jungle1,z,1,3,train,0.0,3.0,4.0,2
jungle2,z,1,3,train,0.0,3.0,4.0,2
jungle1,z,1,3,train,0.0,2.0,5.0,2
jungle3,m,1,3,train,0.0,4.0,6.0,2
jungle2,z,1,3,train,0.0,3.0,5.0,2
jungle3,m,1,3,train,0.0,2.0,7.0,2
jungle2,m,0,3,train,1.0,2.0,6.0,2
jungle1,z,1,3,train,0.0,5.0,6.0,2
jungle2,z,1,3,train,0.0,4.0,6.0,2
jungle3,m,1,3,train,0.0,4.0,8.0,2
jungle1,z,1,3,train,0.0,3.0,7.0,2
jungle1,z,1,3,train,0.0,1.0,8.0,2
jungle2,z,1,3,train,0.0,4.0,7.0,2
jungle3,m,1,3,train,0.0,4.0,9.0,2
jungle2,z,1,3,train,0.0,2.0,8.0,2
jungle3,m,1,3,train,0.0,2.0,10.0,2
jungle1,z,1,3,train,0.0,5.0,9.0,2
jungle2,z,1,3,train,0.0,3.0,9.0,2
jungle1,z,1,3,train,0.0,2.0,10.0,2
jungle3,m,1,3,train,0.0,4.0,11.0,2
vegan (6),m,0,6,train,0.0,0.0,0.0,2
vegan (1),m,1,6,train,0.0,0.0,0.0,2
vegan (5),m,1,6,train,0.0,0.0,0.0,2
vegan (4),m,0,6,train,0.0,0.0,0.0,2
vegan (2),m,1,6,train,0.0,0.0,0.0,2
vegan (3),m,0,6,train,0.0,0.0,0.0,2
vegan (3),z,1,6,train,0.0,0.0,0.0,2
vegan (6),z,1,6,train,0.0,0.0,0.0,2
vegan (4),z,1,6,train,0.0,0.0,0.0,2
vegan (5),m,1,6,train,0.0,7.0,1.0,2
vegan (1),m,1,6,train,0.0,9.0,1.0,2
vegan (2),m,1,6,train,0.0,7.0,1.0,2
vegan (1),z,0,6,train,0.0,2.0,2.0,2
vegan (3),m,0,6,train,1.0,7.0,1.0,2
vegan (2),z,0,6,train,0.0,3.0,2.0,2
vegan (6),z,1,6,train,0.0,8.0,1.0,2
vegan (5),m,1,6,train,0.0,7.0,2.0,2
vegan (4),z,1,6,train,0.0,9.0,1.0,2
vegan (5),m,1,6,train,0.0,2.0,3.0,2
vegan (2),z,0,6,train,1.0,8.0,2.0,2
vegan (6),z,1,6,train,0.0,5.0,2.0,2
vegan (1),z,0,6,train,1.0,11.0,2.0,2
vegan (4),z,1,6,train,0.0,5.0,2.0,2
vegan (3),z,1,6,train,0.0,17.0,1.0,2
vegan (6),z,1,6,train,0.0,4.0,3.0,2
vegan (5),m,1,6,train,0.0,7.0,4.0,2
vegan (2),m,1,6,train,0.0,15.0,2.0,2
vegan (3),z,1,6,train,0.0,4.0,2.0,2
vegan (4),z,1,6,train,0.0,6.0,3.0,2
vegan (1),z,0,6,train,1.0,19.0,2.0,2
vegan (6),z,1,6,train,0.0,6.0,4.0,2
vegan (3),z,1,6,train,0.0,4.0,3.0,2
vegan (4),z,1,6,train,0.0,4.0,4.0,2
vegan (1),m,1,6,train,0.0,23.0,2.0,2
vegan (2),m,1,6,train,0.0,8.0,3.0,2
vegan (5),m,1,6,train,0.0,10.0,5.0,2
vegan (2),m,1,6,train,0.0,2.0,4.0,2
vegan (3),z,1,6,train,0.0,6.0,4.0,2
vegan (5),m,1,6,train,0.0,3.0,6.0,2
vegan (4),z,1,6,train,0.0,7.0,5.0,2
vegan (1),m,1,6,train,0.0,7.0,3.0,2
vegan (6),z,1,6,train,0.0,11.0,5.0,2
vegan (2),m,1,6,train,0.0,6.0,5.0,2
vegan (1),m,1,6,train,0.0,3.0,4.0,2
vegan (4),z,1,6,train,0.0,5.0,6.0,2
vegan (3),z,1,6,train,0.0,8.0,5.0,2
vegan (5),m,1,6,train,0.0,8.0,7.0,2
vegan (6),m,0,6,train,1.0,6.0,6.0,2
vegan (3),z,1,6,train,0.0,3.0,6.0,2
vegan (2),m,1,6,train,0.0,7.0,6.0,2
vegan (6),z,1,6,train,0.0,9.0,6.0,2
vegan (1),m,1,6,train,0.0,8.0,5.0,2
vegan (4),m,0,6,train,1.0,8.0,7.0,2
vegan (5),m,1,6,train,0.0,7.0,8.0,2
vegan (2),m,1,6,train,0.0,5.0,7.0,2
vegan (6),z,1,6,train,0.0,5.0,7.0,2
vegan (3),z,1,6,train,0.0,8.0,7.0,2
vegan (1),m,1,6,train,0.0,6.0,6.0,2
vegan (4),z,1,6,train,0.0,14.0,7.0,2
vegan (5),m,1,6,train,0.0,6.0,9.0,2
vegan (3),z,1,6,train,0.0,4.0,8.0,2
vegan (5),m,1,6,train,0.0,2.0,10.0,2
vegan (2),z,0,6,train,1.0,8.0,8.0,2
vegan (6),z,1,6,train,0.0,8.0,8.0,2
vegan (1),m,1,6,train,0.0,7.0,7.0,2
vegan (4),z,1,6,train,0.0,7.0,8.0,2
vegan (5),m,1,6,train,0.0,5.0,11.0,2
vegan (2),m,1,6,train,0.0,13.0,8.0,2
vegan (1),m,1,6,train,0.0,4.0,8.0,2
vegan (4),z,1,6,train,0.0,4.0,9.0,2
vegan (3),z,1,6,train,0.0,10.0,9.0,2
vegan (6),z,1,6,train,0.0,8.0,9.0,2
vegan (5),m,1,6,train,0.0,6.0,12.0,2
vegan (1),m,1,6,train,0.0,5.0,9.0,2
vegan (2),m,1,6,train,0.0,7.0,9.0,2
vegan (4),z,1,6,train,0.0,6.0,10.0,2
vegan (3),z,1,6,train,0.0,6.0,10.0,2
vegan (6),z,1,6,train,0.0,6.0,10.0,2
animal (1),m,0,3,train,0.0,0.0,0.0,2
animal (2),m,0,3,train,0.0,0.0,0.0,2
animal (3),m,1,3,train,0.0,0.0,0.0,2
animal (1),z,1,3,train,0.0,0.0,0.0,2
animal (3),m,1,3,train,0.0,2.0,1.0,2
animal (2),z,1,3,train,0.0,0.0,0.0,2
animal (2),m,0,3,train,1.0,1.0,1.0,2
animal (3),m,1,3,train,0.0,3.0,2.0,2
animal (1),z,1,3,train,0.0,5.0,1.0,2
animal (1),z,1,3,train,0.0,1.0,2.0,2
animal (2),z,1,3,train,0.0,5.0,1.0,2
animal (3),m,1,3,train,0.0,4.0,3.0,2
animal (1),z,1,3,train,0.0,3.0,3.0,2
animal (3),m,1,3,train,0.0,2.0,4.0,2
animal (2),z,1,3,train,0.0,4.0,2.0,2
animal (2),z,1,3,train,0.0,1.0,3.0,2
animal (3),z,0,3,train,0.0,3.0,5.0,2
animal (1),z,1,3,train,0.0,5.0,4.0,2
animal (3),m,1,3,train,0.0,5.0,5.0,2
animal (2),z,1,3,train,0.0,4.0,4.0,2
animal (1),z,1,3,train,0.0,3.0,5.0,2
animal (1),z,1,3,train,0.0,1.0,6.0,2
animal (3),m,1,3,train,0.0,4.0,6.0,2
animal (2),z,1,3,train,0.0,4.0,5.0,2
animal (2),z,1,3,train,0.0,1.0,6.0,2
animal (3),m,1,3,train,0.0,3.0,7.0,2
animal (1),z,1,3,train,0.0,5.0,7.0,2
animal (3),m,1,3,train,0.0,2.0,8.0,2
animal (1),z,1,3,train,0.0,2.0,8.0,2
animal (2),z,1,3,train,0.0,5.0,7.0,2
animal (2),z,1,3,train,0.0,1.0,8.0,2
animal (3),m,1,3,train,0.0,4.0,9.0,2
animal (2),z,1,3,train,0.0,2.0,9.0,2
animal (1),m,0,3,train,1.0,5.0,9.0,2
animal (3),m,1,3,train,0.0,3.0,10.0,2
animal (1),z,1,3,train,0.0,7.0,9.0,2
fruits (6),m,0,6,train,0.0,0.0,0.0,2
fruits (1),m,1,6,train,0.0,0.0,0.0,2
fruits (5),m,1,6,train,0.0,0.0,0.0,2
fruits (4),m,0,6,train,0.0,0.0,0.0,2
fruits (2),m,1,6,train,0.0,0.0,0.0,2
fruits (3),z,1,6,train,0.0,0.0,0.0,2
fruits (3),z,1,6,train,0.0,1.0,1.0,2
fruits (6),z,1,6,train,0.0,0.0,0.0,2
fruits (4),m,0,6,train,1.0,0.0,0.0,2
fruits (5),m,1,6,train,0.0,7.0,1.0,2
fruits (1),m,1,6,train,0.0,9.0,1.0,2
fruits (2),m,1,6,train,0.0,7.0,1.0,2
fruits (1),z,0,6,train,0.0,2.0,2.0,2
fruits (3),z,1,6,train,0.0,7.0,2.0,2
fruits (2),z,0,6,train,0.0,3.0,2.0,2
fruits (6),z,1,6,train,0.0,8.0,1.0,2
fruits (5),m,1,6,train,0.0,7.0,2.0,2
fruits (4),z,1,6,train,0.0,0.0,0.0,2
fruits (5),m,1,6,train,0.0,2.0,3.0,2
fruits (2),m,1,6,train,0.0,8.0,2.0,2
fruits (6),z,1,6,train,0.0,5.0,2.0,2
fruits (1),m,1,6,train,0.0,11.0,2.0,2
fruits (4),z,1,6,train,0.0,5.0,1.0,2
fruits (3),z,1,6,train,0.0,10.0,3.0,2
fruits (6),z,1,6,train,0.0,4.0,3.0,2
fruits (5),m,1,6,train,0.0,7.0,4.0,2
fruits (2),m,1,6,train,0.0,7.0,3.0,2
fruits (3),z,1,6,train,0.0,4.0,4.0,2
fruits (4),z,1,6,train,0.0,6.0,2.0,2
fruits (1),z,0,6,train,1.0,8.0,3.0,2
fruits (6),z,1,6,train,0.0,6.0,4.0,2
fruits (3),z,1,6,train,0.0,4.0,5.0,2
fruits (4),z,1,6,train,0.0,4.0,3.0,2
fruits (1),m,1,6,train,0.0,12.0,3.0,2
fruits (2),m,1,6,train,0.0,8.0,4.0,2
fruits (5),m,1,6,train,0.0,10.0,5.0,2
fruits (2),m,1,6,train,0.0,2.0,5.0,2
fruits (3),z,1,6,train,0.0,6.0,6.0,2
fruits (5),m,1,6,train,0.0,3.0,6.0,2
fruits (4),z,1,6,train,0.0,7.0,4.0,2
fruits (1),m,1,6,train,0.0,7.0,4.0,2
fruits (6),z,1,6,train,0.0,11.0,5.0,2
fruits (2),m,1,6,train,0.0,6.0,6.0,2
fruits (1),m,1,6,train,0.0,3.0,5.0,2
fruits (4),z,1,6,train,0.0,5.0,5.0,2
fruits (3),z,1,6,train,0.0,8.0,7.0,2
fruits (5),m,1,6,train,0.0,8.0,7.0,2
fruits (6),m,0,6,train,1.0,6.0,6.0,2
fruits (3),z,1,6,train,0.0,3.0,8.0,2
fruits (2),m,1,6,train,0.0,7.0,7.0,2
fruits (6),m,0,6,train,1.0,9.0,6.0,2
fruits (1),m,1,6,train,0.0,8.0,6.0,2
fruits (4),z,1,6,train,0.0,8.0,6.0,2
fruits (5),m,1,6,train,0.0,7.0,8.0,2
fruits (2),m,1,6,train,0.0,5.0,8.0,2
fruits (6),m,0,6,train,1.0,14.0,6.0,2
fruits (3),z,1,6,train,0.0,8.0,9.0,2
fruits (1),m,1,6,train,0.0,6.0,7.0,2
fruits (4),z,1,6,train,0.0,6.0,7.0,2
fruits (5),m,1,6,train,0.0,6.0,9.0,2
fruits (3),z,1,6,train,0.0,4.0,10.0,2
fruits (5),m,1,6,train,0.0,2.0,10.0,2
fruits (2),m,1,6,train,0.0,8.0,9.0,2
fruits (6),z,1,6,train,0.0,22.0,6.0,2
fruits (1),m,1,6,train,0.0,7.0,8.0,2
fruits (4),z,1,6,train,0.0,7.0,8.0,2
fruits (5),m,1,6,train,0.0,5.0,11.0,2
fruits (2),m,1,6,train,0.0,5.0,10.0,2
fruits (1),m,1,6,train,0.0,4.0,9.0,2
fruits (4),z,1,6,train,0.0,4.0,9.0,2
fruits (3),z,1,6,train,0.0,10.0,11.0,2
fruits (6),m,0,6,train,1.0,8.0,7.0,2
fruits (5),m,1,6,train,0.0,6.0,12.0,2
fruits (1),m,1,6,train,0.0,5.0,10.0,2
fruits (2),m,1,6,train,0.0,7.0,11.0,2
fruits (4),z,1,6,train,0.0,6.0,10.0,2
fruits (3),z,1,6,train,0.0,6.0,12.0,2
fruits (6),z,1,6,train,0.0,14.0,7.0,2
tools (1),m,0,3,train,0.0,0.0,0.0,2
tools (2),m,0,3,train,0.0,0.0,0.0,2
tools (3),m,1,3,train,0.0,0.0,0.0,2
tools (1),z,1,3,train,0.0,0.0,0.0,2
tools (3),z,0,3,train,0.0,2.0,1.0,2
tools (2),z,1,3,train,0.0,0.0,0.0,2
tools (2),z,1,3,train,0.0,1.0,1.0,2
tools (3),m,1,3,train,0.0,5.0,1.0,2
tools (1),z,1,3,train,0.0,5.0,1.0,2
tools (1),z,1,3,train,0.0,1.0,2.0,2
tools (2),z,1,3,train,0.0,4.0,2.0,2
tools (3),m,1,3,train,0.0,4.0,2.0,2
tools (1),z,1,3,train,0.0,3.0,3.0,2
tools (3),m,1,3,train,0.0,2.0,3.0,2
tools (2),z,1,3,train,0.0,4.0,3.0,2
tools (2),z,1,3,train,0.0,1.0,4.0,2
tools (3),m,1,3,train,0.0,3.0,4.0,2
tools (1),z,1,3,train,0.0,5.0,4.0,2
tools (3),z,0,3,train,1.0,2.0,5.0,2
tools (2),z,1,3,train,0.0,4.0,5.0,2
tools (1),z,1,3,train,0.0,3.0,5.0,2
tools (1),z,1,3,train,0.0,1.0,6.0,2
tools (3),m,1,3,train,0.0,6.0,5.0,2
tools (2),z,1,3,train,0.0,4.0,6.0,2
tools (2),z,1,3,train,0.0,1.0,7.0,2
tools (3),m,1,3,train,0.0,3.0,6.0,2
tools (1),z,1,3,train,0.0,5.0,7.0,2
tools (3),m,1,3,train,0.0,2.0,7.0,2
tools (1),z,1,3,train,0.0,2.0,8.0,2
tools (2),z,1,3,train,0.0,5.0,8.0,2
tools (2),z,1,3,train,0.0,1.0,9.0,2
tools (3),m,1,3,train,0.0,4.0,8.0,2
tools (2),z,1,3,train,0.0,2.0,10.0,2
tools (1),m,0,3,train,1.0,5.0,9.0,2
tools (3),m,1,3,train,0.0,3.0,9.0,2
tools (1),z,1,3,train,0.0,7.0,9.0,2
clothes (6),m,0,6,train,0.0,0.0,0.0,2
clothes (1),m,1,6,train,0.0,0.0,0.0,2
clothes (5),m,1,6,train,0.0,0.0,0.0,2
clothes (4),m,0,6,train,0.0,0.0,0.0,2
clothes (2),m,1,6,train,0.0,0.0,0.0,2
clothes (3),z,1,6,train,0.0,0.0,0.0,2
clothes (3),z,1,6,train,0.0,1.0,1.0,2
clothes (6),z,1,6,train,0.0,0.0,0.0,2
clothes (4),z,1,6,train,0.0,0.0,0.0,2
clothes (5),m,1,6,train,0.0,7.0,1.0,2
clothes (1),m,1,6,train,0.0,9.0,1.0,2
clothes (2),m,1,6,train,0.0,7.0,1.0,2
clothes (1),z,0,6,train,0.0,2.0,2.0,2
clothes (3),z,1,6,train,0.0,7.0,2.0,2
clothes (2),m,1,6,train,0.0,3.0,2.0,2
clothes (6),z,1,6,train,0.0,8.0,1.0,2
clothes (5),m,1,6,train,0.0,7.0,2.0,2
clothes (4),z,1,6,train,0.0,9.0,1.0,2
clothes (5),m,1,6,train,0.0,2.0,3.0,2
clothes (2),m,1,6,train,0.0,5.0,3.0,2
clothes (6),z,1,6,train,0.0,5.0,2.0,2
clothes (1),m,1,6,train,0.0,11.0,2.0,2
clothes (4),z,1,6,train,0.0,5.0,2.0,2
clothes (3),z,1,6,train,0.0,10.0,3.0,2
clothes (6),z,1,6,train,0.0,4.0,3.0,2
clothes (5),m,1,6,train,0.0,7.0,4.0,2
clothes (2),m,1,6,train,0.0,7.0,4.0,2
clothes (3),z,1,6,train,0.0,4.0,4.0,2
clothes (4),z,1,6,train,0.0,6.0,3.0,2
clothes (1),m,1,6,train,0.0,8.0,3.0,2
clothes (6),m,0,6,train,1.0,6.0,4.0,2
clothes (3),z,1,6,train,0.0,4.0,5.0,2
clothes (4),z,1,6,train,0.0,4.0,4.0,2
clothes (1),m,1,6,train,0.0,4.0,4.0,2
clothes (2),m,1,6,train,0.0,8.0,5.0,2
clothes (5),m,1,6,train,0.0,10.0,5.0,2
clothes (2),z,0,6,train,0.0,2.0,6.0,2
clothes (3),z,1,6,train,0.0,6.0,6.0,2
clothes (5),m,1,6,train,0.0,3.0,6.0,2
clothes (4),z,1,6,train,0.0,7.0,5.0,2
clothes (1),m,1,6,train,0.0,7.0,5.0,2
clothes (6),z,1,6,train,0.0,17.0,4.0,2
clothes (2),m,1,6,train,0.0,8.0,6.0,2
clothes (1),m,1,6,train,0.0,3.0,6.0,2
clothes (4),z,1,6,train,0.0,5.0,6.0,2
clothes (3),z,1,6,train,0.0,8.0,7.0,2
clothes (5),m,1,6,train,0.0,8.0,7.0,2
clothes (6),z,1,6,train,0.0,6.0,5.0,2
clothes (3),z,1,6,train,0.0,3.0,8.0,2
clothes (2),m,1,6,train,0.0,7.0,7.0,2
clothes (6),z,1,6,train,0.0,3.0,6.0,2
clothes (1),m,1,6,train,0.0,8.0,7.0,2
clothes (4),z,1,6,train,0.0,8.0,7.0,2
clothes (5),m,1,6,train,0.0,7.0,8.0,2
clothes (2),m,1,6,train,0.0,5.0,8.0,2
clothes (6),z,1,6,train,0.0,5.0,7.0,2
clothes (3),z,1,6,train,0.0,8.0,9.0,2
clothes (1),z,0,6,train,1.0,6.0,8.0,2
clothes (4),z,1,6,train,0.0,6.0,8.0,2
clothes (5),m,1,6,train,0.0,6.0,9.0,2
clothes (3),z,1,6,train,0.0,4.0,10.0,2
clothes (5),m,1,6,train,0.0,2.0,10.0,2
clothes (2),m,1,6,train,0.0,8.0,9.0,2
clothes (6),z,1,6,train,0.0,8.0,8.0,2
clothes (1),m,1,6,train,0.0,13.0,8.0,2
clothes (4),z,1,6,train,0.0,7.0,9.0,2
clothes (5),m,1,6,train,0.0,5.0,11.0,2
clothes (2),m,1,6,train,0.0,5.0,10.0,2
clothes (1),m,1,6,train,0.0,4.0,9.0,2
clothes (4),z,1,6,train,0.0,4.0,10.0,2
clothes (3),z,1,6,train,0.0,10.0,11.0,2
clothes (6),z,1,6,train,0.0,8.0,9.0,2
clothes (5),m,1,6,train,0.0,6.0,12.0,2
clothes (1),m,1,6,train,0.0,5.0,10.0,2
clothes (2),m,1,6,train,0.0,7.0,11.0,2
clothes (4),z,1,6,train,0.0,6.0,11.0,2
clothes (3),z,1,6,train,0.0,6.0,12.0,2
clothes (6),z,1,6,train,0.0,6.0,10.0,2
face (1),m,0,3,train,0.0,0.0,0.0,2
face (2),m,0,3,train,0.0,0.0,0.0,2
face (3),m,1,3,train,0.0,0.0,0.0,2
face (1),z,1,3,train,0.0,0.0,0.0,2
face (3),m,1,3,train,0.0,2.0,1.0,2
face (2),z,1,3,train,0.0,0.0,0.0,2
face (2),z,1,3,train,0.0,1.0,1.0,2
face (3),m,1,3,train,0.0,3.0,2.0,2
face (1),z,1,3,train,0.0,5.0,1.0,2
face (1),z,1,3,train,0.0,1.0,2.0,2
face (2),z,1,3,train,0.0,4.0,2.0,2
face (3),m,1,3,train,0.0,4.0,3.0,2
face (1),z,1,3,train,0.0,3.0,3.0,2
face (3),m,1,3,train,0.0,2.0,4.0,2
face (2),z,1,3,train,0.0,4.0,3.0,2
face (2),z,1,3,train,0.0,1.0,4.0,2
face (3),z,0,3,train,0.0,3.0,5.0,2
face (1),z,1,3,train,0.0,5.0,4.0,2
face (3),m,1,3,train,0.0,5.0,5.0,2
face (2),z,1,3,train,0.0,4.0,5.0,2
face (1),z,1,3,train,0.0,3.0,5.0,2
face (1),z,1,3,train,0.0,1.0,6.0,2
face (3),m,1,3,train,0.0,4.0,6.0,2
face (2),z,1,3,train,0.0,4.0,6.0,2
face (2),z,1,3,train,0.0,1.0,7.0,2
face (3),z,0,3,train,1.0,3.0,7.0,2
face (1),z,1,3,train,0.0,5.0,7.0,2
face (3),m,1,3,train,0.0,5.0,7.0,2
face (1),z,1,3,train,0.0,2.0,8.0,2
face (2),z,1,3,train,0.0,5.0,8.0,2
face (2),z,1,3,train,0.0,1.0,9.0,2
face (3),z,0,3,train,1.0,4.0,8.0,2
face (2),z,1,3,train,0.0,2.0,10.0,2
face (1),z,1,3,train,0.0,5.0,9.0,2
face (3),m,1,3,train,0.0,7.0,8.0,2
face (1),z,1,3,train,0.0,2.0,10.0,2
color (6),m,0,6,train,0.0,0.0,0.0,2
color (1),m,1,6,train,0.0,0.0,0.0,2
color (5),m,1,6,train,0.0,0.0,0.0,2
color (4),m,0,6,train,0.0,0.0,0.0,2
color (2),m,1,6,train,0.0,0.0,0.0,2
color (3),z,1,6,train,0.0,0.0,0.0,2
color (3),z,1,6,train,0.0,1.0,1.0,2
color (6),z,1,6,train,0.0,0.0,0.0,2
color (4),z,1,6,train,0.0,0.0,0.0,2
color (5),m,1,6,train,0.0,7.0,1.0,2
color (1),m,1,6,train,0.0,9.0,1.0,2
color (2),m,1,6,train,0.0,7.0,1.0,2
color (1),m,1,6,train,0.0,2.0,2.0,2
color (3),z,1,6,train,0.0,7.0,2.0,2
color (2),m,1,6,train,0.0,3.0,2.0,2
color (6),z,1,6,train,0.0,8.0,1.0,2
color (5),m,1,6,train,0.0,7.0,2.0,2
color (4),m,0,6,train,1.0,9.0,1.0,2
color (5),z,0,6,train,0.0,2.0,3.0,2
color (2),m,1,6,train,0.0,5.0,3.0,2
color (6),m,0,6,train,1.0,5.0,2.0,2
color (1),m,1,6,train,0.0,9.0,3.0,2
color (4),m,0,6,train,1.0,14.0,1.0,2
color (3),z,1,6,train,0.0,10.0,3.0,2
color (6),z,1,6,train,0.0,9.0,2.0,2
color (5),m,1,6,train,0.0,9.0,3.0,2
color (2),m,1,6,train,0.0,7.0,4.0,2
color (3),z,1,6,train,0.0,4.0,4.0,2
color (4),z,1,6,train,0.0,20.0,1.0,2
color (1),m,1,6,train,0.0,8.0,4.0,2
color (6),z,1,6,train,0.0,6.0,3.0,2
color (3),z,1,6,train,0.0,4.0,5.0,2
color (4),z,1,6,train,0.0,4.0,2.0,2
color (1),m,1,6,train,0.0,4.0,5.0,2
color (2),m,1,6,train,0.0,8.0,5.0,2
color (5),m,1,6,train,0.0,10.0,4.0,2
color (2),m,1,6,train,0.0,2.0,6.0,2
color (3),z,1,6,train,0.0,6.0,6.0,2
color (5),m,1,6,train,0.0,3.0,5.0,2
color (4),z,1,6,train,0.0,7.0,3.0,2
color (1),m,1,6,train,0.0,7.0,6.0,2
color (6),z,1,6,train,0.0,11.0,4.0,2
color (2),m,1,6,train,0.0,6.0,7.0,2
color (1),m,1,6,train,0.0,3.0,7.0,2
color (4),z,1,6,train,0.0,5.0,4.0,2
color (3),z,1,6,train,0.0,8.0,7.0,2
color (5),m,1,6,train,0.0,8.0,6.0,2
color (6),m,0,6,train,1.0,6.0,5.0,2
color (3),z,1,6,train,0.0,3.0,8.0,2
color (2),m,1,6,train,0.0,7.0,8.0,2
color (6),z,1,6,train,0.0,9.0,5.0,2
color (1),m,1,6,train,0.0,8.0,8.0,2
color (4),z,1,6,train,0.0,8.0,5.0,2
color (5),m,1,6,train,0.0,7.0,7.0,2
color (2),m,1,6,train,0.0,5.0,9.0,2
color (6),z,1,6,train,0.0,5.0,6.0,2
color (3),z,1,6,train,0.0,8.0,9.0,2
color (1),m,1,6,train,0.0,6.0,9.0,2
color (4),z,1,6,train,0.0,6.0,6.0,2
color (5),m,1,6,train,0.0,6.0,8.0,2
color (3),z,1,6,train,0.0,4.0,10.0,2
color (5),m,1,6,train,0.0,2.0,9.0,2
color (2),m,1,6,train,0.0,8.0,10.0,2
color (6),z,1,6,train,0.0,8.0,7.0,2
color (1),m,1,6,train,0.0,7.0,10.0,2
color (4),z,1,6,train,0.0,7.0,7.0,2
color (5),m,1,6,train,0.0,5.0,10.0,2
color (2),m,1,6,train,0.0,5.0,11.0,2
color (1),m,1,6,train,0.0,4.0,11.0,2
color (4),z,1,6,train,0.0,4.0,8.0,2
color (3),z,1,6,train,0.0,10.0,11.0,2
color (6),z,1,6,train,0.0,8.0,8.0,2
color (5),m,1,6,train,0.0,6.0,11.0,2
color (1),z,0,6,train,0.0,5.0,12.0,2
color (2),m,1,6,train,0.0,7.0,12.0,2
color (4),m,0,6,train,1.0,6.0,9.0,2
color (3),z,1,6,train,0.0,6.0,12.0,2
color (6),z,1,6,train,0.0,6.0,9.0,2
symbol (1),m,1,3,train,0.0,0.0,0.0,2
symbol (2),z,0,3,train,0.0,0.0,0.0,2
symbol (3),m,0,3,train,0.0,0.0,0.0,2
symbol (1),m,1,3,train,0.0,3.0,1.0,2
symbol (3),m,0,3,train,1.0,0.0,0.0,2
symbol (2),m,1,3,train,0.0,0.0,0.0,2
symbol (2),m,1,3,train,0.0,1.0,1.0,2
symbol (3),z,1,3,train,0.0,0.0,0.0,2
symbol (1),m,1,3,train,0.0,5.0,2.0,2
symbol (1),m,1,3,train,0.0,1.0,3.0,2
symbol (2),m,1,3,train,0.0,4.0,2.0,2
symbol (3),z,1,3,train,0.0,4.0,1.0,2
symbol (1),m,1,3,train,0.0,3.0,4.0,2
symbol (3),m,0,3,train,1.0,2.0,2.0,2
symbol (2),m,1,3,train,0.0,4.0,3.0,2
symbol (2),m,1,3,train,0.0,1.0,4.0,2
symbol (3),z,1,3,train,0.0,5.0,2.0,2
symbol (1),m,1,3,train,0.0,5.0,5.0,2
symbol (3),z,1,3,train,0.0,2.0,3.0,2
symbol (2),m,1,3,train,0.0,4.0,5.0,2
symbol (1),m,1,3,train,0.0,3.0,6.0,2
symbol (1),m,1,3,train,0.0,1.0,7.0,2
symbol (3),z,1,3,train,0.0,4.0,4.0,2
symbol (2),m,1,3,train,0.0,4.0,6.0,2
symbol (2),m,1,3,train,0.0,1.0,7.0,2
symbol (3),z,1,3,train,0.0,3.0,5.0,2
symbol (1),m,1,3,train,0.0,5.0,8.0,2
symbol (3),m,0,3,train,1.0,2.0,6.0,2
symbol (1),m,1,3,train,0.0,2.0,9.0,2
symbol (2),m,1,3,train,0.0,5.0,8.0,2
symbol (2),m,1,3,train,0.0,1.0,9.0,2
symbol (3),z,1,3,train,0.0,6.0,6.0,2
symbol (2),z,0,3,train,1.0,2.0,10.0,2
symbol (1),m,1,3,train,0.0,5.0,10.0,2
symbol (3),z,1,3,train,0.0,3.0,7.0,2
symbol (1),m,1,3,train,0.0,2.0,11.0,2
environment (6),m,0,6,train,0.0,0.0,0.0,2
environment (1),m,1,6,train,0.0,0.0,0.0,2
environment (5),m,1,6,train,0.0,0.0,0.0,2
environment (4),m,0,6,train,0.0,0.0,0.0,2
environment (2),m,1,6,train,0.0,0.0,0.0,2
environment (3),z,1,6,train,0.0,0.0,0.0,2
environment (3),z,1,6,train,0.0,1.0,1.0,2
environment (6),z,1,6,train,0.0,0.0,0.0,2
environment (4),z,1,6,train,0.0,0.0,0.0,2
environment (5),m,1,6,train,0.0,7.0,1.0,2
environment (1),m,1,6,train,0.0,9.0,1.0,2
environment (2),m,1,6,train,0.0,7.0,1.0,2
environment (1),m,1,6,train,0.0,2.0,2.0,2
environment (3),z,1,6,train,0.0,7.0,2.0,2
environment (2),m,1,6,train,0.0,3.0,2.0,2
environment (6),z,1,6,train,0.0,8.0,1.0,2
environment (5),m,1,6,train,0.0,7.0,2.0,2
environment (4),z,1,6,train,0.0,9.0,1.0,2
environment (5),m,1,6,train,0.0,2.0,3.0,2
environment (2),m,1,6,train,0.0,5.0,3.0,2
environment (6),z,1,6,train,0.0,5.0,2.0,2
environment (1),m,1,6,train,0.0,9.0,3.0,2
environment (4),z,1,6,train,0.0,5.0,2.0,2
environment (3),m,0,6,train,0.0,10.0,3.0,2
environment (6),z,1,6,train,0.0,4.0,3.0,2
environment (5),m,1,6,train,0.0,7.0,4.0,2
environment (2),m,1,6,train,0.0,7.0,4.0,2
environment (3),m,0,6,train,1.0,14.0,3.0,2
environment (4),z,1,6,train,0.0,6.0,3.0,2
environment (1),m,1,6,train,0.0,8.0,4.0,2
environment (6),z,1,6,train,0.0,6.0,4.0,2
environment (3),z,1,6,train,0.0,18.0,3.0,2
environment (4),z,1,6,train,0.0,4.0,4.0,2
environment (1),m,1,6,train,0.0,4.0,5.0,2
environment (2),m,1,6,train,0.0,8.0,5.0,2
environment (5),m,1,6,train,0.0,10.0,5.0,2
environment (2),m,1,6,train,0.0,2.0,6.0,2
environment (3),z,1,6,train,0.0,6.0,4.0,2
environment (5),m,1,6,train,0.0,3.0,6.0,2
environment (4),z,1,6,train,0.0,7.0,5.0,2
environment (1),m,1,6,train,0.0,7.0,6.0,2
environment (6),z,1,6,train,0.0,11.0,5.0,2
environment (2),m,1,6,train,0.0,6.0,7.0,2
environment (1),m,1,6,train,0.0,3.0,7.0,2
environment (4),z,1,6,train,0.0,5.0,6.0,2
environment (3),z,1,6,train,0.0,8.0,5.0,2
environment (5),m,1,6,train,0.0,8.0,7.0,2
environment (6),z,1,6,train,0.0,6.0,6.0,2
environment (3),z,1,6,train,0.0,3.0,6.0,2
environment (2),m,1,6,train,0.0,7.0,8.0,2
environment (6),z,1,6,train,0.0,3.0,7.0,2
environment (1),m,1,6,train,0.0,8.0,8.0,2
environment (4),z,1,6,train,0.0,8.0,7.0,2
environment (5),z,0,6,train,0.0,7.0,8.0,2
environment (2),m,1,6,train,0.0,5.0,9.0,2
environment (6),z,1,6,train,0.0,5.0,8.0,2
environment (3),z,1,6,train,0.0,8.0,7.0,2
environment (1),m,1,6,train,0.0,6.0,9.0,2
environment (4),z,1,6,train,0.0,6.0,8.0,2
environment (5),m,1,6,train,0.0,13.0,8.0,2
environment (3),z,1,6,train,0.0,4.0,8.0,2
environment (5),m,1,6,train,0.0,2.0,9.0,2
environment (2),m,1,6,train,0.0,8.0,10.0,2
environment (6),z,1,6,train,0.0,8.0,9.0,2
environment (1),m,1,6,train,0.0,7.0,10.0,2
environment (4),z,1,6,train,0.0,7.0,9.0,2
environment (5),m,1,6,train,0.0,5.0,10.0,2
environment (2),z,0,6,train,0.0,5.0,11.0,2
environment (1),m,1,6,train,0.0,4.0,11.0,2
environment (4),z,1,6,train,0.0,4.0,10.0,2
environment (3),z,1,6,train,0.0,10.0,9.0,2
environment (6),z,1,6,train,0.0,8.0,10.0,2
environment (5),m,1,6,train,0.0,6.0,11.0,2
environment (1),z,0,6,train,0.0,5.0,12.0,2
environment (2),z,0,6,train,1.0,12.0,11.0,2
environment (4),z,1,6,train,0.0,6.0,11.0,2
environment (3),z,1,6,train,0.0,6.0,10.0,2
environment (6),z,1,6,train,0.0,6.0,11.0,2
vehicle (1),m,1,3,train,0.0,0.0,0.0,2
vehicle (2),z,0,3,train,0.0,0.0,0.0,2
vehicle (3),z,1,3,train,0.0,0.0,0.0,2
vehicle (1),m,1,3,train,0.0,3.0,1.0,2
vehicle (3),z,1,3,train,0.0,2.0,1.0,2
vehicle (2),m,1,3,train,0.0,0.0,0.0,2
vehicle (2),m,1,3,train,0.0,1.0,1.0,2
vehicle (3),z,1,3,train,0.0,3.0,2.0,2
vehicle (1),m,1,3,train,0.0,5.0,2.0,2
vehicle (1),m,1,3,train,0.0,1.0,3.0,2
vehicle (2),m,1,3,train,0.0,4.0,2.0,2
vehicle (3),m,0,3,train,0.0,4.0,3.0,2
vehicle (1),z,0,3,train,0.0,3.0,4.0,2
vehicle (3),m,0,3,train,1.0,6.0,3.0,2
vehicle (2),z,0,3,train,1.0,4.0,3.0,2
vehicle (2),m,1,3,train,0.0,5.0,3.0,2
vehicle (3),z,1,3,train,0.0,9.0,3.0,2
vehicle (1),m,1,3,train,0.0,8.0,4.0,2
vehicle (3),z,1,3,train,0.0,2.0,4.0,2
vehicle (2),m,1,3,train,0.0,4.0,4.0,2
vehicle (1),m,1,3,train,0.0,3.0,5.0,2
vehicle (1),m,1,3,train,0.0,1.0,6.0,2
vehicle (3),z,1,3,train,0.0,4.0,5.0,2
vehicle (2),m,1,3,train,0.0,4.0,5.0,2
vehicle (2),m,1,3,train,0.0,1.0,6.0,2
vehicle (3),z,1,3,train,0.0,3.0,6.0,2
vehicle (1),m,1,3,train,0.0,5.0,7.0,2
vehicle (3),z,1,3,train,0.0,2.0,7.0,2
vehicle (1),m,1,3,train,0.0,2.0,8.0,2
vehicle (2),m,1,3,train,0.0,5.0,7.0,2
vehicle (2),m,1,3,train,0.0,1.0,8.0,2
vehicle (3),z,1,3,train,0.0,4.0,8.0,2
vehicle (2),m,1,3,train,0.0,2.0,9.0,2
vehicle (1),m,1,3,train,0.0,5.0,9.0,2
vehicle (3),z,1,3,train,0.0,3.0,9.0,2
vehicle (1),m,1,3,train,0.0,2.0,10.0,2
instrument (1),z,0,3,train,0.0,0.0,0.0,2
instrument (2),z,0,3,train,0.0,0.0,0.0,2
instrument (3),z,1,3,train,0.0,0.0,0.0,2
instrument (1),m,1,3,train,0.0,0.0,0.0,2
instrument (3),m,0,3,train,0.0,2.0,1.0,2
instrument (2),m,1,3,train,0.0,0.0,0.0,2
instrument (2),m,1,3,train,0.0,1.0,1.0,2
instrument (3),z,1,3,train,0.0,5.0,1.0,2
instrument (1),m,1,3,train,0.0,5.0,1.0,2
instrument (1),m,1,3,train,0.0,1.0,2.0,2
instrument (2),m,1,3,train,0.0,4.0,2.0,2
instrument (3),z,1,3,train,0.0,4.0,2.0,2
instrument (1),m,1,3,train,0.0,3.0,3.0,2
instrument (3),z,1,3,train,0.0,2.0,3.0,2
instrument (2),m,1,3,train,0.0,4.0,3.0,2
instrument (2),m,1,3,train,0.0,1.0,4.0,2
instrument (3),z,1,3,train,0.0,3.0,4.0,2
instrument (1),m,1,3,train,0.0,5.0,4.0,2
instrument (3),m,0,3,train,1.0,2.0,5.0,2
instrument (2),m,1,3,train,0.0,4.0,5.0,2
instrument (1),m,1,3,train,0.0,3.0,5.0,2
instrument (1),m,1,3,train,0.0,1.0,6.0,2
instrument (3),z,1,3,train,0.0,6.0,5.0,2
instrument (2),m,1,3,train,0.0,4.0,6.0,2
instrument (2),m,1,3,train,0.0,1.0,7.0,2
instrument (3),z,1,3,train,0.0,3.0,6.0,2
instrument (1),m,1,3,train,0.0,5.0,7.0,2
instrument (3),m,0,3,train,1.0,2.0,7.0,2
instrument (1),m,1,3,train,0.0,2.0,8.0,2
instrument (2),m,1,3,train,0.0,5.0,8.0,2
instrument (2),m,1,3,train,0.0,1.0,9.0,2
instrument (3),z,1,3,train,0.0,6.0,7.0,2
instrument (2),m,1,3,train,0.0,2.0,10.0,2
instrument (1),m,1,3,train,0.0,5.0,9.0,2
instrument (3),m,0,3,train,1.0,3.0,8.0,2
instrument (1),m,1,3,train,0.0,2.0,10.0,2
jungle2,m,0,3,train,0.0,0.0,0.0,3
jungle1,m,0,3,train,0.0,0.0,0.0,3
jungle3,m,1,3,train,0.0,0.0,0.0,3
jungle1,z,1,3,train,0.0,0.0,0.0,3
jungle3,z,0,3,train,0.0,2.0,1.0,3
jungle2,z,1,3,train,0.0,0.0,0.0,3
jungle3,m,1,3,train,0.0,4.0,1.0,3
jungle2,z,1,3,train,0.0,2.0,1.0,3
jungle1,z,1,3,train,0.0,5.0,1.0,3
jungle1,z,1,3,train,0.0,1.0,2.0,3
jungle2,m,0,3,train,1.0,3.0,2.0,3
jungle3,z,0,3,train,1.0,5.0,2.0,3
jungle3,m,1,3,train,0.0,6.0,2.0,3
jungle1,z,1,3,train,0.0,4.0,3.0,3
jungle2,z,1,3,train,0.0,7.0,2.0,3
jungle3,m,1,3,train,0.0,3.0,3.0,3
jungle1,z,1,3,train,0.0,3.0,4.0,3
jungle2,z,1,3,train,0.0,3.0,3.0,3
jungle1,z,1,3,train,0.0,2.0,5.0,3
jungle3,m,1,3,train,0.0,4.0,4.0,3
jungle2,z,1,3,train,0.0,3.0,4.0,3
jungle3,m,1,3,train,0.0,2.0,5.0,3
jungle2,z,1,3,train,0.0,2.0,5.0,3
jungle1,m,0,3,train,1.0,5.0,6.0,3
jungle2,z,1,3,train,0.0,2.0,6.0,3
jungle3,m,1,3,train,0.0,4.0,6.0,3
jungle1,z,1,3,train,0.0,8.0,6.0,3
jungle1,z,1,3,train,0.0,1.0,7.0,3
jungle2,z,1,3,train,0.0,4.0,7.0,3
jungle3,m,1,3,train,0.0,4.0,7.0,3
jungle2,z,1,3,train,0.0,2.0,8.0,3
jungle3,m,1,3,train,0.0,2.0,8.0,3
jungle1,z,1,3,train,0.0,5.0,8.0,3
jungle2,z,1,3,train,0.0,3.0,9.0,3
jungle1,z,1,3,train,0.0,2.0,9.0,3
jungle3,m,1,3,train,0.0,4.0,9.0,3
vegan (6),m,0,6,train,0.0,0.0,0.0,3
vegan (1),m,1,6,train,0.0,0.0,0.0,3
vegan (5),m,1,6,train,0.0,0.0,0.0,3
vegan (4),z,1,6,train,0.0,0.0,0.0,3
vegan (2),z,0,6,train,0.0,0.0,0.0,3
vegan (3),m,0,6,train,0.0,0.0,0.0,3
vegan (3),z,1,6,train,0.0,0.0,0.0,3
vegan (6),z,1,6,train,0.0,0.0,0.0,3
vegan (4),z,1,6,train,0.0,5.0,1.0,3
vegan (5),m,1,6,train,0.0,7.0,1.0,3
vegan (1),m,1,6,train,0.0,9.0,1.0,3
vegan (2),z,0,6,train,1.0,0.0,0.0,3
vegan (1),m,1,6,train,0.0,2.0,2.0,3
vegan (3),z,1,6,train,0.0,7.0,1.0,3
vegan (2),z,0,6,train,1.0,0.0,0.0,3
vegan (6),z,1,6,train,0.0,8.0,1.0,3
vegan (5),m,1,6,train,0.0,7.0,2.0,3
vegan (4),z,1,6,train,0.0,9.0,2.0,3
vegan (5),m,1,6,train,0.0,2.0,3.0,3
vegan (2),m,1,6,train,0.0,0.0,0.0,3
vegan (6),m,0,6,train,1.0,5.0,2.0,3
vegan (1),m,1,6,train,0.0,9.0,3.0,3
vegan (4),z,1,6,train,0.0,5.0,3.0,3
vegan (3),z,1,6,train,0.0,10.0,2.0,3
vegan (6),m,0,6,train,1.0,9.0,2.0,3
vegan (5),m,1,6,train,0.0,7.0,4.0,3
vegan (2),z,0,6,train,1.0,7.0,1.0,3
vegan (3),m,0,6,train,1.0,4.0,3.0,3
vegan (4),z,1,6,train,0.0,6.0,4.0,3
vegan (1),z,0,6,train,0.0,8.0,4.0,3
vegan (6),z,1,6,train,0.0,15.0,2.0,3
vegan (3),z,1,6,train,0.0,8.0,3.0,3
vegan (4),z,1,6,train,0.0,4.0,5.0,3
vegan (1),m,1,6,train,0.0,12.0,4.0,3
vegan (2),m,1,6,train,0.0,15.0,1.0,3
vegan (5),m,1,6,train,0.0,10.0,5.0,3
vegan (2),m,1,6,train,0.0,2.0,2.0,3
vegan (3),z,1,6,train,0.0,6.0,4.0,3
vegan (5),m,1,6,train,0.0,3.0,6.0,3
vegan (4),z,1,6,train,0.0,7.0,6.0,3
vegan (1),m,1,6,train,0.0,7.0,5.0,3
vegan (6),m,0,6,train,1.0,11.0,3.0,3
vegan (2),m,1,6,train,0.0,6.0,3.0,3
vegan (1),m,1,6,train,0.0,3.0,6.0,3
vegan (4),z,1,6,train,0.0,5.0,7.0,3
vegan (3),z,1,6,train,0.0,8.0,5.0,3
vegan (5),m,1,6,train,0.0,8.0,7.0,3
vegan (6),z,1,6,train,0.0,17.0,3.0,3
vegan (3),m,0,6,train,1.0,3.0,6.0,3
vegan (2),m,1,6,train,0.0,7.0,4.0,3
vegan (6),z,1,6,train,0.0,3.0,4.0,3
vegan (1),m,1,6,train,0.0,8.0,7.0,3
vegan (4),z,1,6,train,0.0,8.0,8.0,3
vegan (5),m,1,6,train,0.0,7.0,8.0,3
vegan (2),m,1,6,train,0.0,5.0,5.0,3
vegan (6),z,1,6,train,0.0,5.0,5.0,3
vegan (3),z,1,6,train,0.0,11.0,6.0,3
vegan (1),m,1,6,train,0.0,6.0,8.0,3
vegan (4),z,1,6,train,0.0,6.0,9.0,3
vegan (5),m,1,6,train,0.0,6.0,9.0,3
vegan (3),z,1,6,train,0.0,4.0,7.0,3
vegan (5),m,1,6,train,0.0,2.0,10.0,3
vegan (2),m,1,6,train,0.0,8.0,6.0,3
vegan (6),z,1,6,train,0.0,8.0,6.0,3
vegan (1),m,1,6,train,0.0,7.0,9.0,3
vegan (4),z,1,6,train,0.0,7.0,10.0,3
vegan (5),m,1,6,train,0.0,5.0,11.0,3
vegan (2),z,0,6,train,1.0,5.0,7.0,3
vegan (1),m,1,6,train,0.0,4.0,10.0,3
vegan (4),z,1,6,train,0.0,4.0,11.0,3
vegan (3),z,1,6,train,0.0,10.0,8.0,3
vegan (6),z,1,6,train,0.0,8.0,7.0,3
vegan (5),m,1,6,train,0.0,6.0,12.0,3
vegan (1),m,1,6,train,0.0,5.0,11.0,3
vegan (2),m,1,6,train,0.0,12.0,7.0,3
vegan (4),z,1,6,train,0.0,6.0,12.0,3
vegan (3),z,1,6,train,0.0,6.0,9.0,3
vegan (6),z,1,6,train,0.0,6.0,8.0,3
animal (1),m,0,3,train,0.0,0.0,0.0,3
animal (2),z,1,3,train,0.0,0.0,0.0,3
animal (3),m,1,3,train,0.0,0.0,0.0,3
animal (1),z,1,3,train,0.0,0.0,0.0,3
animal (3),m,1,3,train,0.0,2.0,1.0,3
animal (2),z,1,3,train,0.0,4.0,1.0,3
animal (2),z,1,3,train,0.0,1.0,2.0,3
animal (3),m,1,3,train,0.0,3.0,2.0,3
animal (1),z,1,3,train,0.0,5.0,1.0,3
animal (1),z,1,3,train,0.0,1.0,2.0,3
animal (2),z,1,3,train,0.0,4.0,3.0,3
animal (3),m,1,3,train,0.0,4.0,3.0,3
animal (1),z,1,3,train,0.0,3.0,3.0,3
animal (3),m,1,3,train,0.0,2.0,4.0,3
animal (2),z,1,3,train,0.0,4.0,4.0,3
animal (2),z,1,3,train,0.0,1.0,5.0,3
animal (3),m,1,3,train,0.0,3.0,5.0,3
animal (1),z,1,3,train,0.0,5.0,4.0,3
animal (3),m,1,3,train,0.0,2.0,6.0,3
animal (2),z,1,3,train,0.0,4.0,6.0,3
animal (1),z,1,3,train,0.0,3.0,5.0,3
animal (1),z,1,3,train,0.0,1.0,6.0,3
animal (3),m,1,3,train,0.0,4.0,7.0,3
animal (2),z,1,3,train,0.0,4.0,7.0,3
animal (2),z,1,3,train,0.0,1.0,8.0,3
animal (3),m,1,3,train,0.0,3.0,8.0,3
animal (1),z,1,3,train,0.0,5.0,7.0,3
animal (3),m,1,3,train,0.0,2.0,9.0,3
animal (1),z,1,3,train,0.0,2.0,8.0,3
animal (2),m,0,3,train,0.0,5.0,9.0,3
animal (2),z,1,3,train,0.0,6.0,9.0,3
animal (3),m,1,3,train,0.0,4.0,10.0,3
animal (2),z,1,3,train,0.0,2.0,10.0,3
animal (1),m,0,3,train,1.0,5.0,9.0,3
animal (3),m,1,3,train,0.0,3.0,11.0,3
animal (1),z,1,3,train,0.0,7.0,9.0,3
fruits (6),z,1,6,train,0.0,0.0,0.0,3
fruits (1),m,1,6,train,0.0,0.0,0.0,3
fruits (5),z,0,6,train,0.0,0.0,0.0,3
fruits (4),z,1,6,train,0.0,0.0,0.0,3
fruits (2),m,1,6,train,0.0,0.0,0.0,3
fruits (3),m,0,6,train,0.0,0.0,0.0,3
fruits (3),z,1,6,train,0.0,0.0,0.0,3
fruits (6),z,1,6,train,0.0,7.0,1.0,3
fruits (4),m,0,6,train,0.0,5.0,1.0,3
fruits (5),m,1,6,train,0.0,0.0,0.0,3
fruits (1),m,1,6,train,0.0,9.0,1.0,3
fruits (2),z,0,6,train,0.0,7.0,1.0,3
fruits (1),m,1,6,train,0.0,2.0,2.0,3
fruits (3),z,1,6,train,0.0,7.0,1.0,3
fruits (2),m,1,6,train,0.0,10.0,1.0,3
fruits (6),z,1,6,train,0.0,8.0,2.0,3
fruits (5),m,1,6,train,0.0,7.0,1.0,3
fruits (4),z,1,6,train,0.0,14.0,1.0,3
fruits (5),m,1,6,train,0.0,2.0,2.0,3
fruits (2),m,1,6,train,0.0,5.0,2.0,3
fruits (6),z,1,6,train,0.0,5.0,3.0,3
fruits (1),m,1,6,train,0.0,9.0,3.0,3
fruits (4),z,1,6,train,0.0,5.0,2.0,3
fruits (3),z,1,6,train,0.0,10.0,2.0,3
fruits (6),z,1,6,train,0.0,4.0,4.0,3
fruits (5),m,1,6,train,0.0,7.0,3.0,3
fruits (2),m,1,6,train,0.0,7.0,3.0,3
fruits (3),z,1,6,train,0.0,4.0,3.0,3
fruits (4),z,1,6,train,0.0,6.0,3.0,3
fruits (1),m,1,6,train,0.0,8.0,4.0,3
fruits (6),z,1,6,train,0.0,6.0,5.0,3
fruits (3),z,1,6,train,0.0,4.0,4.0,3
fruits (4),z,1,6,train,0.0,4.0,4.0,3
fruits (1),m,1,6,train,0.0,4.0,5.0,3
fruits (2),m,1,6,train,0.0,8.0,4.0,3
fruits (5),z,0,6,train,1.0,10.0,4.0,3
fruits (2),m,1,6,train,0.0,2.0,5.0,3
fruits (3),z,1,6,train,0.0,6.0,5.0,3
fruits (5),m,1,6,train,0.0,13.0,4.0,3
fruits (4),z,1,6,train,0.0,7.0,5.0,3
fruits (1),m,1,6,train,0.0,7.0,6.0,3
fruits (6),z,1,6,train,0.0,11.0,6.0,3
fruits (2),m,1,6,train,0.0,6.0,6.0,3
fruits (1),z,0,6,train,0.0,3.0,7.0,3
fruits (4),z,1,6,train,0.0,5.0,6.0,3
fruits (3),z,1,6,train,0.0,8.0,6.0,3
fruits (5),m,1,6,train,0.0,8.0,5.0,3
fruits (6),z,1,6,train,0.0,6.0,7.0,3
fruits (3),z,1,6,train,0.0,3.0,7.0,3
fruits (2),m,1,6,train,0.0,7.0,7.0,3
fruits (6),z,1,6,train,0.0,3.0,8.0,3
fruits (1),m,1,6,train,0.0,11.0,7.0,3
fruits (4),z,1,6,train,0.0,8.0,7.0,3
fruits (5),m,1,6,train,0.0,7.0,6.0,3
fruits (2),m,1,6,train,0.0,5.0,8.0,3
fruits (6),z,1,6,train,0.0,5.0,9.0,3
fruits (3),z,1,6,train,0.0,8.0,8.0,3
fruits (1),m,1,6,train,0.0,6.0,8.0,3
fruits (4),z,1,6,train,0.0,6.0,8.0,3
fruits (5),m,1,6,train,0.0,6.0,7.0,3
fruits (3),z,1,6,train,0.0,4.0,9.0,3
fruits (5),z,0,6,train,1.0,2.0,8.0,3
fruits (2),m,1,6,train,0.0,8.0,9.0,3
fruits (6),z,1,6,train,0.0,8.0,10.0,3
fruits (1),m,1,6,train,0.0,7.0,9.0,3
fruits (4),z,1,6,train,0.0,7.0,9.0,3
fruits (5),m,1,6,train,0.0,7.0,8.0,3
fruits (2),m,1,6,train,0.0,5.0,10.0,3
fruits (1),z,0,6,train,1.0,4.0,10.0,3
fruits (4),z,1,6,train,0.0,4.0,10.0,3
fruits (3),z,1,6,train,0.0,10.0,10.0,3
fruits (6),z,1,6,train,0.0,8.0,11.0,3
fruits (5),m,1,6,train,0.0,6.0,9.0,3
fruits (1),m,1,6,train,0.0,9.0,10.0,3
fruits (2),m,1,6,train,0.0,7.0,11.0,3
fruits (4),z,1,6,train,0.0,6.0,11.0,3
fruits (3),z,1,6,train,0.0,6.0,11.0,3
fruits (6),z,1,6,train,0.0,6.0,12.0,3
tools (1),m,0,3,train,0.0,0.0,0.0,3
tools (2),m,0,3,train,0.0,0.0,0.0,3
tools (3),m,1,3,train,0.0,0.0,0.0,3
tools (1),z,1,3,train,0.0,0.0,0.0,3
tools (3),m,1,3,train,0.0,2.0,1.0,3
tools (2),z,1,3,train,0.0,0.0,0.0,3
tools (2),z,1,3,train,0.0,1.0,1.0,3
tools (3),m,1,3,train,0.0,3.0,2.0,3
tools (1),z,1,3,train,0.0,5.0,1.0,3
tools (1),z,1,3,train,0.0,1.0,2.0,3
tools (2),z,1,3,train,0.0,4.0,2.0,3
tools (3),m,1,3,train,0.0,4.0,3.0,3
tools (1),z,1,3,train,0.0,3.0,3.0,3
tools (3),m,1,3,train,0.0,2.0,4.0,3
tools (2),z,1,3,train,0.0,4.0,3.0,3
tools (2),z,1,3,train,0.0,1.0,4.0,3
tools (3),m,1,3,train,0.0,3.0,5.0,3
tools (1),z,1,3,train,0.0,5.0,4.0,3
tools (3),z,0,3,train,0.0,2.0,6.0,3
tools (2),z,1,3,train,0.0,4.0,5.0,3
tools (1),z,1,3,train,0.0,3.0,5.0,3
tools (1),z,1,3,train,0.0,1.0,6.0,3
tools (3),m,1,3,train,0.0,6.0,6.0,3
tools (2),z,1,3,train,0.0,4.0,6.0,3
tools (2),z,1,3,train,0.0,1.0,7.0,3
tools (3),m,1,3,train,0.0,3.0,7.0,3
tools (1),z,1,3,train,0.0,5.0,7.0,3
tools (3),z,0,3,train,1.0,2.0,8.0,3
tools (1),z,1,3,train,0.0,2.0,8.0,3
tools (2),m,0,3,train,1.0,5.0,8.0,3
tools (2),z,1,3,train,0.0,6.0,8.0,3
tools (3),m,1,3,train,0.0,6.0,8.0,3
tools (2),z,1,3,train,0.0,2.0,9.0,3
tools (1),z,1,3,train,0.0,5.0,9.0,3
tools (3),m,1,3,train,0.0,3.0,9.0,3
tools (1),z,1,3,train,0.0,2.0,10.0,3
clothes (6),m,0,6,train,0.0,0.0,0.0,3
clothes (1),m,1,6,train,0.0,0.0,0.0,3
clothes (5),m,1,6,train,0.0,0.0,0.0,3
clothes (4),z,1,6,train,0.0,0.0,0.0,3
clothes (2),m,1,6,train,0.0,0.0,0.0,3
clothes (3),z,1,6,train,0.0,0.0,0.0,3
clothes (3),z,1,6,train,0.0,1.0,1.0,3
clothes (6),z,1,6,train,0.0,0.0,0.0,3
clothes (4),m,0,6,train,0.0,5.0,1.0,3
clothes (5),m,1,6,train,0.0,7.0,1.0,3
clothes (1),m,1,6,train,0.0,9.0,1.0,3
clothes (2),m,1,6,train,0.0,7.0,1.0,3
clothes (1),m,1,6,train,0.0,2.0,2.0,3
clothes (3),z,1,6,train,0.0,7.0,2.0,3
clothes (2),m,1,6,train,0.0,3.0,2.0,3
clothes (6),m,0,6,train,1.0,8.0,1.0,3
clothes (5),m,1,6,train,0.0,7.0,2.0,3
clothes (4),z,1,6,train,0.0,14.0,1.0,3
clothes (5),m,1,6,train,0.0,2.0,3.0,3
clothes (2),m,1,6,train,0.0,5.0,3.0,3
clothes (6),z,1,6,train,0.0,13.0,1.0,3
clothes (1),m,1,6,train,0.0,9.0,3.0,3
clothes (4),z,1,6,train,0.0,5.0,2.0,3
clothes (3),z,1,6,train,0.0,10.0,3.0,3
clothes (6),z,1,6,train,0.0,4.0,2.0,3
clothes (5),m,1,6,train,0.0,7.0,4.0,3
clothes (2),z,0,6,train,0.0,7.0,4.0,3
clothes (3),z,1,6,train,0.0,4.0,4.0,3
clothes (4),z,1,6,train,0.0,6.0,3.0,3
clothes (1),m,1,6,train,0.0,8.0,4.0,3
clothes (6),z,1,6,train,0.0,6.0,3.0,3
clothes (3),z,1,6,train,0.0,4.0,5.0,3
clothes (4),z,1,6,train,0.0,4.0,4.0,3
clothes (1),m,1,6,train,0.0,4.0,5.0,3
clothes (2),m,1,6,train,0.0,15.0,4.0,3
clothes (5),m,1,6,train,0.0,10.0,5.0,3
clothes (2),m,1,6,train,0.0,2.0,5.0,3
clothes (3),z,1,6,train,0.0,6.0,6.0,3
clothes (5),m,1,6,train,0.0,3.0,6.0,3
clothes (4),z,1,6,train,0.0,7.0,5.0,3
clothes (1),m,1,6,train,0.0,7.0,6.0,3
clothes (6),z,1,6,train,0.0,11.0,4.0,3
clothes (2),z,0,6,train,1.0,6.0,6.0,3
clothes (1),m,1,6,train,0.0,3.0,7.0,3
clothes (4),z,1,6,train,0.0,5.0,6.0,3
clothes (3),z,1,6,train,0.0,8.0,7.0,3
clothes (5),m,1,6,train,0.0,8.0,7.0,3
clothes (6),z,1,6,train,0.0,6.0,5.0,3
clothes (3),z,1,6,train,0.0,3.0,8.0,3
clothes (2),m,1,6,train,0.0,13.0,6.0,3
clothes (6),m,0,6,train,1.0,3.0,6.0,3
clothes (1),m,1,6,train,0.0,8.0,8.0,3
clothes (4),z,1,6,train,0.0,8.0,7.0,3
clothes (5),m,1,6,train,0.0,7.0,8.0,3
clothes (2),z,0,6,train,1.0,5.0,7.0,3
clothes (6),z,1,6,train,0.0,8.0,6.0,3
clothes (3),z,1,6,train,0.0,8.0,9.0,3
clothes (1),z,0,6,train,0.0,6.0,9.0,3
clothes (4),z,1,6,train,0.0,6.0,8.0,3
clothes (5),m,1,6,train,0.0,6.0,9.0,3
clothes (3),z,1,6,train,0.0,4.0,10.0,3
clothes (5),m,1,6,train,0.0,2.0,10.0,3
clothes (2),m,1,6,train,0.0,13.0,7.0,3
clothes (6),z,1,6,train,0.0,8.0,7.0,3
clothes (1),m,1,6,train,0.0,13.0,9.0,3
clothes (4),m,0,6,train,1.0,7.0,9.0,3
clothes (5),m,1,6,train,0.0,5.0,11.0,3
clothes (2),m,1,6,train,0.0,5.0,8.0,3
clothes (1),m,1,6,train,0.0,4.0,10.0,3
clothes (4),z,1,6,train,0.0,11.0,9.0,3
clothes (3),z,1,6,train,0.0,10.0,11.0,3
clothes (6),z,1,6,train,0.0,8.0,8.0,3
clothes (5),m,1,6,train,0.0,6.0,12.0,3
clothes (1),z,0,6,train,1.0,5.0,11.0,3
clothes (2),m,1,6,train,0.0,7.0,9.0,3
clothes (4),z,1,6,train,0.0,6.0,10.0,3
clothes (3),z,1,6,train,0.0,6.0,12.0,3
clothes (6),z,1,6,train,0.0,6.0,9.0,3
face (1),m,0,3,train,0.0,0.0,0.0,3
face (2),m,0,3,train,0.0,0.0,0.0,3
face (3),m,1,3,train,0.0,0.0,0.0,3
face (1),z,1,3,train,0.0,0.0,0.0,3
face (3),z,0,3,train,0.0,2.0,1.0,3
face (2),z,1,3,train,0.0,0.0,0.0,3
face (2),m,0,3,train,1.0,1.0,1.0,3
face (3),m,1,3,train,0.0,5.0,1.0,3
face (1),m,0,3,train,1.0,5.0,1.0,3
face (1),z,1,3,train,0.0,6.0,1.0,3
face (2),m,0,3,train,1.0,5.0,1.0,3
face (3),m,1,3,train,0.0,4.0,2.0,3
face (1),z,1,3,train,0.0,3.0,2.0,3
face (3),m,1,3,train,0.0,2.0,3.0,3
face (2),z,1,3,train,0.0,9.0,1.0,3
face (2),z,1,3,train,0.0,1.0,2.0,3
face (3),m,1,3,train,0.0,3.0,4.0,3
face (1),z,1,3,train,0.0,5.0,3.0,3
face (3),z,0,3,train,1.0,2.0,5.0,3
face (2),z,1,3,train,0.0,4.0,3.0,3
face (1),z,1,3,train,0.0,3.0,4.0,3
face (1),m,0,3,train,1.0,1.0,5.0,3
face (3),m,1,3,train,0.0,6.0,5.0,3
face (2),z,1,3,train,0.0,4.0,4.0,3
face (2),z,1,3,train,0.0,1.0,5.0,3
face (3),m,1,3,train,0.0,3.0,6.0,3
face (1),z,1,3,train,0.0,6.0,5.0,3
face (3),m,1,3,train,0.0,2.0,7.0,3
face (1),z,1,3,train,0.0,2.0,6.0,3
face (2),z,1,3,train,0.0,5.0,6.0,3
face (2),z,1,3,train,0.0,1.0,7.0,3
face (3),m,1,3,train,0.0,4.0,8.0,3
face (2),z,1,3,train,0.0,2.0,8.0,3
face (1),z,1,3,train,0.0,5.0,7.0,3
face (3),z,0,3,train,1.0,3.0,9.0,3
face (1),z,1,3,train,0.0,2.0,8.0,3
color (6),m,0,6,train,0.0,0.0,0.0,3
color (1),m,1,6,train,0.0,0.0,0.0,3
color (5),m,1,6,train,0.0,0.0,0.0,3
color (4),z,1,6,train,0.0,0.0,0.0,3
color (2),m,1,6,train,0.0,0.0,0.0,3
color (3),z,1,6,train,0.0,0.0,0.0,3
color (3),z,1,6,train,0.0,1.0,1.0,3
color (6),z,1,6,train,0.0,0.0,0.0,3
color (4),z,1,6,train,0.0,5.0,1.0,3
color (5),m,1,6,train,0.0,7.0,1.0,3
color (1),m,1,6,train,0.0,9.0,1.0,3
color (2),m,1,6,train,0.0,7.0,1.0,3
color (1),m,1,6,train,0.0,2.0,2.0,3
color (3),z,1,6,train,0.0,7.0,2.0,3
color (2),m,1,6,train,0.0,3.0,2.0,3
color (6),z,1,6,train,0.0,8.0,1.0,3
color (5),m,1,6,train,0.0,7.0,2.0,3
color (4),z,1,6,train,0.0,9.0,2.0,3
color (5),m,1,6,train,0.0,2.0,3.0,3
color (2),m,1,6,train,0.0,5.0,3.0,3
color (6),z,1,6,train,0.0,5.0,2.0,3
color (1),z,0,6,train,0.0,9.0,3.0,3
color (4),z,1,6,train,0.0,5.0,3.0,3
color (3),z,1,6,train,0.0,10.0,3.0,3
color (6),z,1,6,train,0.0,4.0,3.0,3
color (5),m,1,6,train,0.0,7.0,4.0,3
color (2),m,1,6,train,0.0,7.0,4.0,3
color (3),z,1,6,train,0.0,4.0,4.0,3
color (4),z,1,6,train,0.0,6.0,4.0,3
color (1),m,1,6,train,0.0,17.0,3.0,3
color (6),z,1,6,train,0.0,6.0,4.0,3
color (3),z,1,6,train,0.0,4.0,5.0,3
color (4),z,1,6,train,0.0,4.0,5.0,3
color (1),m,1,6,train,0.0,4.0,4.0,3
color (2),z,0,6,train,0.0,8.0,5.0,3
color (5),m,1,6,train,0.0,10.0,5.0,3
color (2),m,1,6,train,0.0,10.0,5.0,3
color (3),z,1,6,train,0.0,6.0,6.0,3
color (5),m,1,6,train,0.0,3.0,6.0,3
color (4),z,1,6,train,0.0,7.0,6.0,3
color (1),m,1,6,train,0.0,7.0,5.0,3
color (6),z,1,6,train,0.0,11.0,5.0,3
color (2),m,1,6,train,0.0,6.0,6.0,3
color (1),m,1,6,train,0.0,3.0,6.0,3
color (4),z,1,6,train,0.0,5.0,7.0,3
color (3),z,1,6,train,0.0,8.0,7.0,3
color (5),m,1,6,train,0.0,8.0,7.0,3
color (6),z,1,6,train,0.0,6.0,6.0,3
color (3),z,1,6,train,0.0,3.0,8.0,3
color (2),z,0,6,train,1.0,7.0,7.0,3
color (6),z,1,6,train,0.0,3.0,7.0,3
color (1),m,1,6,train,0.0,8.0,7.0,3
color (4),z,1,6,train,0.0,8.0,8.0,3
color (5),m,1,6,train,0.0,7.0,8.0,3
color (2),m,1,6,train,0.0,12.0,7.0,3
color (6),z,1,6,train,0.0,5.0,8.0,3
color (3),z,1,6,train,0.0,8.0,9.0,3
color (1),m,1,6,train,0.0,6.0,8.0,3
color (4),z,1,6,train,0.0,6.0,9.0,3
color (5),m,1,6,train,0.0,6.0,9.0,3
color (3),z,1,6,train,0.0,4.0,10.0,3
color (5),m,1,6,train,0.0,2.0,10.0,3
color (2),m,1,6,train,0.0,8.0,8.0,3
color (6),z,1,6,train,0.0,8.0,9.0,3
color (1),m,1,6,train,0.0,7.0,9.0,3
color (4),z,1,6,train,0.0,7.0,10.0,3
color (5),m,1,6,train,0.0,5.0,11.0,3
color (2),m,1,6,train,0.0,5.0,9.0,3
color (1),m,1,6,train,0.0,4.0,10.0,3
color (4),z,1,6,train,0.0,4.0,11.0,3
color (3),z,1,6,train,0.0,10.0,11.0,3
color (6),z,1,6,train,0.0,8.0,10.0,3
color (5),m,1,6,train,0.0,6.0,12.0,3
color (1),m,1,6,train,0.0,5.0,11.0,3
color (2),m,1,6,train,0.0,7.0,10.0,3
color (4),z,1,6,train,0.0,6.0,12.0,3
color (3),z,1,6,train,0.0,6.0,12.0,3
color (6),z,1,6,train,0.0,6.0,11.0,3
symbol (1),z,0,3,train,0.0,0.0,0.0,3
symbol (2),z,0,3,train,0.0,0.0,0.0,3
symbol (3),z,1,3,train,0.0,0.0,0.0,3
symbol (1),m,1,3,train,0.0,0.0,0.0,3
symbol (3),z,1,3,train,0.0,2.0,1.0,3
symbol (2),m,1,3,train,0.0,0.0,0.0,3
symbol (2),m,1,3,train,0.0,1.0,1.0,3
symbol (3),z,1,3,train,0.0,3.0,2.0,3
symbol (1),z,0,3,train,1.0,5.0,1.0,3
symbol (1),m,1,3,train,0.0,6.0,1.0,3
symbol (2),m,1,3,train,0.0,4.0,2.0,3
symbol (3),z,1,3,train,0.0,4.0,3.0,3
symbol (1),m,1,3,train,0.0,3.0,2.0,3
symbol (3),m,0,3,train,0.0,2.0,4.0,3
symbol (2),m,1,3,train,0.0,4.0,3.0,3
symbol (2),m,1,3,train,0.0,1.0,4.0,3
symbol (3),z,1,3,train,0.0,5.0,4.0,3
symbol (1),m,1,3,train,0.0,5.0,3.0,3
symbol (3),z,1,3,train,0.0,2.0,5.0,3
symbol (2),m,1,3,train,0.0,4.0,5.0,3
symbol (1),z,0,3,train,1.0,3.0,4.0,3
symbol (1),m,1,3,train,0.0,4.0,4.0,3
symbol (3),m,0,3,train,1.0,4.0,6.0,3
symbol (2),m,1,3,train,0.0,4.0,6.0,3
symbol (2),m,1,3,train,0.0,1.0,7.0,3
symbol (3),z,1,3,train,0.0,7.0,6.0,3
symbol (1),m,1,3,train,0.0,5.0,5.0,3
symbol (3),z,1,3,train,0.0,2.0,7.0,3
symbol (1),z,0,3,train,1.0,2.0,6.0,3
symbol (2),m,1,3,train,0.0,5.0,8.0,3
symbol (2),m,1,3,train,0.0,1.0,9.0,3
symbol (3),z,1,3,train,0.0,4.0,8.0,3
symbol (2),m,1,3,train,0.0,2.0,10.0,3
symbol (1),m,1,3,train,0.0,7.0,6.0,3
symbol (3),z,1,3,train,0.0,3.0,9.0,3
symbol (1),m,1,3,train,0.0,2.0,7.0,3
environment (6),m,0,6,train,0.0,0.0,0.0,3
environment (1),m,1,6,train,0.0,0.0,0.0,3
environment (5),z,0,6,train,0.0,0.0,0.0,3
environment (4),z,1,6,train,0.0,0.0,0.0,3
environment (2),m,1,6,train,0.0,0.0,0.0,3
environment (3),m,0,6,train,0.0,0.0,0.0,3
environment (3),z,1,6,train,0.0,0.0,0.0,3
environment (6),m,0,6,train,1.0,0.0,0.0,3
environment (4),z,1,6,train,0.0,5.0,1.0,3
environment (5),m,1,6,train,0.0,0.0,0.0,3
environment (1),m,1,6,train,0.0,9.0,1.0,3
environment (2),m,1,6,train,0.0,7.0,1.0,3
environment (1),m,1,6,train,0.0,2.0,2.0,3
environment (3),z,1,6,train,0.0,7.0,1.0,3
environment (2),m,1,6,train,0.0,3.0,2.0,3
environment (6),z,1,6,train,0.0,0.0,0.0,3
environment (5),z,0,6,train,1.0,7.0,1.0,3
environment (4),m,0,6,train,0.0,9.0,2.0,3
environment (5),z,0,6,train,1.0,9.0,1.0,3
environment (2),m,1,6,train,0.0,5.0,3.0,3
environment (6),z,1,6,train,0.0,5.0,1.0,3
environment (1),m,1,6,train,0.0,9.0,3.0,3
environment (4),m,0,6,train,1.0,14.0,2.0,3
environment (3),z,1,6,train,0.0,10.0,2.0,3
environment (6),z,1,6,train,0.0,4.0,2.0,3
environment (5),z,0,6,train,1.0,16.0,1.0,3
environment (2),m,1,6,train,0.0,7.0,4.0,3
environment (3),z,1,6,train,0.0,4.0,3.0,3
environment (4),m,0,6,train,1.0,20.0,2.0,3
environment (1),m,1,6,train,0.0,8.0,4.0,3
environment (6),z,1,6,train,0.0,6.0,3.0,3
environment (3),z,1,6,train,0.0,4.0,4.0,3
environment (4),z,1,6,train,0.0,24.0,2.0,3
environment (1),m,1,6,train,0.0,4.0,5.0,3
environment (2),m,1,6,train,0.0,8.0,5.0,3
environment (5),z,0,6,train,1.0,26.0,1.0,3
environment (2),m,1,6,train,0.0,2.0,6.0,3
environment (3),z,1,6,train,0.0,6.0,5.0,3
environment (5),m,1,6,train,0.0,29.0,1.0,3
environment (4),z,1,6,train,0.0,7.0,3.0,3
environment (1),m,1,6,train,0.0,7.0,6.0,3
environment (6),z,1,6,train,0.0,11.0,4.0,3
environment (2),m,1,6,train,0.0,6.0,7.0,3
environment (1),m,1,6,train,0.0,3.0,7.0,3
environment (4),z,1,6,train,0.0,5.0,4.0,3
environment (3),z,1,6,train,0.0,8.0,6.0,3
environment (5),m,1,6,train,0.0,8.0,2.0,3
environment (6),z,1,6,train,0.0,6.0,5.0,3
environment (3),z,1,6,train,0.0,3.0,7.0,3
environment (2),m,1,6,train,0.0,7.0,8.0,3
environment (6),z,1,6,train,0.0,3.0,6.0,3
environment (1),m,1,6,train,0.0,8.0,8.0,3
environment (4),z,1,6,train,0.0,8.0,5.0,3
environment (5),m,1,6,train,0.0,7.0,3.0,3
environment (2),m,1,6,train,0.0,5.0,9.0,3
environment (6),z,1,6,train,0.0,5.0,7.0,3
environment (3),z,1,6,train,0.0,8.0,8.0,3
environment (1),m,1,6,train,0.0,6.0,9.0,3
environment (4),z,1,6,train,0.0,6.0,6.0,3
environment (5),m,1,6,train,0.0,6.0,4.0,3
environment (3),z,1,6,train,0.0,4.0,9.0,3
environment (5),m,1,6,train,0.0,2.0,5.0,3
environment (2),m,1,6,train,0.0,8.0,10.0,3
environment (6),z,1,6,train,0.0,8.0,8.0,3
environment (1),m,1,6,train,0.0,7.0,10.0,3
environment (4),z,1,6,train,0.0,7.0,7.0,3
environment (5),m,1,6,train,0.0,5.0,6.0,3
environment (2),m,1,6,train,0.0,5.0,11.0,3
environment (1),m,1,6,train,0.0,4.0,11.0,3
environment (4),z,1,6,train,0.0,4.0,8.0,3
environment (3),z,1,6,train,0.0,10.0,10.0,3
environment (6),z,1,6,train,0.0,8.0,9.0,3
environment (5),m,1,6,train,0.0,6.0,7.0,3
environment (1),m,1,6,train,0.0,5.0,12.0,3
environment (2),m,1,6,train,0.0,7.0,12.0,3
environment (4),z,1,6,train,0.0,6.0,9.0,3
environment (3),z,1,6,train,0.0,6.0,11.0,3
environment (6),z,1,6,train,0.0,6.0,10.0,3
vehicle (1),m,1,3,train,0.0,0.0,0.0,3
vehicle (2),z,0,3,train,0.0,0.0,0.0,3
vehicle (3),z,1,3,train,0.0,0.0,0.0,3
vehicle (1),m,1,3,train,0.0,3.0,1.0,3
vehicle (3),z,1,3,train,0.0,2.0,1.0,3
vehicle (2),m,1,3,train,0.0,0.0,0.0,3
vehicle (2),m,1,3,train,0.0,1.0,1.0,3
vehicle (3),z,1,3,train,0.0,3.0,2.0,3
vehicle (1),m,1,3,train,0.0,5.0,2.0,3
vehicle (1),m,1,3,train,0.0,1.0,3.0,3
vehicle (2),m,1,3,train,0.0,4.0,2.0,3
vehicle (3),z,1,3,train,0.0,4.0,3.0,3
vehicle (1),m,1,3,train,0.0,3.0,4.0,3
vehicle (3),z,1,3,train,0.0,2.0,4.0,3
vehicle (2),m,1,3,train,0.0,4.0,3.0,3
vehicle (2),m,1,3,train,0.0,1.0,4.0,3
vehicle (3),z,1,3,train,0.0,3.0,5.0,3
vehicle (1),m,1,3,train,0.0,5.0,5.0,3
vehicle (3),m,0,3,train,0.0,2.0,6.0,3
vehicle (2),z,0,3,train,1.0,4.0,5.0,3
vehicle (1),z,0,3,train,0.0,3.0,6.0,3
vehicle (1),m,1,3,train,0.0,4.0,6.0,3
vehicle (3),z,1,3,train,0.0,6.0,6.0,3
vehicle (2),m,1,3,train,0.0,8.0,5.0,3
vehicle (2),m,1,3,train,0.0,1.0,6.0,3
vehicle (3),z,1,3,train,0.0,3.0,7.0,3
vehicle (1),m,1,3,train,0.0,5.0,7.0,3
vehicle (3),z,1,3,train,0.0,2.0,8.0,3
vehicle (1),m,1,3,train,0.0,2.0,8.0,3
vehicle (2),m,1,3,train,0.0,5.0,7.0,3
vehicle (2),z,0,3,train,1.0,1.0,8.0,3
vehicle (3),z,1,3,train,0.0,4.0,9.0,3
vehicle (2),m,1,3,train,0.0,3.0,8.0,3
vehicle (1),m,1,3,train,0.0,5.0,9.0,3
vehicle (3),z,1,3,train,0.0,3.0,10.0,3
vehicle (1),m,1,3,train,0.0,2.0,10.0,3
instrument (1),m,1,3,train,0.0,0.0,0.0,3
instrument (2),z,0,3,train,0.0,0.0,0.0,3
instrument (3),z,1,3,train,0.0,0.0,0.0,3
instrument (1),m,1,3,train,0.0,3.0,1.0,3
instrument (3),z,1,3,train,0.0,2.0,1.0,3
instrument (2),m,1,3,train,0.0,0.0,0.0,3
instrument (2),m,1,3,train,0.0,1.0,1.0,3
instrument (3),z,1,3,train,0.0,3.0,2.0,3
instrument (1),m,1,3,train,0.0,5.0,2.0,3
instrument (1),m,1,3,train,0.0,1.0,3.0,3
instrument (2),m,1,3,train,0.0,4.0,2.0,3
instrument (3),z,1,3,train,0.0,4.0,3.0,3
instrument (1),m,1,3,train,0.0,3.0,4.0,3
instrument (3),m,0,3,train,0.0,2.0,4.0,3
instrument (2),m,1,3,train,0.0,4.0,3.0,3
instrument (2),m,1,3,train,0.0,1.0,4.0,3
instrument (3),z,1,3,train,0.0,5.0,4.0,3
instrument (1),m,1,3,train,0.0,5.0,5.0,3
instrument (3),z,1,3,train,0.0,2.0,5.0,3
instrument (2),m,1,3,train,0.0,4.0,5.0,3
instrument (1),m,1,3,train,0.0,3.0,6.0,3
instrument (1),m,1,3,train,0.0,1.0,7.0,3
instrument (3),z,1,3,train,0.0,4.0,6.0,3
instrument (2),m,1,3,train,0.0,4.0,6.0,3
instrument (2),m,1,3,train,0.0,1.0,7.0,3
instrument (3),z,1,3,train,0.0,3.0,7.0,3
instrument (1),m,1,3,train,0.0,5.0,8.0,3
instrument (3),z,1,3,train,0.0,2.0,8.0,3
instrument (1),m,1,3,train,0.0,2.0,9.0,3
instrument (2),m,1,3,train,0.0,5.0,8.0,3
instrument (2),m,1,3,train,0.0,1.0,9.0,3
instrument (3),z,1,3,train,0.0,4.0,9.0,3
instrument (2),m,1,3,train,0.0,2.0,10.0,3
instrument (1),m,1,3,train,0.0,5.0,10.0,3
instrument (3),z,1,3,train,0.0,3.0,10.0,3
instrument (1),m,1,3,train,0.0,2.0,11.0,3
jungle2,m,0,3,train,0.0,0.0,0.0,4
jungle1,z,1,3,train,0.0,0.0,0.0,4
jungle3,z,0,3,train,0.0,0.0,0.0,4
jungle1,m,0,3,train,0.0,2.0,1.0,4
jungle3,z,0,3,train,1.0,0.0,0.0,4
jungle2,z,1,3,train,0.0,0.0,0.0,4
jungle3,m,1,3,train,0.0,0.0,0.0,4
jungle2,z,1,3,train,0.0,2.0,1.0,4
jungle1,m,0,3,train,1.0,7.0,1.0,4
jungle1,z,1,3,train,0.0,8.0,1.0,4
jungle2,m,0,3,train,1.0,3.0,2.0,4
jungle3,z,0,3,train,1.0,5.0,1.0,4
jungle3,m,1,3,train,0.0,6.0,1.0,4
jungle1,m,0,3,train,1.0,4.0,2.0,4
jungle2,z,1,3,train,0.0,7.0,2.0,4
jungle3,z,0,3,train,1.0,3.0,2.0,4
jungle1,m,0,3,train,1.0,7.0,2.0,4
jungle2,m,0,3,train,1.0,3.0,3.0,4
jungle1,z,1,3,train,0.0,9.0,2.0,4
jungle3,z,0,3,train,1.0,7.0,2.0,4
jungle2,z,1,3,train,0.0,6.0,3.0,4
jungle3,m,1,3,train,0.0,9.0,2.0,4
jungle2,z,1,3,train,0.0,2.0,4.0,4
jungle1,z,1,3,train,0.0,5.0,3.0,4
jungle2,m,0,3,train,1.0,2.0,5.0,4
jungle3,z,0,3,train,1.0,4.0,3.0,4
jungle1,z,1,3,train,0.0,3.0,4.0,4
jungle1,z,1,3,train,0.0,1.0,5.0,4
jungle2,m,0,3,train,1.0,6.0,5.0,4
jungle3,m,1,3,train,0.0,8.0,3.0,4
jungle2,z,1,3,train,0.0,8.0,5.0,4
jungle3,m,1,3,train,0.0,2.0,4.0,4
jungle1,z,1,3,train,0.0,5.0,6.0,4
jungle2,z,1,3,train,0.0,3.0,6.0,4
jungle1,z,1,3,train,0.0,2.0,7.0,4
jungle3,m,1,3,train,0.0,4.0,5.0,4
vegan (6),m,0,6,train,0.0,0.0,0.0,4
vegan (1),z,0,6,train,0.0,0.0,0.0,4
vegan (5),m,1,6,train,0.0,0.0,0.0,4
vegan (4),m,0,6,train,0.0,0.0,0.0,4
vegan (2),m,1,6,train,0.0,0.0,0.0,4
vegan (3),m,0,6,train,0.0,0.0,0.0,4
vegan (3),z,1,6,train,0.0,0.0,0.0,4
vegan (6),z,1,6,train,0.0,0.0,0.0,4
vegan (4),z,1,6,train,0.0,0.0,0.0,4
vegan (5),z,0,6,train,0.0,7.0,1.0,4
vegan (1),z,0,6,train,1.0,0.0,0.0,4
vegan (2),m,1,6,train,0.0,7.0,1.0,4
vegan (1),m,1,6,train,0.0,0.0,0.0,4
vegan (3),z,1,6,train,0.0,7.0,1.0,4
vegan (2),m,1,6,train,0.0,3.0,2.0,4
vegan (6),m,0,6,train,1.0,8.0,1.0,4
vegan (5),m,1,6,train,0.0,14.0,1.0,4
vegan (4),z,1,6,train,0.0,9.0,1.0,4
vegan (5),m,1,6,train,0.0,2.0,2.0,4
vegan (2),m,1,6,train,0.0,5.0,3.0,4
vegan (6),z,1,6,train,0.0,13.0,1.0,4
vegan (1),m,1,6,train,0.0,9.0,1.0,4
vegan (4),z,1,6,train,0.0,5.0,2.0,4
vegan (3),m,0,6,train,1.0,10.0,2.0,4
vegan (6),z,1,6,train,0.0,4.0,2.0,4
vegan (5),m,1,6,train,0.0,7.0,3.0,4
vegan (2),m,1,6,train,0.0,7.0,4.0,4
vegan (3),z,1,6,train,0.0,14.0,2.0,4
vegan (4),z,1,6,train,0.0,6.0,3.0,4
vegan (1),m,1,6,train,0.0,8.0,2.0,4
vegan (6),z,1,6,train,0.0,6.0,3.0,4
vegan (3),z,1,6,train,0.0,4.0,3.0,4
vegan (4),z,1,6,train,0.0,4.0,4.0,4
vegan (1),m,1,6,train,0.0,4.0,3.0,4
vegan (2),m,1,6,train,0.0,8.0,5.0,4
vegan (5),m,1,6,train,0.0,10.0,4.0,4
vegan (2),m,1,6,train,0.0,2.0,6.0,4
vegan (3),z,1,6,train,0.0,6.0,4.0,4
vegan (5),m,1,6,train,0.0,3.0,5.0,4
vegan (4),z,1,6,train,0.0,7.0,5.0,4
vegan (1),m,1,6,train,0.0,7.0,4.0,4
vegan (6),z,1,6,train,0.0,11.0,4.0,4
vegan (2),m,1,6,train,0.0,6.0,7.0,4
vegan (1),m,1,6,train,0.0,3.0,5.0,4
vegan (4),m,0,6,train,1.0,5.0,6.0,4
vegan (3),z,1,6,train,0.0,8.0,5.0,4
vegan (5),m,1,6,train,0.0,8.0,6.0,4
vegan (6),z,1,6,train,0.0,6.0,5.0,4
vegan (3),z,1,6,train,0.0,3.0,6.0,4
vegan (2),m,1,6,train,0.0,7.0,8.0,4
vegan (6),z,1,6,train,0.0,3.0,6.0,4
vegan (1),m,1,6,train,0.0,8.0,6.0,4
vegan (4),z,1,6,train,0.0,13.0,6.0,4
vegan (5),m,1,6,train,0.0,7.0,7.0,4
vegan (2),m,1,6,train,0.0,5.0,9.0,4
vegan (6),z,1,6,train,0.0,5.0,7.0,4
vegan (3),z,1,6,train,0.0,8.0,7.0,4
vegan (1),m,1,6,train,0.0,6.0,7.0,4
vegan (4),z,1,6,train,0.0,6.0,7.0,4
vegan (5),m,1,6,train,0.0,6.0,8.0,4
vegan (3),z,1,6,train,0.0,4.0,8.0,4
vegan (5),m,1,6,train,0.0,2.0,9.0,4
vegan (2),m,1,6,train,0.0,8.0,10.0,4
vegan (6),z,1,6,train,0.0,8.0,8.0,4
vegan (1),m,1,6,train,0.0,7.0,8.0,4
vegan (4),z,1,6,train,0.0,7.0,8.0,4
vegan (5),m,1,6,train,0.0,5.0,10.0,4
vegan (2),m,1,6,train,0.0,5.0,11.0,4
vegan (1),m,1,6,train,0.0,4.0,9.0,4
vegan (4),z,1,6,train,0.0,4.0,9.0,4
vegan (3),m,0,6,train,1.0,10.0,9.0,4
vegan (6),z,1,6,train,0.0,8.0,9.0,4
vegan (5),m,1,6,train,0.0,6.0,11.0,4
vegan (1),m,1,6,train,0.0,5.0,10.0,4
vegan (2),m,1,6,train,0.0,7.0,12.0,4
vegan (4),z,1,6,train,0.0,6.0,10.0,4
vegan (3),z,1,6,train,0.0,16.0,9.0,4
vegan (6),z,1,6,train,0.0,6.0,10.0,4
animal (1),m,0,3,train,0.0,0.0,0.0,4
animal (2),m,0,3,train,0.0,0.0,0.0,4
animal (3),z,0,3,train,0.0,0.0,0.0,4
animal (1),z,1,3,train,0.0,0.0,0.0,4
animal (3),m,1,3,train,0.0,0.0,0.0,4
animal (2),m,0,3,train,1.0,0.0,0.0,4
animal (2),z,1,3,train,0.0,0.0,0.0,4
animal (3),m,1,3,train,0.0,3.0,1.0,4
animal (1),m,0,3,train,1.0,5.0,1.0,4
animal (1),z,1,3,train,0.0,6.0,1.0,4
animal (2),z,1,3,train,0.0,4.0,1.0,4
animal (3),m,1,3,train,0.0,4.0,2.0,4
animal (1),z,1,3,train,0.0,3.0,2.0,4
animal (3),m,1,3,train,0.0,2.0,3.0,4
animal (2),z,1,3,train,0.0,4.0,2.0,4
animal (2),z,1,3,train,0.0,1.0,3.0,4
animal (3),m,1,3,train,0.0,3.0,4.0,4
animal (1),z,1,3,train,0.0,5.0,3.0,4
animal (3),m,1,3,train,0.0,2.0,5.0,4
animal (2),z,1,3,train,0.0,4.0,4.0,4
animal (1),z,1,3,train,0.0,3.0,4.0,4
animal (1),z,1,3,train,0.0,1.0,5.0,4
animal (3),m,1,3,train,0.0,4.0,6.0,4
animal (2),z,1,3,train,0.0,4.0,5.0,4
animal (2),z,1,3,train,0.0,1.0,6.0,4
animal (3),m,1,3,train,0.0,3.0,7.0,4
animal (1),z,1,3,train,0.0,5.0,6.0,4
animal (3),m,1,3,train,0.0,2.0,8.0,4
animal (1),z,1,3,train,0.0,2.0,7.0,4
animal (2),z,1,3,train,0.0,5.0,7.0,4
animal (2),z,1,3,train,0.0,1.0,8.0,4
animal (3),m,1,3,train,0.0,4.0,9.0,4
animal (2),z,1,3,train,0.0,2.0,9.0,4
animal (1),z,1,3,train,0.0,5.0,8.0,4
animal (3),m,1,3,train,0.0,3.0,10.0,4
animal (1),z,1,3,train,0.0,2.0,9.0,4
fruits (6),m,0,6,train,0.0,0.0,0.0,4
fruits (1),m,1,6,train,0.0,0.0,0.0,4
fruits (5),m,1,6,train,0.0,0.0,0.0,4
fruits (4),z,1,6,train,0.0,0.0,0.0,4
fruits (2),z,0,6,train,0.0,0.0,0.0,4
fruits (3),z,1,6,train,0.0,0.0,0.0,4
fruits (3),z,1,6,train,0.0,1.0,1.0,4
fruits (6),z,1,6,train,0.0,0.0,0.0,4
fruits (4),z,1,6,train,0.0,5.0,1.0,4
fruits (5),m,1,6,train,0.0,7.0,1.0,4
fruits (1),m,1,6,train,0.0,9.0,1.0,4
fruits (2),m,1,6,train,0.0,0.0,0.0,4
fruits (1),m,1,6,train,0.0,2.0,2.0,4
fruits (3),z,1,6,train,0.0,7.0,2.0,4
fruits (2),m,1,6,train,0.0,3.0,1.0,4
fruits (6),z,1,6,train,0.0,8.0,1.0,4
fruits (5),m,1,6,train,0.0,7.0,2.0,4
fruits (4),z,1,6,train,0.0,9.0,2.0,4
fruits (5),m,1,6,train,0.0,2.0,3.0,4
fruits (2),m,1,6,train,0.0,5.0,2.0,4
fruits (6),z,1,6,train,0.0,5.0,2.0,4
fruits (1),m,1,6,train,0.0,9.0,3.0,4
fruits (4),z,1,6,train,0.0,5.0,3.0,4
fruits (3),z,1,6,train,0.0,10.0,3.0,4
fruits (6),z,1,6,train,0.0,4.0,3.0,4
fruits (5),m,1,6,train,0.0,7.0,4.0,4
fruits (2),m,1,6,train,0.0,7.0,3.0,4
fruits (3),z,1,6,train,0.0,4.0,4.0,4
fruits (4),z,1,6,train,0.0,6.0,4.0,4
fruits (1),z,0,6,train,0.0,8.0,4.0,4
fruits (6),z,1,6,train,0.0,6.0,4.0,4
fruits (3),z,1,6,train,0.0,4.0,5.0,4
fruits (4),z,1,6,train,0.0,4.0,5.0,4
fruits (1),m,1,6,train,0.0,12.0,4.0,4
fruits (2),m,1,6,train,0.0,8.0,4.0,4
fruits (5),m,1,6,train,0.0,10.0,5.0,4
fruits (2),m,1,6,train,0.0,2.0,5.0,4
fruits (3),z,1,6,train,0.0,6.0,6.0,4
fruits (5),m,1,6,train,0.0,3.0,6.0,4
fruits (4),z,1,6,train,0.0,7.0,6.0,4
fruits (1),m,1,6,train,0.0,7.0,5.0,4
fruits (6),z,1,6,train,0.0,11.0,5.0,4
fruits (2),m,1,6,train,0.0,6.0,6.0,4
fruits (1),m,1,6,train,0.0,3.0,6.0,4
fruits (4),z,1,6,train,0.0,5.0,7.0,4
fruits (3),z,1,6,train,0.0,8.0,7.0,4
fruits (5),m,1,6,train,0.0,8.0,7.0,4
fruits (6),z,1,6,train,0.0,6.0,6.0,4
fruits (3),z,1,6,train,0.0,3.0,8.0,4
fruits (2),m,1,6,train,0.0,7.0,7.0,4
fruits (6),z,1,6,train,0.0,3.0,7.0,4
fruits (1),m,1,6,train,0.0,8.0,7.0,4
fruits (4),z,1,6,train,0.0,8.0,8.0,4
fruits (5),m,1,6,train,0.0,7.0,8.0,4
fruits (2),m,1,6,train,0.0,5.0,8.0,4
fruits (6),z,1,6,train,0.0,5.0,8.0,4
fruits (3),z,1,6,train,0.0,8.0,9.0,4
fruits (1),m,1,6,train,0.0,6.0,8.0,4
fruits (4),z,1,6,train,0.0,6.0,9.0,4
fruits (5),m,1,6,train,0.0,6.0,9.0,4
fruits (3),z,1,6,train,0.0,4.0,10.0,4
fruits (5),m,1,6,train,0.0,2.0,10.0,4
fruits (2),m,1,6,train,0.0,8.0,9.0,4
fruits (6),z,1,6,train,0.0,8.0,9.0,4
fruits (1),m,1,6,train,0.0,7.0,9.0,4
fruits (4),z,1,6,train,0.0,7.0,10.0,4
fruits (5),m,1,6,train,0.0,5.0,11.0,4
fruits (2),m,1,6,train,0.0,5.0,10.0,4
fruits (1),m,1,6,train,0.0,4.0,10.0,4
fruits (4),z,1,6,train,0.0,4.0,11.0,4
fruits (3),z,1,6,train,0.0,10.0,11.0,4
fruits (6),z,1,6,train,0.0,8.0,10.0,4
fruits (5),m,1,6,train,0.0,6.0,12.0,4
fruits (1),m,1,6,train,0.0,5.0,11.0,4
fruits (2),m,1,6,train,0.0,7.0,11.0,4
fruits (4),z,1,6,train,0.0,6.0,12.0,4
fruits (3),z,1,6,train,0.0,6.0,12.0,4
fruits (6),z,1,6,train,0.0,6.0,11.0,4
tools (1),z,1,3,train,0.0,0.0,0.0,4
tools (2),z,1,3,train,0.0,0.0,0.0,4
tools (3),m,1,3,train,0.0,0.0,0.0,4
tools (1),z,1,3,train,0.0,3.0,1.0,4
tools (3),m,1,3,train,0.0,2.0,1.0,4
tools (2),z,1,3,train,0.0,4.0,1.0,4
tools (2),z,1,3,train,0.0,1.0,2.0,4
tools (3),m,1,3,train,0.0,3.0,2.0,4
tools (1),z,1,3,train,0.0,5.0,2.0,4
tools (1),z,1,3,train,0.0,1.0,3.0,4
tools (2),z,1,3,train,0.0,4.0,3.0,4
tools (3),m,1,3,train,0.0,4.0,3.0,4
tools (1),z,1,3,train,0.0,3.0,4.0,4
tools (3),m,1,3,train,0.0,2.0,4.0,4
tools (2),z,1,3,train,0.0,4.0,4.0,4
tools (2),z,1,3,train,0.0,1.0,5.0,4
tools (3),m,1,3,train,0.0,3.0,5.0,4
tools (1),z,1,3,train,0.0,5.0,5.0,4
tools (3),m,1,3,train,0.0,2.0,6.0,4
tools (2),z,1,3,train,0.0,4.0,6.0,4
tools (1),z,1,3,train,0.0,3.0,6.0,4
tools (1),z,1,3,train,0.0,1.0,7.0,4
tools (3),m,1,3,train,0.0,4.0,7.0,4
tools (2),z,1,3,train,0.0,4.0,7.0,4
tools (2),z,1,3,train,0.0,1.0,8.0,4
tools (3),m,1,3,train,0.0,3.0,8.0,4
tools (1),z,1,3,train,0.0,5.0,8.0,4
tools (3),m,1,3,train,0.0,2.0,9.0,4
tools (1),z,1,3,train,0.0,2.0,9.0,4
tools (2),z,1,3,train,0.0,5.0,9.0,4
tools (2),z,1,3,train,0.0,1.0,10.0,4
tools (3),m,1,3,train,0.0,4.0,10.0,4
tools (2),z,1,3,train,0.0,2.0,11.0,4
tools (1),z,1,3,train,0.0,5.0,10.0,4
tools (3),m,1,3,train,0.0,3.0,11.0,4
tools (1),z,1,3,train,0.0,2.0,11.0,4
clothes (6),m,0,6,train,0.0,0.0,0.0,4
clothes (1),z,0,6,train,0.0,0.0,0.0,4
clothes (5),m,1,6,train,0.0,0.0,0.0,4
clothes (4),m,0,6,train,0.0,0.0,0.0,4
clothes (2),m,1,6,train,0.0,0.0,0.0,4
clothes (3),m,0,6,train,0.0,0.0,0.0,4
clothes (3),z,1,6,train,0.0,0.0,0.0,4
clothes (6),m,0,6,train,1.0,0.0,0.0,4
clothes (4),z,1,6,train,0.0,0.0,0.0,4
clothes (5),m,1,6,train,0.0,7.0,1.0,4
clothes (1),z,0,6,train,1.0,0.0,0.0,4
clothes (2),z,0,6,train,0.0,7.0,1.0,4
clothes (1),m,1,6,train,0.0,0.0,0.0,4
clothes (3),z,1,6,train,0.0,7.0,1.0,4
clothes (2),m,1,6,train,0.0,10.0,1.0,4
clothes (6),z,1,6,train,0.0,0.0,0.0,4
clothes (5),m,1,6,train,0.0,7.0,2.0,4
clothes (4),m,0,6,train,1.0,9.0,1.0,4
clothes (5),m,1,6,train,0.0,2.0,3.0,4
clothes (2),m,1,6,train,0.0,5.0,2.0,4
clothes (6),z,1,6,train,0.0,5.0,1.0,4
clothes (1),m,1,6,train,0.0,9.0,1.0,4
clothes (4),z,1,6,train,0.0,14.0,1.0,4
clothes (3),z,1,6,train,0.0,10.0,2.0,4
clothes (6),z,1,6,train,0.0,4.0,2.0,4
clothes (5),m,1,6,train,0.0,7.0,4.0,4
clothes (2),m,1,6,train,0.0,7.0,3.0,4
clothes (3),z,1,6,train,0.0,4.0,3.0,4
clothes (4),z,1,6,train,0.0,6.0,2.0,4
clothes (1),m,1,6,train,0.0,8.0,2.0,4
clothes (6),z,1,6,train,0.0,6.0,3.0,4
clothes (3),z,1,6,train,0.0,4.0,4.0,4
clothes (4),z,1,6,train,0.0,4.0,3.0,4
clothes (1),m,1,6,train,0.0,4.0,3.0,4
clothes (2),m,1,6,train,0.0,8.0,4.0,4
clothes (5),m,1,6,train,0.0,10.0,5.0,4
clothes (2),m,1,6,train,0.0,2.0,5.0,4
clothes (3),z,1,6,train,0.0,6.0,5.0,4
clothes (5),m,1,6,train,0.0,3.0,6.0,4
clothes (4),z,1,6,train,0.0,7.0,4.0,4
clothes (1),m,1,6,train,0.0,7.0,4.0,4
clothes (6),z,1,6,train,0.0,11.0,4.0,4
clothes (2),m,1,6,train,0.0,6.0,6.0,4
clothes (1),m,1,6,train,0.0,3.0,5.0,4
clothes (4),m,0,6,train,1.0,5.0,5.0,4
clothes (3),z,1,6,train,0.0,8.0,6.0,4
clothes (5),m,1,6,train,0.0,8.0,7.0,4
clothes (6),z,1,6,train,0.0,6.0,5.0,4
clothes (3),z,1,6,train,0.0,3.0,7.0,4
clothes (2),m,1,6,train,0.0,7.0,7.0,4
clothes (6),z,1,6,train,0.0,3.0,6.0,4
clothes (1),m,1,6,train,0.0,8.0,6.0,4
clothes (4),z,1,6,train,0.0,13.0,5.0,4
clothes (5),m,1,6,train,0.0,7.0,8.0,4
clothes (2),m,1,6,train,0.0,5.0,8.0,4
clothes (6),z,1,6,train,0.0,5.0,7.0,4
clothes (3),z,1,6,train,0.0,8.0,8.0,4
clothes (1),m,1,6,train,0.0,6.0,7.0,4
clothes (4),z,1,6,train,0.0,6.0,6.0,4
clothes (5),m,1,6,train,0.0,6.0,9.0,4
clothes (3),z,1,6,train,0.0,4.0,9.0,4
clothes (5),m,1,6,train,0.0,2.0,10.0,4
clothes (2),m,1,6,train,0.0,8.0,9.0,4
clothes (6),z,1,6,train,0.0,8.0,8.0,4
clothes (1),m,1,6,train,0.0,7.0,8.0,4
clothes (4),z,1,6,train,0.0,7.0,7.0,4
clothes (5),m,1,6,train,0.0,5.0,11.0,4
clothes (2),m,1,6,train,0.0,5.0,10.0,4
clothes (1),m,1,6,train,0.0,4.0,9.0,4
clothes (4),z,1,6,train,0.0,4.0,8.0,4
clothes (3),z,1,6,train,0.0,10.0,10.0,4
clothes (6),z,1,6,train,0.0,8.0,9.0,4
clothes (5),m,1,6,train,0.0,6.0,12.0,4
clothes (1),m,1,6,train,0.0,5.0,10.0,4
clothes (2),m,1,6,train,0.0,7.0,11.0,4
clothes (4),z,1,6,train,0.0,6.0,9.0,4
clothes (3),z,1,6,train,0.0,6.0,11.0,4
clothes (6),z,1,6,train,0.0,6.0,10.0,4
face (1),m,0,3,train,0.0,0.0,0.0,4
face (2),m,0,3,train,0.0,0.0,0.0,4
face (3),m,1,3,train,0.0,0.0,0.0,4
face (1),z,1,3,train,0.0,0.0,0.0,4
face (3),m,1,3,train,0.0,2.0,1.0,4
face (2),z,1,3,train,0.0,0.0,0.0,4
face (2),z,1,3,train,0.0,1.0,1.0,4
face (3),m,1,3,train,0.0,3.0,2.0,4
face (1),z,1,3,train,0.0,5.0,1.0,4
face (1),z,1,3,train,0.0,1.0,2.0,4
face (2),z,1,3,train,0.0,4.0,2.0,4
face (3),m,1,3,train,0.0,4.0,3.0,4
face (1),z,1,3,train,0.0,3.0,3.0,4
face (3),m,1,3,train,0.0,2.0,4.0,4
face (2),z,1,3,train,0.0,4.0,3.0,4
face (2),z,1,3,train,0.0,1.0,4.0,4
face (3),m,1,3,train,0.0,3.0,5.0,4
face (1),z,1,3,train,0.0,5.0,4.0,4
face (3),m,1,3,train,0.0,2.0,6.0,4
face (2),z,1,3,train,0.0,4.0,5.0,4
face (1),z,1,3,train,0.0,3.0,5.0,4
face (1),z,1,3,train,0.0,1.0,6.0,4
face (3),m,1,3,train,0.0,4.0,7.0,4
face (2),z,1,3,train,0.0,4.0,6.0,4
face (2),z,1,3,train,0.0,1.0,7.0,4
face (3),m,1,3,train,0.0,3.0,8.0,4
face (1),z,1,3,train,0.0,5.0,7.0,4
face (3),m,1,3,train,0.0,2.0,9.0,4
face (1),z,1,3,train,0.0,2.0,8.0,4
face (2),z,1,3,train,0.0,5.0,8.0,4
face (2),z,1,3,train,0.0,1.0,9.0,4
face (3),m,1,3,train,0.0,4.0,10.0,4
face (2),z,1,3,train,0.0,2.0,10.0,4
face (1),z,1,3,train,0.0,5.0,9.0,4
face (3),m,1,3,train,0.0,3.0,11.0,4
face (1),z,1,3,train,0.0,2.0,10.0,4
color (6),m,0,6,train,0.0,0.0,0.0,4
color (1),m,1,6,train,0.0,0.0,0.0,4
color (5),m,1,6,train,0.0,0.0,0.0,4
color (4),m,0,6,train,0.0,0.0,0.0,4
color (2),m,1,6,train,0.0,0.0,0.0,4
color (3),m,0,6,train,0.0,0.0,0.0,4
color (3),z,1,6,train,0.0,0.0,0.0,4
color (6),m,0,6,train,1.0,0.0,0.0,4
color (4),m,0,6,train,1.0,0.0,0.0,4
color (5),m,1,6,train,0.0,7.0,1.0,4
color (1),m,1,6,train,0.0,9.0,1.0,4
color (2),z,0,6,train,0.0,7.0,1.0,4
color (1),m,1,6,train,0.0,2.0,2.0,4
color (3),z,1,6,train,0.0,7.0,1.0,4
color (2),m,1,6,train,0.0,10.0,1.0,4
color (6),z,1,6,train,0.0,0.0,0.0,4
color (5),m,1,6,train,0.0,7.0,2.0,4
color (4),z,1,6,train,0.0,0.0,0.0,4
color (5),m,1,6,train,0.0,2.0,3.0,4
color (2),m,1,6,train,0.0,5.0,2.0,4
color (6),z,1,6,train,0.0,5.0,1.0,4
color (1),m,1,6,train,0.0,9.0,3.0,4
color (4),z,1,6,train,0.0,5.0,1.0,4
color (3),z,1,6,train,0.0,10.0,2.0,4
color (6),z,1,6,train,0.0,4.0,2.0,4
color (5),m,1,6,train,0.0,7.0,4.0,4
color (2),m,1,6,train,0.0,7.0,3.0,4
color (3),z,1,6,train,0.0,4.0,3.0,4
color (4),z,1,6,train,0.0,6.0,2.0,4
color (1),m,1,6,train,0.0,8.0,4.0,4
color (6),z,1,6,train,0.0,6.0,3.0,4
color (3),z,1,6,train,0.0,4.0,4.0,4
color (4),z,1,6,train,0.0,4.0,3.0,4
color (1),m,1,6,train,0.0,4.0,5.0,4
color (2),z,0,6,train,1.0,8.0,4.0,4
color (5),m,1,6,train,0.0,10.0,5.0,4
color (2),m,1,6,train,0.0,10.0,4.0,4
color (3),z,1,6,train,0.0,6.0,5.0,4
color (5),m,1,6,train,0.0,3.0,6.0,4
color (4),z,1,6,train,0.0,7.0,4.0,4
color (1),m,1,6,train,0.0,7.0,6.0,4
color (6),z,1,6,train,0.0,11.0,4.0,4
color (2),m,1,6,train,0.0,6.0,5.0,4
color (1),m,1,6,train,0.0,3.0,7.0,4
color (4),z,1,6,train,0.0,5.0,5.0,4
color (3),z,1,6,train,0.0,8.0,6.0,4
color (5),m,1,6,train,0.0,8.0,7.0,4
color (6),z,1,6,train,0.0,6.0,5.0,4
color (3),z,1,6,train,0.0,3.0,7.0,4
color (2),m,1,6,train,0.0,7.0,6.0,4
color (6),z,1,6,train,0.0,3.0,6.0,4
color (1),m,1,6,train,0.0,8.0,8.0,4
color (4),z,1,6,train,0.0,8.0,6.0,4
color (5),m,1,6,train,0.0,7.0,8.0,4
color (2),z,0,6,train,1.0,5.0,7.0,4
color (6),z,1,6,train,0.0,5.0,7.0,4
color (3),z,1,6,train,0.0,8.0,8.0,4
color (1),m,1,6,train,0.0,6.0,9.0,4
color (4),z,1,6,train,0.0,6.0,7.0,4
color (5),m,1,6,train,0.0,6.0,9.0,4
color (3),z,1,6,train,0.0,4.0,9.0,4
color (5),m,1,6,train,0.0,2.0,10.0,4
color (2),m,1,6,train,0.0,13.0,7.0,4
color (6),z,1,6,train,0.0,8.0,8.0,4
color (1),m,1,6,train,0.0,7.0,10.0,4
color (4),z,1,6,train,0.0,7.0,8.0,4
color (5),m,1,6,train,0.0,5.0,11.0,4
color (2),z,0,6,train,1.0,5.0,8.0,4
color (1),m,1,6,train,0.0,4.0,11.0,4
color (4),z,1,6,train,0.0,4.0,9.0,4
color (3),z,1,6,train,0.0,10.0,10.0,4
color (6),z,1,6,train,0.0,8.0,9.0,4
color (5),m,1,6,train,0.0,6.0,12.0,4
color (1),m,1,6,train,0.0,5.0,12.0,4
color (2),m,1,6,train,0.0,12.0,8.0,4
color (4),z,1,6,train,0.0,6.0,10.0,4
color (3),z,1,6,train,0.0,6.0,11.0,4
color (6),z,1,6,train,0.0,6.0,10.0,4
symbol (1),z,0,3,train,0.0,0.0,0.0,4
symbol (2),z,0,3,train,0.0,0.0,0.0,4
symbol (3),z,1,3,train,0.0,0.0,0.0,4
symbol (1),z,0,3,train,1.0,0.0,0.0,4
symbol (3),z,1,3,train,0.0,2.0,1.0,4
symbol (2),m,1,3,train,0.0,0.0,0.0,4
symbol (2),m,1,3,train,0.0,1.0,1.0,4
symbol (3),z,1,3,train,0.0,3.0,2.0,4
symbol (1),m,1,3,train,0.0,0.0,0.0,4
symbol (1),m,1,3,train,0.0,1.0,1.0,4
symbol (2),m,1,3,train,0.0,4.0,2.0,4
symbol (3),z,1,3,train,0.0,4.0,3.0,4
symbol (1),m,1,3,train,0.0,3.0,2.0,4
symbol (3),z,1,3,train,0.0,2.0,4.0,4
symbol (2),m,1,3,train,0.0,4.0,3.0,4
symbol (2),m,1,3,train,0.0,1.0,4.0,4
symbol (3),z,1,3,train,0.0,3.0,5.0,4
symbol (1),m,1,3,train,0.0,5.0,3.0,4
symbol (3),z,1,3,train,0.0,2.0,6.0,4
symbol (2),m,1,3,train,0.0,4.0,5.0,4
symbol (1),m,1,3,train,0.0,3.0,4.0,4
symbol (1),m,1,3,train,0.0,1.0,5.0,4
symbol (3),z,1,3,train,0.0,4.0,7.0,4
symbol (2),m,1,3,train,0.0,4.0,6.0,4
symbol (2),z,0,3,train,1.0,1.0,7.0,4
symbol (3),z,1,3,train,0.0,3.0,8.0,4
symbol (1),m,1,3,train,0.0,5.0,6.0,4
symbol (3),z,1,3,train,0.0,2.0,9.0,4
symbol (1),m,1,3,train,0.0,2.0,7.0,4
symbol (2),m,1,3,train,0.0,6.0,7.0,4
symbol (2),m,1,3,train,0.0,1.0,8.0,4
symbol (3),z,1,3,train,0.0,4.0,10.0,4
symbol (2),m,1,3,train,0.0,2.0,9.0,4
symbol (1),m,1,3,train,0.0,5.0,8.0,4
symbol (3),z,1,3,train,0.0,3.0,11.0,4
symbol (1),m,1,3,train,0.0,2.0,9.0,4
environment (6),z,1,6,train,0.0,0.0,0.0,4
environment (1),z,0,6,train,0.0,0.0,0.0,4
environment (5),z,0,6,train,0.0,0.0,0.0,4
environment (4),z,1,6,train,0.0,0.0,0.0,4
environment (2),z,0,6,train,0.0,0.0,0.0,4
environment (3),z,1,6,train,0.0,0.0,0.0,4
environment (3),z,1,6,train,0.0,1.0,1.0,4
environment (6),z,1,6,train,0.0,7.0,1.0,4
environment (4),z,1,6,train,0.0,5.0,1.0,4
environment (5),m,1,6,train,0.0,0.0,0.0,4
environment (1),z,0,6,train,1.0,0.0,0.0,4
environment (2),m,1,6,train,0.0,0.0,0.0,4
environment (1),z,0,6,train,1.0,0.0,0.0,4
environment (3),z,1,6,train,0.0,7.0,2.0,4
environment (2),z,0,6,train,1.0,3.0,1.0,4
environment (6),z,1,6,train,0.0,8.0,2.0,4
environment (5),m,1,6,train,0.0,7.0,1.0,4
environment (4),z,1,6,train,0.0,9.0,2.0,4
environment (5),m,1,6,train,0.0,2.0,2.0,4
environment (2),z,0,6,train,1.0,8.0,1.0,4
environment (6),z,1,6,train,0.0,5.0,3.0,4
environment (1),z,0,6,train,1.0,0.0,0.0,4
environment (4),z,1,6,train,0.0,5.0,3.0,4
environment (3),z,1,6,train,0.0,10.0,3.0,4
environment (6),z,1,6,train,0.0,4.0,4.0,4
environment (5),m,1,6,train,0.0,7.0,3.0,4
environment (2),m,1,6,train,0.0,15.0,1.0,4
environment (3),z,1,6,train,0.0,4.0,4.0,4
environment (4),z,1,6,train,0.0,6.0,4.0,4
environment (1),z,0,6,train,1.0,0.0,0.0,4
environment (6),z,1,6,train,0.0,6.0,5.0,4
environment (3),z,1,6,train,0.0,4.0,5.0,4
environment (4),z,1,6,train,0.0,4.0,5.0,4
environment (1),m,1,6,train,0.0,0.0,0.0,4
environment (2),m,1,6,train,0.0,8.0,2.0,4
environment (5),m,1,6,train,0.0,10.0,4.0,4
environment (2),m,1,6,train,0.0,2.0,3.0,4
environment (3),z,1,6,train,0.0,6.0,6.0,4
environment (5),m,1,6,train,0.0,3.0,5.0,4
environment (4),z,1,6,train,0.0,7.0,6.0,4
environment (1),m,1,6,train,0.0,7.0,1.0,4
environment (6),z,1,6,train,0.0,11.0,6.0,4
environment (2),m,1,6,train,0.0,6.0,4.0,4
environment (1),m,1,6,train,0.0,3.0,2.0,4
environment (4),z,1,6,train,0.0,5.0,7.0,4
environment (3),z,1,6,train,0.0,8.0,7.0,4
environment (5),m,1,6,train,0.0,8.0,6.0,4
environment (6),z,1,6,train,0.0,6.0,7.0,4
environment (3),z,1,6,train,0.0,3.0,8.0,4
environment (2),m,1,6,train,0.0,7.0,5.0,4
environment (6),z,1,6,train,0.0,3.0,8.0,4
environment (1),m,1,6,train,0.0,8.0,3.0,4
environment (4),z,1,6,train,0.0,8.0,8.0,4
environment (5),m,1,6,train,0.0,7.0,7.0,4
environment (2),z,0,6,train,1.0,5.0,6.0,4
environment (6),z,1,6,train,0.0,5.0,9.0,4
environment (3),z,1,6,train,0.0,8.0,9.0,4
environment (1),z,0,6,train,1.0,6.0,4.0,4
environment (4),z,1,6,train,0.0,6.0,9.0,4
environment (5),m,1,6,train,0.0,6.0,8.0,4
environment (3),z,1,6,train,0.0,4.0,10.0,4
environment (5),m,1,6,train,0.0,2.0,9.0,4
environment (2),m,1,6,train,0.0,13.0,6.0,4
environment (6),z,1,6,train,0.0,8.0,10.0,4
environment (1),m,1,6,train,0.0,13.0,4.0,4
environment (4),z,1,6,train,0.0,7.0,10.0,4
environment (5),m,1,6,train,0.0,5.0,10.0,4
environment (2),z,0,6,train,1.0,5.0,7.0,4
environment (1),m,1,6,train,0.0,4.0,5.0,4
environment (4),z,1,6,train,0.0,4.0,11.0,4
environment (3),z,1,6,train,0.0,10.0,11.0,4
environment (6),z,1,6,train,0.0,8.0,11.0,4
environment (5),m,1,6,train,0.0,6.0,11.0,4
environment (1),m,1,6,train,0.0,5.0,6.0,4
environment (2),m,1,6,train,0.0,12.0,7.0,4
environment (4),z,1,6,train,0.0,6.0,12.0,4
environment (3),z,1,6,train,0.0,6.0,12.0,4
environment (6),z,1,6,train,0.0,6.0,12.0,4
vehicle (1),z,0,3,train,0.0,0.0,0.0,4
vehicle (2),z,0,3,train,0.0,0.0,0.0,4
vehicle (3),z,1,3,train,0.0,0.0,0.0,4
vehicle (1),m,1,3,train,0.0,0.0,0.0,4
vehicle (3),z,1,3,train,0.0,2.0,1.0,4
vehicle (2),m,1,3,train,0.0,0.0,0.0,4
vehicle (2),m,1,3,train,0.0,1.0,1.0,4
vehicle (3),z,1,3,train,0.0,3.0,2.0,4
vehicle (1),m,1,3,train,0.0,5.0,1.0,4
vehicle (1),m,1,3,train,0.0,1.0,2.0,4
vehicle (2),m,1,3,train,0.0,4.0,2.0,4
vehicle (3),z,1,3,train,0.0,4.0,3.0,4
vehicle (1),m,1,3,train,0.0,3.0,3.0,4
vehicle (3),z,1,3,train,0.0,2.0,4.0,4
vehicle (2),m,1,3,train,0.0,4.0,3.0,4
vehicle (2),z,0,3,train,1.0,1.0,4.0,4
vehicle (3),z,1,3,train,0.0,3.0,5.0,4
vehicle (1),m,1,3,train,0.0,5.0,4.0,4
vehicle (3),z,1,3,train,0.0,2.0,6.0,4
vehicle (2),m,1,3,train,0.0,5.0,4.0,4
vehicle (1),m,1,3,train,0.0,3.0,5.0,4
vehicle (1),m,1,3,train,0.0,1.0,6.0,4
vehicle (3),z,1,3,train,0.0,4.0,7.0,4
vehicle (2),m,1,3,train,0.0,4.0,5.0,4
vehicle (2),m,1,3,train,0.0,1.0,6.0,4
vehicle (3),z,1,3,train,0.0,3.0,8.0,4
vehicle (1),m,1,3,train,0.0,5.0,7.0,4
vehicle (3),z,1,3,train,0.0,2.0,9.0,4
vehicle (1),m,1,3,train,0.0,2.0,8.0,4
vehicle (2),m,1,3,train,0.0,5.0,7.0,4
vehicle (2),m,1,3,train,0.0,1.0,8.0,4
vehicle (3),z,1,3,train,0.0,4.0,10.0,4
vehicle (2),m,1,3,train,0.0,2.0,9.0,4
vehicle (1),m,1,3,train,0.0,5.0,9.0,4
vehicle (3),z,1,3,train,0.0,3.0,11.0,4
vehicle (1),m,1,3,train,0.0,2.0,10.0,4
instrument (1),m,1,3,train,0.0,0.0,0.0,4
instrument (2),m,1,3,train,0.0,0.0,0.0,4
instrument (3),z,1,3,train,0.0,0.0,0.0,4
instrument (1),m,1,3,train,0.0,3.0,1.0,4
instrument (3),z,1,3,train,0.0,2.0,1.0,4
instrument (2),m,1,3,train,0.0,4.0,1.0,4
instrument (2),m,1,3,train,0.0,1.0,2.0,4
instrument (3),z,1,3,train,0.0,3.0,2.0,4
instrument (1),m,1,3,train,0.0,5.0,2.0,4
instrument (1),m,1,3,train,0.0,1.0,3.0,4
instrument (2),m,1,3,train,0.0,4.0,3.0,4
instrument (3),z,1,3,train,0.0,4.0,3.0,4
instrument (1),m,1,3,train,0.0,3.0,4.0,4
instrument (3),z,1,3,train,0.0,2.0,4.0,4
instrument (2),m,1,3,train,0.0,4.0,4.0,4
instrument (2),m,1,3,train,0.0,1.0,5.0,4
instrument (3),z,1,3,train,0.0,3.0,5.0,4
instrument (1),m,1,3,train,0.0,5.0,5.0,4
instrument (3),z,1,3,train,0.0,2.0,6.0,4
instrument (2),m,1,3,train,0.0,4.0,6.0,4
instrument (1),m,1,3,train,0.0,3.0,6.0,4
instrument (1),z,0,3,train,0.0,1.0,7.0,4
instrument (3),z,1,3,train,0.0,4.0,7.0,4
instrument (2),m,1,3,train,0.0,4.0,7.0,4
instrument (2),m,1,3,train,0.0,1.0,8.0,4
instrument (3),z,1,3,train,0.0,3.0,8.0,4
instrument (1),m,1,3,train,0.0,6.0,7.0,4
instrument (3),z,1,3,train,0.0,2.0,9.0,4
instrument (1),m,1,3,train,0.0,2.0,8.0,4
instrument (2),m,1,3,train,0.0,5.0,9.0,4
instrument (2),m,1,3,train,0.0,1.0,10.0,4
instrument (3),z,1,3,train,0.0,4.0,10.0,4
instrument (2),m,1,3,train,0.0,2.0,11.0,4
instrument (1),m,1,3,train,0.0,5.0,9.0,4
instrument (3),z,1,3,train,0.0,3.0,11.0,4
instrument (1),m,1,3,train,0.0,2.0,10.0,4
jungle2,m,0,3,train,0.0,0.0,0.0,5
jungle1,m,0,3,train,0.0,0.0,0.0,5
jungle3,m,1,3,train,0.0,0.0,0.0,5
jungle1,z,1,3,train,0.0,0.0,0.0,5
jungle3,m,1,3,train,0.0,2.0,1.0,5
jungle2,z,1,3,train,0.0,0.0,0.0,5
jungle3,z,0,3,train,0.0,2.0,2.0,5
jungle2,m,0,3,train,1.0,2.0,1.0,5
jungle1,z,1,3,train,0.0,5.0,1.0,5
jungle1,z,1,3,train,0.0,1.0,2.0,5
jungle2,m,0,3,train,1.0,5.0,1.0,5
jungle3,z,0,3,train,1.0,7.0,2.0,5
jungle3,m,1,3,train,0.0,8.0,2.0,5
jungle1,z,1,3,train,0.0,4.0,3.0,5
jungle2,m,0,3,train,1.0,9.0,1.0,5
jungle3,z,0,3,train,1.0,3.0,3.0,5
jungle1,m,0,3,train,1.0,3.0,4.0,5
jungle2,z,1,3,train,0.0,12.0,1.0,5
jungle1,m,0,3,train,1.0,5.0,4.0,5
jungle3,m,1,3,train,0.0,7.0,3.0,5
jungle2,m,0,3,train,1.0,3.0,2.0,5
jungle3,m,1,3,train,0.0,2.0,4.0,5
jungle2,z,1,3,train,0.0,5.0,2.0,5
jungle1,z,1,3,train,0.0,10.0,4.0,5
jungle2,m,0,3,train,1.0,2.0,3.0,5
jungle3,z,0,3,train,1.0,4.0,5.0,5
jungle1,m,0,3,train,1.0,3.0,5.0,5
jungle1,z,1,3,train,0.0,4.0,5.0,5
jungle2,z,1,3,train,0.0,6.0,3.0,5
jungle3,m,1,3,train,0.0,8.0,5.0,5
jungle2,m,0,3,train,1.0,2.0,4.0,5
jungle3,z,0,3,train,1.0,2.0,6.0,5
jungle1,m,0,3,train,1.0,5.0,6.0,5
jungle2,z,1,3,train,0.0,5.0,4.0,5
jungle1,z,1,3,train,0.0,7.0,6.0,5
jungle3,z,0,3,train,1.0,6.0,6.0,5
vegan (6),m,0,6,train,0.0,0.0,0.0,5
vegan (1),m,1,6,train,0.0,0.0,0.0,5
vegan (5),z,0,6,train,0.0,0.0,0.0,5
vegan (4),m,0,6,train,0.0,0.0,0.0,5
vegan (2),m,1,6,train,0.0,0.0,0.0,5
vegan (3),m,0,6,train,0.0,0.0,0.0,5
vegan (3),z,1,6,train,0.0,0.0,0.0,5
vegan (6),m,0,6,train,1.0,0.0,0.0,5
vegan (4),z,1,6,train,0.0,0.0,0.0,5
vegan (5),m,1,6,train,0.0,0.0,0.0,5
vegan (1),m,1,6,train,0.0,9.0,1.0,5
vegan (2),m,1,6,train,0.0,7.0,1.0,5
vegan (1),m,1,6,train,0.0,2.0,2.0,5
vegan (3),z,1,6,train,0.0,7.0,1.0,5
vegan (2),m,1,6,train,0.0,3.0,2.0,5
vegan (6),m,0,6,train,1.0,0.0,0.0,5
vegan (5),z,0,6,train,1.0,7.0,1.0,5
vegan (4),m,0,6,train,1.0,9.0,1.0,5
vegan (5),z,0,6,train,1.0,9.0,1.0,5
vegan (2),m,1,6,train,0.0,5.0,3.0,5
vegan (6),m,0,6,train,1.0,0.0,0.0,5
vegan (1),z,0,6,train,0.0,9.0,3.0,5
vegan (4),m,0,6,train,1.0,14.0,1.0,5
vegan (3),z,1,6,train,0.0,10.0,2.0,5
vegan (6),z,1,6,train,0.0,0.0,0.0,5
vegan (5),z,0,6,train,1.0,16.0,1.0,5
vegan (2),m,1,6,train,0.0,7.0,4.0,5
vegan (3),m,0,6,train,1.0,4.0,3.0,5
vegan (4),z,1,6,train,0.0,20.0,1.0,5
vegan (1),z,0,6,train,1.0,17.0,3.0,5
vegan (6),m,0,6,train,1.0,6.0,1.0,5
vegan (3),m,0,6,train,1.0,8.0,3.0,5
vegan (4),m,0,6,train,1.0,4.0,2.0,5
vegan (1),m,1,6,train,0.0,21.0,3.0,5
vegan (2),z,0,6,train,0.0,8.0,5.0,5
vegan (5),m,1,6,train,0.0,26.0,1.0,5
vegan (2),z,0,6,train,1.0,10.0,5.0,5
vegan (3),m,0,6,train,1.0,14.0,3.0,5
vegan (5),m,1,6,train,0.0,3.0,2.0,5
vegan (4),m,0,6,train,1.0,11.0,2.0,5
vegan (1),m,1,6,train,0.0,7.0,4.0,5
vegan (6),m,0,6,train,1.0,17.0,1.0,5
vegan (2),z,0,6,train,1.0,16.0,5.0,5
vegan (1),m,1,6,train,0.0,3.0,5.0,5
vegan (4),z,1,6,train,0.0,16.0,2.0,5
vegan (3),m,0,6,train,1.0,22.0,3.0,5
vegan (5),z,0,6,train,1.0,8.0,3.0,5
vegan (6),m,0,6,train,1.0,23.0,1.0,5
vegan (3),z,1,6,train,0.0,25.0,3.0,5
vegan (2),m,1,6,train,0.0,23.0,5.0,5
vegan (6),m,0,6,train,1.0,26.0,1.0,5
vegan (1),m,1,6,train,0.0,8.0,6.0,5
vegan (4),z,1,6,train,0.0,8.0,3.0,5
vegan (5),m,1,6,train,0.0,15.0,3.0,5
vegan (2),z,0,6,train,1.0,5.0,6.0,5
vegan (6),m,0,6,train,1.0,31.0,1.0,5
vegan (3),m,0,6,train,1.0,8.0,4.0,5
vegan (1),m,1,6,train,0.0,6.0,7.0,5
vegan (4),m,0,6,train,1.0,6.0,4.0,5
vegan (5),m,1,6,train,0.0,6.0,4.0,5
vegan (3),m,0,6,train,1.0,12.0,4.0,5
vegan (5),m,1,6,train,0.0,2.0,5.0,5
vegan (2),m,1,6,train,0.0,13.0,6.0,5
vegan (6),z,1,6,train,0.0,39.0,1.0,5
vegan (1),m,1,6,train,0.0,7.0,8.0,5
vegan (4),m,0,6,train,1.0,13.0,4.0,5
vegan (5),m,1,6,train,0.0,5.0,6.0,5
vegan (2),m,1,6,train,0.0,5.0,7.0,5
vegan (1),m,1,6,train,0.0,4.0,9.0,5
vegan (4),m,0,6,train,1.0,17.0,4.0,5
vegan (3),m,0,6,train,1.0,22.0,4.0,5
vegan (6),z,1,6,train,0.0,8.0,2.0,5
vegan (5),m,1,6,train,0.0,6.0,7.0,5
vegan (1),m,1,6,train,0.0,5.0,10.0,5
vegan (2),m,1,6,train,0.0,7.0,8.0,5
vegan (4),m,0,6,train,1.0,23.0,4.0,5
vegan (3),z,1,6,train,0.0,28.0,4.0,5
vegan (6),z,1,6,train,0.0,6.0,3.0,5
animal (1),m,0,3,train,0.0,0.0,0.0,5
animal (2),m,0,3,train,0.0,0.0,0.0,5
animal (3),m,1,3,train,0.0,0.0,0.0,5
animal (1),z,1,3,train,0.0,0.0,0.0,5
animal (3),m,1,3,train,0.0,2.0,1.0,5
animal (2),z,1,3,train,0.0,0.0,0.0,5
animal (2),z,1,3,train,0.0,1.0,1.0,5
animal (3),m,1,3,train,0.0,3.0,2.0,5
animal (1),z,1,3,train,0.0,5.0,1.0,5
animal (1),z,1,3,train,0.0,1.0,2.0,5
animal (2),z,1,3,train,0.0,4.0,2.0,5
animal (3),m,1,3,train,0.0,4.0,3.0,5
animal (1),z,1,3,train,0.0,3.0,3.0,5
animal (3),m,1,3,train,0.0,2.0,4.0,5
animal (2),z,1,3,train,0.0,4.0,3.0,5
animal (2),m,0,3,train,1.0,1.0,4.0,5
animal (3),m,1,3,train,0.0,3.0,5.0,5
animal (1),z,1,3,train,0.0,5.0,4.0,5
animal (3),z,0,3,train,0.0,2.0,6.0,5
animal (2),z,1,3,train,0.0,5.0,4.0,5
animal (1),z,1,3,train,0.0,3.0,5.0,5
animal (1),z,1,3,train,0.0,1.0,6.0,5
animal (3),m,1,3,train,0.0,6.0,6.0,5
animal (2),z,1,3,train,0.0,4.0,5.0,5
animal (2),z,1,3,train,0.0,1.0,6.0,5
animal (3),m,1,3,train,0.0,3.0,7.0,5
animal (1),z,1,3,train,0.0,5.0,7.0,5
animal (3),m,1,3,train,0.0,2.0,8.0,5
animal (1),z,1,3,train,0.0,2.0,8.0,5
animal (2),z,1,3,train,0.0,5.0,7.0,5
animal (2),m,0,3,train,1.0,1.0,8.0,5
animal (3),m,1,3,train,0.0,4.0,9.0,5
animal (2),z,1,3,train,0.0,3.0,8.0,5
animal (1),z,1,3,train,0.0,5.0,9.0,5
animal (3),m,1,3,train,0.0,3.0,10.0,5
animal (1),z,1,3,train,0.0,2.0,10.0,5
fruits (6),m,0,6,train,0.0,0.0,0.0,5
fruits (1),m,1,6,train,0.0,0.0,0.0,5
fruits (5),m,1,6,train,0.0,0.0,0.0,5
fruits (4),m,0,6,train,0.0,0.0,0.0,5
fruits (2),m,1,6,train,0.0,0.0,0.0,5
fruits (3),m,0,6,train,0.0,0.0,0.0,5
fruits (3),z,1,6,train,0.0,0.0,0.0,5
fruits (6),z,1,6,train,0.0,0.0,0.0,5
fruits (4),z,1,6,train,0.0,0.0,0.0,5
fruits (5),m,1,6,train,0.0,7.0,1.0,5
fruits (1),z,0,6,train,0.0,9.0,1.0,5
fruits (2),m,1,6,train,0.0,7.0,1.0,5
fruits (1),z,0,6,train,1.0,11.0,1.0,5
fruits (3),m,0,6,train,1.0,7.0,1.0,5
fruits (2),z,0,6,train,0.0,3.0,2.0,5
fruits (6),m,0,6,train,1.0,8.0,1.0,5
fruits (5),m,1,6,train,0.0,7.0,2.0,5
fruits (4),m,0,6,train,1.0,9.0,1.0,5
fruits (5),z,0,6,train,0.0,2.0,3.0,5
fruits (2),m,1,6,train,0.0,8.0,2.0,5
fruits (6),z,1,6,train,0.0,13.0,1.0,5
fruits (1),z,0,6,train,1.0,20.0,1.0,5
fruits (4),m,0,6,train,1.0,14.0,1.0,5
fruits (3),m,0,6,train,1.0,17.0,1.0,5
fruits (6),z,1,6,train,0.0,4.0,2.0,5
fruits (5),m,1,6,train,0.0,9.0,3.0,5
fruits (2),z,0,6,train,1.0,7.0,3.0,5
fruits (3),m,0,6,train,1.0,21.0,1.0,5
fruits (4),z,1,6,train,0.0,20.0,1.0,5
fruits (1),z,0,6,train,1.0,28.0,1.0,5
fruits (6),m,0,6,train,1.0,6.0,3.0,5
fruits (3),z,1,6,train,0.0,25.0,1.0,5
fruits (4),z,1,6,train,0.0,4.0,2.0,5
fruits (1),z,0,6,train,1.0,32.0,1.0,5
fruits (2),m,1,6,train,0.0,15.0,3.0,5
fruits (5),m,1,6,train,0.0,10.0,4.0,5
fruits (2),m,1,6,train,0.0,2.0,4.0,5
fruits (3),z,1,6,train,0.0,6.0,2.0,5
fruits (5),m,1,6,train,0.0,3.0,5.0,5
fruits (4),z,1,6,train,0.0,7.0,3.0,5
fruits (1),z,0,6,train,1.0,39.0,1.0,5
fruits (6),m,0,6,train,1.0,17.0,3.0,5
fruits (2),z,0,6,train,1.0,6.0,5.0,5
fruits (1),m,1,6,train,0.0,42.0,1.0,5
fruits (4),m,0,6,train,1.0,5.0,4.0,5
fruits (3),z,1,6,train,0.0,8.0,3.0,5
fruits (5),z,0,6,train,1.0,8.0,6.0,5
fruits (6),z,1,6,train,0.0,23.0,3.0,5
fruits (3),z,1,6,train,0.0,3.0,4.0,5
fruits (2),m,1,6,train,0.0,13.0,5.0,5
fruits (6),z,1,6,train,0.0,3.0,4.0,5
fruits (1),z,0,6,train,1.0,8.0,2.0,5
fruits (4),m,0,6,train,1.0,13.0,4.0,5
fruits (5),m,1,6,train,0.0,15.0,6.0,5
fruits (2),z,0,6,train,1.0,5.0,6.0,5
fruits (6),m,0,6,train,1.0,5.0,5.0,5
fruits (3),z,1,6,train,0.0,8.0,5.0,5
fruits (1),m,1,6,train,0.0,14.0,2.0,5
fruits (4),m,0,6,train,1.0,19.0,4.0,5
fruits (5),m,1,6,train,0.0,6.0,7.0,5
fruits (3),z,1,6,train,0.0,4.0,6.0,5
fruits (5),m,1,6,train,0.0,2.0,8.0,5
fruits (2),z,0,6,train,1.0,13.0,6.0,5
fruits (6),m,0,6,train,1.0,13.0,5.0,5
fruits (1),z,0,6,train,1.0,7.0,3.0,5
fruits (4),m,0,6,train,1.0,26.0,4.0,5
fruits (5),z,0,6,train,1.0,5.0,9.0,5
fruits (2),m,1,6,train,0.0,18.0,6.0,5
fruits (1),m,1,6,train,0.0,11.0,3.0,5
fruits (4),m,0,6,train,1.0,30.0,4.0,5
fruits (3),z,1,6,train,0.0,10.0,7.0,5
fruits (6),m,0,6,train,1.0,21.0,5.0,5
fruits (5),z,0,6,train,1.0,11.0,9.0,5
fruits (1),m,1,6,train,0.0,5.0,4.0,5
fruits (2),m,1,6,train,0.0,7.0,7.0,5
fruits (4),m,0,6,train,1.0,36.0,4.0,5
fruits (3),z,1,6,train,0.0,6.0,8.0,5
fruits (6),z,1,6,train,0.0,27.0,5.0,5
tools (1),m,0,3,train,0.0,0.0,0.0,5
tools (2),m,0,3,train,0.0,0.0,0.0,5
tools (3),z,0,3,train,0.0,0.0,0.0,5
tools (1),m,0,3,train,1.0,0.0,0.0,5
tools (3),z,0,3,train,1.0,0.0,0.0,5
tools (2),m,0,3,train,1.0,0.0,0.0,5
tools (2),z,1,3,train,0.0,0.0,0.0,5
tools (3),z,0,3,train,1.0,0.0,0.0,5
tools (1),z,1,3,train,0.0,0.0,0.0,5
tools (1),z,1,3,train,0.0,1.0,1.0,5
tools (2),z,1,3,train,0.0,4.0,1.0,5
tools (3),z,0,3,train,1.0,0.0,0.0,5
tools (1),m,0,3,train,1.0,3.0,2.0,5
tools (3),z,0,3,train,1.0,0.0,0.0,5
tools (2),m,0,3,train,1.0,4.0,2.0,5
tools (2),z,1,3,train,0.0,5.0,2.0,5
tools (3),m,1,3,train,0.0,0.0,0.0,5
tools (1),m,0,3,train,1.0,8.0,2.0,5
tools (3),m,1,3,train,0.0,2.0,1.0,5
tools (2),z,1,3,train,0.0,4.0,3.0,5
tools (1),m,0,3,train,1.0,11.0,2.0,5
tools (1),z,1,3,train,0.0,12.0,2.0,5
tools (3),m,1,3,train,0.0,4.0,2.0,5
tools (2),z,1,3,train,0.0,4.0,4.0,5
tools (2),m,0,3,train,1.0,1.0,5.0,5
tools (3),z,0,3,train,1.0,3.0,3.0,5
tools (1),m,0,3,train,1.0,5.0,3.0,5
tools (3),m,1,3,train,0.0,5.0,3.0,5
tools (1),z,1,3,train,0.0,7.0,3.0,5
tools (2),m,0,3,train,1.0,6.0,5.0,5
tools (2),z,1,3,train,0.0,7.0,5.0,5
tools (3),z,0,3,train,1.0,4.0,4.0,5
tools (2),m,0,3,train,1.0,2.0,6.0,5
tools (1),z,1,3,train,0.0,5.0,4.0,5
tools (3),m,1,3,train,0.0,7.0,4.0,5
tools (1),z,1,3,train,0.0,2.0,5.0,5
clothes (6),m,0,6,train,0.0,0.0,0.0,5
clothes (1),z,0,6,train,0.0,0.0,0.0,5
clothes (5),m,1,6,train,0.0,0.0,0.0,5
clothes (4),m,0,6,train,0.0,0.0,0.0,5
clothes (2),z,0,6,train,0.0,0.0,0.0,5
clothes (3),z,1,6,train,0.0,0.0,0.0,5
clothes (3),z,1,6,train,0.0,1.0,1.0,5
clothes (6),z,1,6,train,0.0,0.0,0.0,5
clothes (4),z,1,6,train,0.0,0.0,0.0,5
clothes (5),m,1,6,train,0.0,7.0,1.0,5
clothes (1),m,1,6,train,0.0,0.0,0.0,5
clothes (2),m,1,6,train,0.0,0.0,0.0,5
clothes (1),m,1,6,train,0.0,2.0,1.0,5
clothes (3),z,1,6,train,0.0,7.0,2.0,5
clothes (2),m,1,6,train,0.0,3.0,1.0,5
clothes (6),z,1,6,train,0.0,8.0,1.0,5
clothes (5),m,1,6,train,0.0,7.0,2.0,5
clothes (4),z,1,6,train,0.0,9.0,1.0,5
clothes (5),m,1,6,train,0.0,2.0,3.0,5
clothes (2),m,1,6,train,0.0,5.0,2.0,5
clothes (6),z,1,6,train,0.0,5.0,2.0,5
clothes (1),m,1,6,train,0.0,9.0,2.0,5
clothes (4),z,1,6,train,0.0,5.0,2.0,5
clothes (3),z,1,6,train,0.0,10.0,3.0,5
clothes (6),z,1,6,train,0.0,4.0,3.0,5
clothes (5),m,1,6,train,0.0,7.0,4.0,5
clothes (2),m,1,6,train,0.0,7.0,3.0,5
clothes (3),z,1,6,train,0.0,4.0,4.0,5
clothes (4),z,1,6,train,0.0,6.0,3.0,5
clothes (1),z,0,6,train,1.0,8.0,3.0,5
clothes (6),z,1,6,train,0.0,6.0,4.0,5
clothes (3),z,1,6,train,0.0,4.0,5.0,5
clothes (4),z,1,6,train,0.0,4.0,4.0,5
clothes (1),m,1,6,train,0.0,12.0,3.0,5
clothes (2),m,1,6,train,0.0,8.0,4.0,5
clothes (5),m,1,6,train,0.0,10.0,5.0,5
clothes (2),m,1,6,train,0.0,2.0,5.0,5
clothes (3),z,1,6,train,0.0,6.0,6.0,5
clothes (5),m,1,6,train,0.0,3.0,6.0,5
clothes (4),z,1,6,train,0.0,7.0,5.0,5
clothes (1),z,0,6,train,1.0,7.0,4.0,5
clothes (6),z,1,6,train,0.0,11.0,5.0,5
clothes (2),m,1,6,train,0.0,6.0,6.0,5
clothes (1),m,1,6,train,0.0,10.0,4.0,5
clothes (4),z,1,6,train,0.0,5.0,6.0,5
clothes (3),z,1,6,train,0.0,8.0,7.0,5
clothes (5),m,1,6,train,0.0,8.0,7.0,5
clothes (6),z,1,6,train,0.0,6.0,6.0,5
clothes (3),z,1,6,train,0.0,3.0,8.0,5
clothes (2),m,1,6,train,0.0,7.0,7.0,5
clothes (6),z,1,6,train,0.0,3.0,7.0,5
clothes (1),m,1,6,train,0.0,8.0,5.0,5
clothes (4),z,1,6,train,0.0,8.0,7.0,5
clothes (5),m,1,6,train,0.0,7.0,8.0,5
clothes (2),z,0,6,train,1.0,5.0,8.0,5
clothes (6),z,1,6,train,0.0,5.0,8.0,5
clothes (3),z,1,6,train,0.0,8.0,9.0,5
clothes (1),m,1,6,train,0.0,6.0,6.0,5
clothes (4),z,1,6,train,0.0,6.0,8.0,5
clothes (5),m,1,6,train,0.0,6.0,9.0,5
clothes (3),z,1,6,train,0.0,4.0,10.0,5
clothes (5),m,1,6,train,0.0,2.0,10.0,5
clothes (2),m,1,6,train,0.0,13.0,8.0,5
clothes (6),z,1,6,train,0.0,8.0,9.0,5
clothes (1),m,1,6,train,0.0,7.0,7.0,5
clothes (4),z,1,6,train,0.0,7.0,9.0,5
clothes (5),m,1,6,train,0.0,5.0,11.0,5
clothes (2),z,0,6,train,1.0,5.0,9.0,5
clothes (1),m,1,6,train,0.0,4.0,8.0,5
clothes (4),z,1,6,train,0.0,4.0,10.0,5
clothes (3),z,1,6,train,0.0,10.0,11.0,5
clothes (6),z,1,6,train,0.0,8.0,10.0,5
clothes (5),m,1,6,train,0.0,6.0,12.0,5
clothes (1),m,1,6,train,0.0,5.0,9.0,5
clothes (2),m,1,6,train,0.0,12.0,9.0,5
clothes (4),z,1,6,train,0.0,6.0,11.0,5
clothes (3),z,1,6,train,0.0,6.0,12.0,5
clothes (6),z,1,6,train,0.0,6.0,11.0,5
face (1),m,0,3,train,0.0,0.0,0.0,5
face (2),m,0,3,train,0.0,0.0,0.0,5
face (3),m,1,3,train,0.0,0.0,0.0,5
face (1),z,1,3,train,0.0,0.0,0.0,5
face (3),m,1,3,train,0.0,2.0,1.0,5
face (2),z,1,3,train,0.0,0.0,0.0,5
face (2),m,0,3,train,1.0,1.0,1.0,5
face (3),m,1,3,train,0.0,3.0,2.0,5
face (1),z,1,3,train,0.0,5.0,1.0,5
face (1),z,1,3,train,0.0,1.0,2.0,5
face (2),z,1,3,train,0.0,5.0,1.0,5
face (3),m,1,3,train,0.0,4.0,3.0,5
face (1),z,1,3,train,0.0,3.0,3.0,5
face (3),m,1,3,train,0.0,2.0,4.0,5
face (2),z,1,3,train,0.0,4.0,2.0,5
face (2),z,1,3,train,0.0,1.0,3.0,5
face (3),m,1,3,train,0.0,3.0,5.0,5
face (1),z,1,3,train,0.0,5.0,4.0,5
face (3),m,1,3,train,0.0,2.0,6.0,5
face (2),z,1,3,train,0.0,4.0,4.0,5
face (1),z,1,3,train,0.0,3.0,5.0,5
face (1),z,1,3,train,0.0,1.0,6.0,5
face (3),m,1,3,train,0.0,4.0,7.0,5
face (2),z,1,3,train,0.0,4.0,5.0,5
face (2),z,1,3,train,0.0,1.0,6.0,5
face (3),m,1,3,train,0.0,3.0,8.0,5
face (1),z,1,3,train,0.0,5.0,7.0,5
face (3),m,1,3,train,0.0,2.0,9.0,5
face (1),z,1,3,train,0.0,2.0,8.0,5
face (2),z,1,3,train,0.0,5.0,7.0,5
face (2),z,1,3,train,0.0,1.0,8.0,5
face (3),m,1,3,train,0.0,4.0,10.0,5
face (2),z,1,3,train,0.0,2.0,9.0,5
face (1),z,1,3,train,0.0,5.0,9.0,5
face (3),m,1,3,train,0.0,3.0,11.0,5
face (1),z,1,3,train,0.0,2.0,10.0,5
color (6),z,1,6,train,0.0,0.0,0.0,5
color (1),z,0,6,train,0.0,0.0,0.0,5
color (5),z,0,6,train,0.0,0.0,0.0,5
color (4),z,1,6,train,0.0,0.0,0.0,5
color (2),z,0,6,train,0.0,0.0,0.0,5
color (3),z,1,6,train,0.0,0.0,0.0,5
color (3),z,1,6,train,0.0,1.0,1.0,5
color (6),z,1,6,train,0.0,7.0,1.0,5
color (4),z,1,6,train,0.0,5.0,1.0,5
color (5),m,1,6,train,0.0,0.0,0.0,5
color (1),m,1,6,train,0.0,0.0,0.0,5
color (2),m,1,6,train,0.0,0.0,0.0,5
color (1),m,1,6,train,0.0,2.0,1.0,5
color (3),m,0,6,train,0.0,7.0,2.0,5
color (2),m,1,6,train,0.0,3.0,1.0,5
color (6),z,1,6,train,0.0,8.0,2.0,5
color (5),m,1,6,train,0.0,7.0,1.0,5
color (4),z,1,6,train,0.0,9.0,2.0,5
color (5),m,1,6,train,0.0,2.0,2.0,5
color (2),m,1,6,train,0.0,5.0,2.0,5
color (6),z,1,6,train,0.0,5.0,3.0,5
color (1),m,1,6,train,0.0,9.0,2.0,5
color (4),m,0,6,train,0.0,5.0,3.0,5
color (3),m,0,6,train,1.0,17.0,2.0,5
color (6),z,1,6,train,0.0,4.0,4.0,5
color (5),m,1,6,train,0.0,7.0,3.0,5
color (2),m,1,6,train,0.0,7.0,3.0,5
color (3),z,1,6,train,0.0,21.0,2.0,5
color (4),z,1,6,train,0.0,11.0,3.0,5
color (1),m,1,6,train,0.0,8.0,3.0,5
color (6),z,1,6,train,0.0,6.0,5.0,5
color (3),z,1,6,train,0.0,4.0,3.0,5
color (4),z,1,6,train,0.0,4.0,4.0,5
color (1),m,1,6,train,0.0,4.0,4.0,5
color (2),m,1,6,train,0.0,8.0,4.0,5
color (5),m,1,6,train,0.0,10.0,4.0,5
color (2),m,1,6,train,0.0,2.0,5.0,5
color (3),z,1,6,train,0.0,6.0,4.0,5
color (5),m,1,6,train,0.0,3.0,5.0,5
color (4),z,1,6,train,0.0,7.0,5.0,5
color (1),m,1,6,train,0.0,7.0,5.0,5
color (6),z,1,6,train,0.0,11.0,6.0,5
color (2),m,1,6,train,0.0,6.0,6.0,5
color (1),m,1,6,train,0.0,3.0,6.0,5
color (4),z,1,6,train,0.0,5.0,6.0,5
color (3),z,1,6,train,0.0,8.0,5.0,5
color (5),m,1,6,train,0.0,8.0,6.0,5
color (6),z,1,6,train,0.0,6.0,7.0,5
color (3),m,0,6,train,1.0,3.0,6.0,5
color (2),m,1,6,train,0.0,7.0,7.0,5
color (6),z,1,6,train,0.0,3.0,8.0,5
color (1),m,1,6,train,0.0,8.0,7.0,5
color (4),z,1,6,train,0.0,8.0,7.0,5
color (5),m,1,6,train,0.0,7.0,7.0,5
color (2),m,1,6,train,0.0,5.0,8.0,5
color (6),z,1,6,train,0.0,5.0,9.0,5
color (3),z,1,6,train,0.0,11.0,6.0,5
color (1),m,1,6,train,0.0,6.0,8.0,5
color (4),z,1,6,train,0.0,6.0,8.0,5
color (5),m,1,6,train,0.0,6.0,8.0,5
color (3),z,1,6,train,0.0,4.0,7.0,5
color (5),m,1,6,train,0.0,2.0,9.0,5
color (2),z,0,6,train,1.0,8.0,9.0,5
color (6),z,1,6,train,0.0,8.0,10.0,5
color (1),m,1,6,train,0.0,7.0,9.0,5
color (4),z,1,6,train,0.0,7.0,9.0,5
color (5),m,1,6,train,0.0,5.0,10.0,5
color (2),m,1,6,train,0.0,13.0,9.0,5
color (1),m,1,6,train,0.0,4.0,10.0,5
color (4),z,1,6,train,0.0,4.0,10.0,5
color (3),z,1,6,train,0.0,10.0,8.0,5
color (6),m,0,6,train,0.0,8.0,11.0,5
color (5),m,1,6,train,0.0,6.0,11.0,5
color (1),m,1,6,train,0.0,5.0,11.0,5
color (2),m,1,6,train,0.0,7.0,10.0,5
color (4),m,0,6,train,1.0,6.0,11.0,5
color (3),z,1,6,train,0.0,6.0,9.0,5
color (6),z,1,6,train,0.0,14.0,11.0,5
symbol (1),z,0,3,train,0.0,0.0,0.0,5
symbol (2),z,0,3,train,0.0,0.0,0.0,5
symbol (3),z,1,3,train,0.0,0.0,0.0,5
symbol (1),m,1,3,train,0.0,0.0,0.0,5
symbol (3),z,1,3,train,0.0,2.0,1.0,5
symbol (2),m,1,3,train,0.0,0.0,0.0,5
symbol (2),m,1,3,train,0.0,1.0,1.0,5
symbol (3),z,1,3,train,0.0,3.0,2.0,5
symbol (1),m,1,3,train,0.0,5.0,1.0,5
symbol (1),m,1,3,train,0.0,1.0,2.0,5
symbol (2),m,1,3,train,0.0,4.0,2.0,5
symbol (3),z,1,3,train,0.0,4.0,3.0,5
symbol (1),m,1,3,train,0.0,3.0,3.0,5
symbol (3),z,1,3,train,0.0,2.0,4.0,5
symbol (2),m,1,3,train,0.0,4.0,3.0,5
symbol (2),m,1,3,train,0.0,1.0,4.0,5
symbol (3),z,1,3,train,0.0,3.0,5.0,5
symbol (1),m,1,3,train,0.0,5.0,4.0,5
symbol (3),m,0,3,train,0.0,2.0,6.0,5
symbol (2),m,1,3,train,0.0,4.0,5.0,5
symbol (1),m,1,3,train,0.0,3.0,5.0,5
symbol (1),m,1,3,train,0.0,1.0,6.0,5
symbol (3),z,1,3,train,0.0,6.0,6.0,5
symbol (2),m,1,3,train,0.0,4.0,6.0,5
symbol (2),m,1,3,train,0.0,1.0,7.0,5
symbol (3),z,1,3,train,0.0,3.0,7.0,5
symbol (1),m,1,3,train,0.0,5.0,7.0,5
symbol (3),z,1,3,train,0.0,2.0,8.0,5
symbol (1),m,1,3,train,0.0,2.0,8.0,5
symbol (2),z,0,3,train,1.0,5.0,8.0,5
symbol (2),m,1,3,train,0.0,6.0,8.0,5
symbol (3),z,1,3,train,0.0,4.0,9.0,5
symbol (2),m,1,3,train,0.0,2.0,9.0,5
symbol (1),z,0,3,train,1.0,5.0,9.0,5
symbol (3),m,0,3,train,1.0,3.0,10.0,5
symbol (1),z,0,3,train,1.0,7.0,9.0,5
environment (6),z,1,6,train,0.0,0.0,0.0,5
environment (1),z,0,6,train,0.0,0.0,0.0,5
environment (5),z,0,6,train,0.0,0.0,0.0,5
environment (4),z,1,6,train,0.0,0.0,0.0,5
environment (2),z,0,6,train,0.0,0.0,0.0,5
environment (3),z,1,6,train,0.0,0.0,0.0,5
environment (3),z,1,6,train,0.0,1.0,1.0,5
environment (6),z,1,6,train,0.0,7.0,1.0,5
environment (4),z,1,6,train,0.0,5.0,1.0,5
environment (5),m,1,6,train,0.0,0.0,0.0,5
environment (1),m,1,6,train,0.0,0.0,0.0,5
environment (2),m,1,6,train,0.0,0.0,0.0,5
environment (1),m,1,6,train,0.0,2.0,1.0,5
environment (3),z,1,6,train,0.0,7.0,2.0,5
environment (2),z,0,6,train,1.0,3.0,1.0,5
environment (6),z,1,6,train,0.0,8.0,2.0,5
environment (5),m,1,6,train,0.0,7.0,1.0,5
environment (4),z,1,6,train,0.0,9.0,2.0,5
environment (5),m,1,6,train,0.0,2.0,2.0,5
environment (2),m,1,6,train,0.0,8.0,1.0,5
environment (6),z,1,6,train,0.0,5.0,3.0,5
environment (1),m,1,6,train,0.0,9.0,2.0,5
environment (4),z,1,6,train,0.0,5.0,3.0,5
environment (3),m,0,6,train,0.0,10.0,3.0,5
environment (6),z,1,6,train,0.0,4.0,4.0,5
environment (5),m,1,6,train,0.0,7.0,3.0,5
environment (2),m,1,6,train,0.0,7.0,2.0,5
environment (3),m,0,6,train,1.0,14.0,3.0,5
environment (4),z,1,6,train,0.0,6.0,4.0,5
environment (1),m,1,6,train,0.0,8.0,3.0,5
environment (6),z,1,6,train,0.0,6.0,5.0,5
environment (3),m,0,6,train,1.0,18.0,3.0,5
environment (4),z,1,6,train,0.0,4.0,5.0,5
environment (1),m,1,6,train,0.0,4.0,4.0,5
environment (2),m,1,6,train,0.0,8.0,3.0,5
environment (5),m,1,6,train,0.0,10.0,4.0,5
environment (2),m,1,6,train,0.0,2.0,4.0,5
environment (3),z,1,6,train,0.0,24.0,3.0,5
environment (5),m,1,6,train,0.0,3.0,5.0,5
environment (4),z,1,6,train,0.0,7.0,6.0,5
environment (1),m,1,6,train,0.0,7.0,5.0,5
environment (6),z,1,6,train,0.0,11.0,6.0,5
environment (2),m,1,6,train,0.0,6.0,5.0,5
environment (1),m,1,6,train,0.0,3.0,6.0,5
environment (4),z,1,6,train,0.0,5.0,7.0,5
environment (3),z,1,6,train,0.0,8.0,4.0,5
environment (5),m,1,6,train,0.0,8.0,6.0,5
environment (6),z,1,6,train,0.0,6.0,7.0,5
environment (3),z,1,6,train,0.0,3.0,5.0,5
environment (2),m,1,6,train,0.0,7.0,6.0,5
environment (6),z,1,6,train,0.0,3.0,8.0,5
environment (1),m,1,6,train,0.0,8.0,7.0,5
environment (4),z,1,6,train,0.0,8.0,8.0,5
environment (5),m,1,6,train,0.0,7.0,7.0,5
environment (2),m,1,6,train,0.0,5.0,7.0,5
environment (6),z,1,6,train,0.0,5.0,9.0,5
environment (3),m,0,6,train,1.0,8.0,6.0,5
environment (1),m,1,6,train,0.0,6.0,8.0,5
environment (4),z,1,6,train,0.0,6.0,9.0,5
environment (5),m,1,6,train,0.0,6.0,8.0,5
environment (3),z,1,6,train,0.0,12.0,6.0,5
environment (5),m,1,6,train,0.0,2.0,9.0,5
environment (2),m,1,6,train,0.0,8.0,8.0,5
environment (6),z,1,6,train,0.0,8.0,10.0,5
environment (1),m,1,6,train,0.0,7.0,9.0,5
environment (4),z,1,6,train,0.0,7.0,10.0,5
environment (5),m,1,6,train,0.0,5.0,10.0,5
environment (2),m,1,6,train,0.0,5.0,9.0,5
environment (1),m,1,6,train,0.0,4.0,10.0,5
environment (4),z,1,6,train,0.0,4.0,11.0,5
environment (3),z,1,6,train,0.0,10.0,7.0,5
environment (6),z,1,6,train,0.0,8.0,11.0,5
environment (5),m,1,6,train,0.0,6.0,11.0,5
environment (1),m,1,6,train,0.0,5.0,11.0,5
environment (2),m,1,6,train,0.0,7.0,10.0,5
environment (4),z,1,6,train,0.0,6.0,12.0,5
environment (3),z,1,6,train,0.0,6.0,8.0,5
environment (6),z,1,6,train,0.0,6.0,12.0,5
vehicle (1),z,0,3,train,0.0,0.0,0.0,5
vehicle (2),z,0,3,train,0.0,0.0,0.0,5
vehicle (3),m,0,3,train,0.0,0.0,0.0,5
vehicle (1),m,1,3,train,0.0,0.0,0.0,5
vehicle (3),z,1,3,train,0.0,0.0,0.0,5
vehicle (2),m,1,3,train,0.0,0.0,0.0,5
vehicle (2),m,1,3,train,0.0,1.0,1.0,5
vehicle (3),z,1,3,train,0.0,3.0,1.0,5
vehicle (1),m,1,3,train,0.0,5.0,1.0,5
vehicle (1),m,1,3,train,0.0,1.0,2.0,5
vehicle (2),m,1,3,train,0.0,4.0,2.0,5
vehicle (3),z,1,3,train,0.0,4.0,2.0,5
vehicle (1),m,1,3,train,0.0,3.0,3.0,5
vehicle (3),z,1,3,train,0.0,2.0,3.0,5
vehicle (2),m,1,3,train,0.0,4.0,3.0,5
vehicle (2),m,1,3,train,0.0,1.0,4.0,5
vehicle (3),z,1,3,train,0.0,3.0,4.0,5
vehicle (1),m,1,3,train,0.0,5.0,4.0,5
vehicle (3),z,1,3,train,0.0,2.0,5.0,5
vehicle (2),m,1,3,train,0.0,4.0,5.0,5
vehicle (1),m,1,3,train,0.0,3.0,5.0,5
vehicle (1),m,1,3,train,0.0,1.0,6.0,5
vehicle (3),z,1,3,train,0.0,4.0,6.0,5
vehicle (2),m,1,3,train,0.0,4.0,6.0,5
vehicle (2),m,1,3,train,0.0,1.0,7.0,5
vehicle (3),z,1,3,train,0.0,3.0,7.0,5
vehicle (1),m,1,3,train,0.0,5.0,7.0,5
vehicle (3),z,1,3,train,0.0,2.0,8.0,5
vehicle (1),m,1,3,train,0.0,2.0,8.0,5
vehicle (2),m,1,3,train,0.0,5.0,8.0,5
vehicle (2),m,1,3,train,0.0,1.0,9.0,5
vehicle (3),z,1,3,train,0.0,4.0,9.0,5
vehicle (2),m,1,3,train,0.0,2.0,10.0,5
vehicle (1),z,0,3,train,1.0,5.0,9.0,5
vehicle (3),m,0,3,train,1.0,3.0,10.0,5
vehicle (1),m,1,3,train,0.0,7.0,9.0,5
instrument (1),m,1,3,train,0.0,0.0,0.0,5
instrument (2),z,0,3,train,0.0,0.0,0.0,5
instrument (3),z,1,3,train,0.0,0.0,0.0,5
instrument (1),m,1,3,train,0.0,3.0,1.0,5
instrument (3),z,1,3,train,0.0,2.0,1.0,5
instrument (2),m,1,3,train,0.0,0.0,0.0,5
instrument (2),m,1,3,train,0.0,1.0,1.0,5
instrument (3),z,1,3,train,0.0,3.0,2.0,5
instrument (1),m,1,3,train,0.0,5.0,2.0,5
instrument (1),m,1,3,train,0.0,1.0,3.0,5
instrument (2),m,1,3,train,0.0,4.0,2.0,5
instrument (3),z,1,3,train,0.0,4.0,3.0,5
instrument (1),m,1,3,train,0.0,3.0,4.0,5
instrument (3),z,1,3,train,0.0,2.0,4.0,5
instrument (2),m,1,3,train,0.0,4.0,3.0,5
instrument (2),m,1,3,train,0.0,1.0,4.0,5
instrument (3),z,1,3,train,0.0,3.0,5.0,5
instrument (1),m,1,3,train,0.0,5.0,5.0,5
instrument (3),z,1,3,train,0.0,2.0,6.0,5
instrument (2),m,1,3,train,0.0,4.0,5.0,5
instrument (1),m,1,3,train,0.0,3.0,6.0,5
instrument (1),m,1,3,train,0.0,1.0,7.0,5
instrument (3),z,1,3,train,0.0,4.0,7.0,5
instrument (2),m,1,3,train,0.0,4.0,6.0,5
instrument (2),m,1,3,train,0.0,1.0,7.0,5
instrument (3),z,1,3,train,0.0,3.0,8.0,5
instrument (1),m,1,3,train,0.0,5.0,8.0,5
instrument (3),z,1,3,train,0.0,2.0,9.0,5
instrument (1),m,1,3,train,0.0,2.0,9.0,5
instrument (2),z,0,3,train,1.0,5.0,8.0,5
instrument (2),m,1,3,train,0.0,6.0,8.0,5
instrument (3),m,0,3,train,0.0,4.0,10.0,5
instrument (2),m,1,3,train,0.0,2.0,9.0,5
instrument (1),m,1,3,train,0.0,5.0,10.0,5
instrument (3),z,1,3,train,0.0,7.0,10.0,5
instrument (1),m,1,3,train,0.0,2.0,11.0,5
jungle2,m,0,3,train,0.0,0.0,0.0,6
jungle1,m,0,3,train,0.0,0.0,0.0,6
jungle3,m,1,3,train,0.0,0.0,0.0,6
jungle1,z,1,3,train,0.0,0.0,0.0,6
jungle3,m,1,3,train,0.0,2.0,1.0,6
jungle2,z,1,3,train,0.0,0.0,0.0,6
jungle3,m,1,3,train,0.0,2.0,2.0,6
jungle2,m,0,3,train,1.0,2.0,1.0,6
jungle1,z,1,3,train,0.0,5.0,1.0,6
jungle1,m,0,3,train,1.0,1.0,2.0,6
jungle2,z,1,3,train,0.0,5.0,1.0,6
jungle3,z,0,3,train,0.0,5.0,3.0,6
jungle3,m,1,3,train,0.0,6.0,3.0,6
jungle1,z,1,3,train,0.0,5.0,2.0,6
jungle2,m,0,3,train,1.0,4.0,2.0,6
jungle3,m,1,3,train,0.0,3.0,4.0,6
jungle1,z,1,3,train,0.0,3.0,3.0,6
jungle2,z,1,3,train,0.0,7.0,2.0,6
jungle1,m,0,3,train,1.0,2.0,4.0,6
jungle3,z,0,3,train,1.0,4.0,5.0,6
jungle2,z,1,3,train,0.0,3.0,3.0,6
jungle3,m,1,3,train,0.0,6.0,5.0,6
jungle2,z,1,3,train,0.0,2.0,4.0,6
jungle1,m,0,3,train,1.0,7.0,4.0,6
jungle2,z,1,3,train,0.0,2.0,5.0,6
jungle3,m,1,3,train,0.0,4.0,6.0,6
jungle1,z,1,3,train,0.0,10.0,4.0,6
jungle1,z,1,3,train,0.0,1.0,5.0,6
jungle2,m,0,3,train,1.0,4.0,6.0,6
jungle3,z,0,3,train,1.0,4.0,7.0,6
jungle2,m,0,3,train,1.0,6.0,6.0,6
jungle3,z,0,3,train,1.0,6.0,7.0,6
jungle1,m,0,3,train,1.0,5.0,6.0,6
jungle2,m,0,3,train,1.0,9.0,6.0,6
jungle1,m,0,3,train,1.0,7.0,6.0,6
jungle3,z,0,3,train,1.0,10.0,7.0,6
vegan (6),m,0,6,train,0.0,0.0,0.0,6
vegan (1),z,0,6,train,0.0,0.0,0.0,6
vegan (5),m,1,6,train,0.0,0.0,0.0,6
vegan (4),z,1,6,train,0.0,0.0,0.0,6
vegan (2),m,1,6,train,0.0,0.0,0.0,6
vegan (3),m,0,6,train,0.0,0.0,0.0,6
vegan (3),z,1,6,train,0.0,0.0,0.0,6
vegan (6),m,0,6,train,1.0,0.0,0.0,6
vegan (4),m,0,6,train,0.0,5.0,1.0,6
vegan (5),m,1,6,train,0.0,7.0,1.0,6
vegan (1),z,0,6,train,1.0,0.0,0.0,6
vegan (2),z,0,6,train,0.0,7.0,1.0,6
vegan (1),m,1,6,train,0.0,0.0,0.0,6
vegan (3),z,1,6,train,0.0,7.0,1.0,6
vegan (2),z,0,6,train,1.0,10.0,1.0,6
vegan (6),z,1,6,train,0.0,0.0,0.0,6
vegan (5),z,0,6,train,0.0,7.0,2.0,6
vegan (4),z,1,6,train,0.0,14.0,1.0,6
vegan (5),m,1,6,train,0.0,9.0,2.0,6
vegan (2),m,1,6,train,0.0,15.0,1.0,6
vegan (6),m,0,6,train,1.0,5.0,1.0,6
vegan (1),m,1,6,train,0.0,9.0,1.0,6
vegan (4),m,0,6,train,1.0,5.0,2.0,6
vegan (3),m,0,6,train,1.0,10.0,2.0,6
vegan (6),m,0,6,train,1.0,9.0,1.0,6
vegan (5),m,1,6,train,0.0,7.0,3.0,6
vegan (2),m,1,6,train,0.0,7.0,2.0,6
vegan (3),z,1,6,train,0.0,14.0,2.0,6
vegan (4),z,1,6,train,0.0,11.0,2.0,6
vegan (1),z,0,6,train,1.0,8.0,2.0,6
vegan (6),z,1,6,train,0.0,15.0,1.0,6
vegan (3),z,1,6,train,0.0,4.0,3.0,6
vegan (4),m,0,6,train,1.0,4.0,3.0,6
vegan (1),m,1,6,train,0.0,12.0,2.0,6
vegan (2),m,1,6,train,0.0,8.0,3.0,6
vegan (5),z,0,6,train,1.0,10.0,4.0,6
vegan (2),m,1,6,train,0.0,2.0,4.0,6
vegan (3),z,1,6,train,0.0,6.0,4.0,6
vegan (5),m,1,6,train,0.0,13.0,4.0,6
vegan (4),z,1,6,train,0.0,11.0,3.0,6
vegan (1),m,1,6,train,0.0,7.0,3.0,6
vegan (6),m,0,6,train,1.0,11.0,2.0,6
vegan (2),m,1,6,train,0.0,6.0,5.0,6
vegan (1),z,0,6,train,1.0,3.0,4.0,6
vegan (4),m,0,6,train,1.0,5.0,4.0,6
vegan (3),z,1,6,train,0.0,8.0,5.0,6
vegan (5),m,1,6,train,0.0,8.0,5.0,6
vegan (6),z,1,6,train,0.0,17.0,2.0,6
vegan (3),m,0,6,train,1.0,3.0,6.0,6
vegan (2),m,1,6,train,0.0,7.0,6.0,6
vegan (6),z,1,6,train,0.0,3.0,3.0,6
vegan (1),z,0,6,train,1.0,11.0,4.0,6
vegan (4),m,0,6,train,1.0,13.0,4.0,6
vegan (5),m,1,6,train,0.0,7.0,6.0,6
vegan (2),m,1,6,train,0.0,5.0,7.0,6
vegan (6),z,1,6,train,0.0,5.0,4.0,6
vegan (3),z,1,6,train,0.0,11.0,6.0,6
vegan (1),z,0,6,train,1.0,17.0,4.0,6
vegan (4),z,1,6,train,0.0,19.0,4.0,6
vegan (5),m,1,6,train,0.0,6.0,7.0,6
vegan (3),z,1,6,train,0.0,4.0,7.0,6
vegan (5),m,1,6,train,0.0,2.0,8.0,6
vegan (2),m,1,6,train,0.0,8.0,8.0,6
vegan (6),z,1,6,train,0.0,8.0,5.0,6
vegan (1),z,0,6,train,1.0,24.0,4.0,6
vegan (4),z,1,6,train,0.0,7.0,5.0,6
vegan (5),m,1,6,train,0.0,5.0,9.0,6
vegan (2),m,1,6,train,0.0,5.0,9.0,6
vegan (1),m,1,6,train,0.0,28.0,4.0,6
vegan (4),m,0,6,train,1.0,4.0,6.0,6
vegan (3),z,1,6,train,0.0,10.0,8.0,6
vegan (6),z,1,6,train,0.0,8.0,6.0,6
vegan (5),m,1,6,train,0.0,6.0,10.0,6
vegan (1),z,0,6,train,1.0,5.0,5.0,6
vegan (2),m,1,6,train,0.0,7.0,10.0,6
vegan (4),m,0,6,train,1.0,10.0,6.0,6
vegan (3),z,1,6,train,0.0,6.0,9.0,6
vegan (6),z,1,6,train,0.0,6.0,7.0,6
animal (1),z,1,3,train,0.0,0.0,0.0,6
animal (2),m,0,3,train,0.0,0.0,0.0,6
animal (3),m,1,3,train,0.0,0.0,0.0,6
animal (1),z,1,3,train,0.0,3.0,1.0,6
animal (3),m,1,3,train,0.0,2.0,1.0,6
animal (2),z,1,3,train,0.0,0.0,0.0,6
animal (2),z,1,3,train,0.0,1.0,1.0,6
animal (3),m,1,3,train,0.0,3.0,2.0,6
animal (1),z,1,3,train,0.0,5.0,2.0,6
animal (1),z,1,3,train,0.0,1.0,3.0,6
animal (2),z,1,3,train,0.0,4.0,2.0,6
animal (3),m,1,3,train,0.0,4.0,3.0,6
animal (1),z,1,3,train,0.0,3.0,4.0,6
animal (3),m,1,3,train,0.0,2.0,4.0,6
animal (2),z,1,3,train,0.0,4.0,3.0,6
animal (2),z,1,3,train,0.0,1.0,4.0,6
animal (3),m,1,3,train,0.0,3.0,5.0,6
animal (1),z,1,3,train,0.0,5.0,5.0,6
animal (3),m,1,3,train,0.0,2.0,6.0,6
animal (2),z,1,3,train,0.0,4.0,5.0,6
animal (1),z,1,3,train,0.0,3.0,6.0,6
animal (1),z,1,3,train,0.0,1.0,7.0,6
animal (3),m,1,3,train,0.0,4.0,7.0,6
animal (2),z,1,3,train,0.0,4.0,6.0,6
animal (2),z,1,3,train,0.0,1.0,7.0,6
animal (3),m,1,3,train,0.0,3.0,8.0,6
animal (1),z,1,3,train,0.0,5.0,8.0,6
animal (3),m,1,3,train,0.0,2.0,9.0,6
animal (1),z,1,3,train,0.0,2.0,9.0,6
animal (2),z,1,3,train,0.0,5.0,8.0,6
animal (2),z,1,3,train,0.0,1.0,9.0,6
animal (3),m,1,3,train,0.0,4.0,10.0,6
animal (2),z,1,3,train,0.0,2.0,10.0,6
animal (1),z,1,3,train,0.0,5.0,10.0,6
animal (3),z,0,3,train,0.0,3.0,11.0,6
animal (1),z,1,3,train,0.0,2.0,11.0,6
fruits (6),m,0,6,train,0.0,0.0,0.0,6
fruits (1),z,0,6,train,0.0,0.0,0.0,6
fruits (5),m,1,6,train,0.0,0.0,0.0,6
fruits (4),m,0,6,train,0.0,0.0,0.0,6
fruits (2),m,1,6,train,0.0,0.0,0.0,6
fruits (3),m,0,6,train,0.0,0.0,0.0,6
fruits (3),z,1,6,train,0.0,0.0,0.0,6
fruits (6),z,1,6,train,0.0,0.0,0.0,6
fruits (4),z,1,6,train,0.0,0.0,0.0,6
fruits (5),m,1,6,train,0.0,7.0,1.0,6
fruits (1),m,1,6,train,0.0,0.0,0.0,6
fruits (2),z,0,6,train,0.0,7.0,1.0,6
fruits (1),z,0,6,train,1.0,2.0,1.0,6
fruits (3),z,1,6,train,0.0,7.0,1.0,6
fruits (2),m,1,6,train,0.0,10.0,1.0,6
fruits (6),z,1,6,train,0.0,8.0,1.0,6
fruits (5),m,1,6,train,0.0,7.0,2.0,6
fruits (4),z,1,6,train,0.0,9.0,1.0,6
fruits (5),m,1,6,train,0.0,2.0,3.0,6
fruits (2),m,1,6,train,0.0,5.0,2.0,6
fruits (6),z,1,6,train,0.0,5.0,2.0,6
fruits (1),z,0,6,train,1.0,11.0,1.0,6
fruits (4),z,1,6,train,0.0,5.0,2.0,6
fruits (3),z,1,6,train,0.0,10.0,2.0,6
fruits (6),z,1,6,train,0.0,4.0,3.0,6
fruits (5),m,1,6,train,0.0,7.0,4.0,6
fruits (2),m,1,6,train,0.0,7.0,3.0,6
fruits (3),z,1,6,train,0.0,4.0,3.0,6
fruits (4),z,1,6,train,0.0,6.0,3.0,6
fruits (1),m,1,6,train,0.0,19.0,1.0,6
fruits (6),z,1,6,train,0.0,6.0,4.0,6
fruits (3),z,1,6,train,0.0,4.0,4.0,6
fruits (4),z,1,6,train,0.0,4.0,4.0,6
fruits (1),m,1,6,train,0.0,4.0,2.0,6
fruits (2),m,1,6,train,0.0,8.0,4.0,6
fruits (5),m,1,6,train,0.0,10.0,5.0,6
fruits (2),m,1,6,train,0.0,2.0,5.0,6
fruits (3),z,1,6,train,0.0,6.0,5.0,6
fruits (5),m,1,6,train,0.0,3.0,6.0,6
fruits (4),z,1,6,train,0.0,7.0,5.0,6
fruits (1),m,1,6,train,0.0,7.0,3.0,6
fruits (6),z,1,6,train,0.0,11.0,5.0,6
fruits (2),m,1,6,train,0.0,6.0,6.0,6
fruits (1),m,1,6,train,0.0,3.0,4.0,6
fruits (4),z,1,6,train,0.0,5.0,6.0,6
fruits (3),z,1,6,train,0.0,8.0,6.0,6
fruits (5),m,1,6,train,0.0,8.0,7.0,6
fruits (6),z,1,6,train,0.0,6.0,6.0,6
fruits (3),z,1,6,train,0.0,3.0,7.0,6
fruits (2),m,1,6,train,0.0,7.0,7.0,6
fruits (6),z,1,6,train,0.0,3.0,7.0,6
fruits (1),m,1,6,train,0.0,8.0,5.0,6
fruits (4),z,1,6,train,0.0,8.0,7.0,6
fruits (5),m,1,6,train,0.0,7.0,8.0,6
fruits (2),m,1,6,train,0.0,5.0,8.0,6
fruits (6),z,1,6,train,0.0,5.0,8.0,6
fruits (3),z,1,6,train,0.0,8.0,8.0,6
fruits (1),m,1,6,train,0.0,6.0,6.0,6
fruits (4),z,1,6,train,0.0,6.0,8.0,6
fruits (5),m,1,6,train,0.0,6.0,9.0,6
fruits (3),z,1,6,train,0.0,4.0,9.0,6
fruits (5),z,0,6,train,0.0,2.0,10.0,6
fruits (2),m,1,6,train,0.0,8.0,9.0,6
fruits (6),z,1,6,train,0.0,8.0,9.0,6
fruits (1),m,1,6,train,0.0,7.0,7.0,6
fruits (4),z,1,6,train,0.0,7.0,9.0,6
fruits (5),m,1,6,train,0.0,7.0,10.0,6
fruits (2),m,1,6,train,0.0,5.0,10.0,6
fruits (1),m,1,6,train,0.0,4.0,8.0,6
fruits (4),z,1,6,train,0.0,4.0,10.0,6
fruits (3),z,1,6,train,0.0,10.0,10.0,6
fruits (6),m,0,6,train,1.0,8.0,10.0,6
fruits (5),m,1,6,train,0.0,6.0,11.0,6
fruits (1),m,1,6,train,0.0,5.0,9.0,6
fruits (2),m,1,6,train,0.0,7.0,11.0,6
fruits (4),z,1,6,train,0.0,6.0,11.0,6
fruits (3),z,1,6,train,0.0,6.0,11.0,6
fruits (6),m,0,6,train,1.0,14.0,10.0,6
tools (1),m,0,3,train,0.0,0.0,0.0,6
tools (2),m,0,3,train,0.0,0.0,0.0,6
tools (3),m,1,3,train,0.0,0.0,0.0,6
tools (1),z,1,3,train,0.0,0.0,0.0,6
tools (3),z,0,3,train,0.0,2.0,1.0,6
tools (2),z,1,3,train,0.0,0.0,0.0,6
tools (2),z,1,3,train,0.0,1.0,1.0,6
tools (3),m,1,3,train,0.0,5.0,1.0,6
tools (1),z,1,3,train,0.0,5.0,1.0,6
tools (1),z,1,3,train,0.0,1.0,2.0,6
tools (2),z,1,3,train,0.0,4.0,2.0,6
tools (3),m,1,3,train,0.0,4.0,2.0,6
tools (1),z,1,3,train,0.0,3.0,3.0,6
tools (3),m,1,3,train,0.0,2.0,3.0,6
tools (2),z,1,3,train,0.0,4.0,3.0,6
tools (2),z,1,3,train,0.0,1.0,4.0,6
tools (3),m,1,3,train,0.0,3.0,4.0,6
tools (1),z,1,3,train,0.0,5.0,4.0,6
tools (3),m,1,3,train,0.0,2.0,5.0,6
tools (2),z,1,3,train,0.0,4.0,5.0,6
tools (1),z,1,3,train,0.0,3.0,5.0,6
tools (1),z,1,3,train,0.0,1.0,6.0,6
tools (3),m,1,3,train,0.0,4.0,6.0,6
tools (2),z,1,3,train,0.0,4.0,6.0,6
tools (2),z,1,3,train,0.0,1.0,7.0,6
tools (3),m,1,3,train,0.0,3.0,7.0,6
tools (1),z,1,3,train,0.0,5.0,7.0,6
tools (3),z,0,3,train,1.0,2.0,8.0,6
tools (1),m,0,3,train,1.0,2.0,8.0,6
tools (2),z,1,3,train,0.0,5.0,8.0,6
tools (2),z,1,3,train,0.0,1.0,9.0,6
tools (3),m,1,3,train,0.0,6.0,8.0,6
tools (2),z,1,3,train,0.0,2.0,10.0,6
tools (1),z,1,3,train,0.0,7.0,8.0,6
tools (3),m,1,3,train,0.0,3.0,9.0,6
tools (1),z,1,3,train,0.0,2.0,9.0,6
clothes (6),z,1,6,train,0.0,0.0,0.0,6
clothes (1),z,0,6,train,0.0,0.0,0.0,6
clothes (5),z,0,6,train,0.0,0.0,0.0,6
clothes (4),z,1,6,train,0.0,0.0,0.0,6
clothes (2),z,0,6,train,0.0,0.0,0.0,6
clothes (3),z,1,6,train,0.0,0.0,0.0,6
clothes (3),z,1,6,train,0.0,1.0,1.0,6
clothes (6),m,0,6,train,0.0,7.0,1.0,6
clothes (4),m,0,6,train,0.0,5.0,1.0,6
clothes (5),m,1,6,train,0.0,0.0,0.0,6
clothes (1),m,1,6,train,0.0,0.0,0.0,6
clothes (2),z,0,6,train,1.0,0.0,0.0,6
clothes (1),m,1,6,train,0.0,2.0,1.0,6
clothes (3),z,1,6,train,0.0,7.0,2.0,6
clothes (2),z,0,6,train,1.0,0.0,0.0,6
clothes (6),z,1,6,train,0.0,15.0,1.0,6
clothes (5),m,1,6,train,0.0,7.0,1.0,6
clothes (4),z,1,6,train,0.0,14.0,1.0,6
clothes (5),m,1,6,train,0.0,2.0,2.0,6
clothes (2),m,1,6,train,0.0,0.0,0.0,6
clothes (6),z,1,6,train,0.0,5.0,2.0,6
clothes (1),m,1,6,train,0.0,9.0,2.0,6
clothes (4),z,1,6,train,0.0,5.0,2.0,6
clothes (3),z,1,6,train,0.0,10.0,3.0,6
clothes (6),z,1,6,train,0.0,4.0,3.0,6
clothes (5),m,1,6,train,0.0,7.0,3.0,6
clothes (2),m,1,6,train,0.0,7.0,1.0,6
clothes (3),z,1,6,train,0.0,4.0,4.0,6
clothes (4),z,1,6,train,0.0,6.0,3.0,6
clothes (1),m,1,6,train,0.0,8.0,3.0,6
clothes (6),z,1,6,train,0.0,6.0,4.0,6
clothes (3),z,1,6,train,0.0,4.0,5.0,6
clothes (4),z,1,6,train,0.0,4.0,4.0,6
clothes (1),m,1,6,train,0.0,4.0,4.0,6
clothes (2),m,1,6,train,0.0,8.0,2.0,6
clothes (5),m,1,6,train,0.0,10.0,4.0,6
clothes (2),z,0,6,train,1.0,2.0,3.0,6
clothes (3),z,1,6,train,0.0,6.0,6.0,6
clothes (5),m,1,6,train,0.0,3.0,5.0,6
clothes (4),z,1,6,train,0.0,7.0,5.0,6
clothes (1),m,1,6,train,0.0,7.0,5.0,6
clothes (6),z,1,6,train,0.0,11.0,5.0,6
clothes (2),m,1,6,train,0.0,8.0,3.0,6
clothes (1),m,1,6,train,0.0,3.0,6.0,6
clothes (4),z,1,6,train,0.0,5.0,6.0,6
clothes (3),z,1,6,train,0.0,8.0,7.0,6
clothes (5),m,1,6,train,0.0,8.0,6.0,6
clothes (6),z,1,6,train,0.0,6.0,6.0,6
clothes (3),z,1,6,train,0.0,3.0,8.0,6
clothes (2),m,1,6,train,0.0,7.0,4.0,6
clothes (6),z,1,6,train,0.0,3.0,7.0,6
clothes (1),m,1,6,train,0.0,8.0,7.0,6
clothes (4),z,1,6,train,0.0,8.0,7.0,6
clothes (5),m,1,6,train,0.0,7.0,7.0,6
clothes (2),m,1,6,train,0.0,5.0,5.0,6
clothes (6),z,1,6,train,0.0,5.0,8.0,6
clothes (3),z,1,6,train,0.0,8.0,9.0,6
clothes (1),m,1,6,train,0.0,6.0,8.0,6
clothes (4),z,1,6,train,0.0,6.0,8.0,6
clothes (5),m,1,6,train,0.0,6.0,8.0,6
clothes (3),z,1,6,train,0.0,4.0,10.0,6
clothes (5),m,1,6,train,0.0,2.0,9.0,6
clothes (2),m,1,6,train,0.0,8.0,6.0,6
clothes (6),z,1,6,train,0.0,8.0,9.0,6
clothes (1),m,1,6,train,0.0,7.0,9.0,6
clothes (4),z,1,6,train,0.0,7.0,9.0,6
clothes (5),m,1,6,train,0.0,5.0,10.0,6
clothes (2),m,1,6,train,0.0,5.0,7.0,6
clothes (1),z,0,6,train,1.0,4.0,10.0,6
clothes (4),z,1,6,train,0.0,4.0,10.0,6
clothes (3),z,1,6,train,0.0,10.0,11.0,6
clothes (6),z,1,6,train,0.0,8.0,10.0,6
clothes (5),m,1,6,train,0.0,6.0,11.0,6
clothes (1),z,0,6,train,1.0,9.0,10.0,6
clothes (2),m,1,6,train,0.0,7.0,8.0,6
clothes (4),z,1,6,train,0.0,6.0,11.0,6
clothes (3),z,1,6,train,0.0,6.0,12.0,6
clothes (6),z,1,6,train,0.0,6.0,11.0,6
face (1),z,1,3,train,0.0,0.0,0.0,6
face (2),z,1,3,train,0.0,0.0,0.0,6
face (3),m,1,3,train,0.0,0.0,0.0,6
face (1),z,1,3,train,0.0,3.0,1.0,6
face (3),m,1,3,train,0.0,2.0,1.0,6
face (2),z,1,3,train,0.0,4.0,1.0,6
face (2),z,1,3,train,0.0,1.0,2.0,6
face (3),m,1,3,train,0.0,3.0,2.0,6
face (1),z,1,3,train,0.0,5.0,2.0,6
face (1),z,1,3,train,0.0,1.0,3.0,6
face (2),z,1,3,train,0.0,4.0,3.0,6
face (3),m,1,3,train,0.0,4.0,3.0,6
face (1),z,1,3,train,0.0,3.0,4.0,6
face (3),m,1,3,train,0.0,2.0,4.0,6
face (2),z,1,3,train,0.0,4.0,4.0,6
face (2),z,1,3,train,0.0,1.0,5.0,6
face (3),m,1,3,train,0.0,3.0,5.0,6
face (1),z,1,3,train,0.0,5.0,5.0,6
face (3),z,0,3,train,0.0,2.0,6.0,6
face (2),z,1,3,train,0.0,4.0,6.0,6
face (1),z,1,3,train,0.0,3.0,6.0,6
face (1),z,1,3,train,0.0,1.0,7.0,6
face (3),m,1,3,train,0.0,6.0,6.0,6
face (2),z,1,3,train,0.0,4.0,7.0,6
face (2),z,1,3,train,0.0,1.0,8.0,6
face (3),m,1,3,train,0.0,3.0,7.0,6
face (1),z,1,3,train,0.0,5.0,8.0,6
face (3),m,1,3,train,0.0,2.0,8.0,6
face (1),z,1,3,train,0.0,2.0,9.0,6
face (2),m,0,3,train,0.0,5.0,9.0,6
face (2),m,0,3,train,1.0,6.0,9.0,6
face (3),m,1,3,train,0.0,4.0,9.0,6
face (2),z,1,3,train,0.0,8.0,9.0,6
face (1),z,1,3,train,0.0,5.0,10.0,6
face (3),m,1,3,train,0.0,3.0,10.0,6
face (1),z,1,3,train,0.0,2.0,11.0,6
color (6),z,1,6,train,0.0,0.0,0.0,6
color (1),z,0,6,train,0.0,0.0,0.0,6
color (5),z,0,6,train,0.0,0.0,0.0,6
color (4),m,0,6,train,0.0,0.0,0.0,6
color (2),m,1,6,train,0.0,0.0,0.0,6
color (3),m,0,6,train,0.0,0.0,0.0,6
color (3),z,1,6,train,0.0,0.0,0.0,6
color (6),m,0,6,train,0.0,7.0,1.0,6
color (4),z,1,6,train,0.0,0.0,0.0,6
color (5),z,0,6,train,1.0,0.0,0.0,6
color (1),m,1,6,train,0.0,0.0,0.0,6
color (2),z,0,6,train,0.0,7.0,1.0,6
color (1),m,1,6,train,0.0,2.0,1.0,6
color (3),z,1,6,train,0.0,7.0,1.0,6
color (2),m,1,6,train,0.0,10.0,1.0,6
color (6),z,1,6,train,0.0,15.0,1.0,6
color (5),z,0,6,train,1.0,0.0,0.0,6
color (4),z,1,6,train,0.0,9.0,1.0,6
color (5),m,1,6,train,0.0,0.0,0.0,6
color (2),m,1,6,train,0.0,5.0,2.0,6
color (6),z,1,6,train,0.0,5.0,2.0,6
color (1),m,1,6,train,0.0,9.0,2.0,6
color (4),z,1,6,train,0.0,5.0,2.0,6
color (3),z,1,6,train,0.0,10.0,2.0,6
color (6),z,1,6,train,0.0,4.0,3.0,6
color (5),m,1,6,train,0.0,7.0,1.0,6
color (2),m,1,6,train,0.0,7.0,3.0,6
color (3),z,1,6,train,0.0,4.0,3.0,6
color (4),z,1,6,train,0.0,6.0,3.0,6
color (1),m,1,6,train,0.0,8.0,3.0,6
color (6),z,1,6,train,0.0,6.0,4.0,6
color (3),z,1,6,train,0.0,4.0,4.0,6
color (4),z,1,6,train,0.0,4.0,4.0,6
color (1),m,1,6,train,0.0,4.0,4.0,6
color (2),m,1,6,train,0.0,8.0,4.0,6
color (5),m,1,6,train,0.0,10.0,2.0,6
color (2),m,1,6,train,0.0,2.0,5.0,6
color (3),z,1,6,train,0.0,6.0,5.0,6
color (5),m,1,6,train,0.0,3.0,3.0,6
color (4),z,1,6,train,0.0,7.0,5.0,6
color (1),m,1,6,train,0.0,7.0,5.0,6
color (6),z,1,6,train,0.0,11.0,5.0,6
color (2),z,0,6,train,1.0,6.0,6.0,6
color (1),m,1,6,train,0.0,3.0,6.0,6
color (4),m,0,6,train,1.0,5.0,6.0,6
color (3),z,1,6,train,0.0,8.0,6.0,6
color (5),m,1,6,train,0.0,8.0,4.0,6
color (6),z,1,6,train,0.0,6.0,6.0,6
color (3),z,1,6,train,0.0,3.0,7.0,6
color (2),m,1,6,train,0.0,13.0,6.0,6
color (6),z,1,6,train,0.0,3.0,7.0,6
color (1),m,1,6,train,0.0,8.0,7.0,6
color (4),z,1,6,train,0.0,13.0,6.0,6
color (5),m,1,6,train,0.0,7.0,5.0,6
color (2),m,1,6,train,0.0,5.0,7.0,6
color (6),z,1,6,train,0.0,5.0,8.0,6
color (3),z,1,6,train,0.0,8.0,8.0,6
color (1),m,1,6,train,0.0,6.0,8.0,6
color (4),z,1,6,train,0.0,6.0,7.0,6
color (5),m,1,6,train,0.0,6.0,6.0,6
color (3),m,0,6,train,1.0,4.0,9.0,6
color (5),m,1,6,train,0.0,2.0,7.0,6
color (2),m,1,6,train,0.0,8.0,8.0,6
color (6),z,1,6,train,0.0,8.0,9.0,6
color (1),m,1,6,train,0.0,7.0,9.0,6
color (4),z,1,6,train,0.0,7.0,8.0,6
color (5),m,1,6,train,0.0,5.0,8.0,6
color (2),m,1,6,train,0.0,5.0,9.0,6
color (1),m,1,6,train,0.0,4.0,10.0,6
color (4),z,1,6,train,0.0,4.0,9.0,6
color (3),z,1,6,train,0.0,14.0,9.0,6
color (6),z,1,6,train,0.0,8.0,10.0,6
color (5),m,1,6,train,0.0,6.0,9.0,6
color (1),m,1,6,train,0.0,5.0,11.0,6
color (2),z,0,6,train,1.0,7.0,10.0,6
color (4),z,1,6,train,0.0,6.0,10.0,6
color (3),z,1,6,train,0.0,6.0,10.0,6
color (6),z,1,6,train,0.0,6.0,11.0,6
symbol (1),m,1,3,train,0.0,0.0,0.0,6
symbol (2),m,1,3,train,0.0,0.0,0.0,6
symbol (3),z,1,3,train,0.0,0.0,0.0,6
symbol (1),m,1,3,train,0.0,3.0,1.0,6
symbol (3),m,0,3,train,0.0,2.0,1.0,6
symbol (2),m,1,3,train,0.0,4.0,1.0,6
symbol (2),m,1,3,train,0.0,1.0,2.0,6
symbol (3),m,0,3,train,1.0,5.0,1.0,6
symbol (1),m,1,3,train,0.0,5.0,2.0,6
symbol (1),m,1,3,train,0.0,1.0,3.0,6
symbol (2),m,1,3,train,0.0,4.0,3.0,6
symbol (3),z,1,3,train,0.0,9.0,1.0,6
symbol (1),m,1,3,train,0.0,3.0,4.0,6
symbol (3),m,0,3,train,1.0,2.0,2.0,6
symbol (2),z,0,3,train,0.0,4.0,4.0,6
symbol (2),m,1,3,train,0.0,5.0,4.0,6
symbol (3),z,1,3,train,0.0,5.0,2.0,6
symbol (1),m,1,3,train,0.0,5.0,5.0,6
symbol (3),z,1,3,train,0.0,2.0,3.0,6
symbol (2),m,1,3,train,0.0,4.0,5.0,6
symbol (1),m,1,3,train,0.0,3.0,6.0,6
symbol (1),m,1,3,train,0.0,1.0,7.0,6
symbol (3),z,1,3,train,0.0,4.0,4.0,6
symbol (2),m,1,3,train,0.0,4.0,6.0,6
symbol (2),m,1,3,train,0.0,1.0,7.0,6
symbol (3),z,1,3,train,0.0,3.0,5.0,6
symbol (1),m,1,3,train,0.0,5.0,8.0,6
symbol (3),z,1,3,train,0.0,2.0,6.0,6
symbol (1),m,1,3,train,0.0,2.0,9.0,6
symbol (2),m,1,3,train,0.0,5.0,8.0,6
symbol (2),m,1,3,train,0.0,1.0,9.0,6
symbol (3),z,1,3,train,0.0,4.0,7.0,6
symbol (2),m,1,3,train,0.0,2.0,10.0,6
symbol (1),m,1,3,train,0.0,5.0,10.0,6
symbol (3),z,1,3,train,0.0,3.0,8.0,6
symbol (1),m,1,3,train,0.0,2.0,11.0,6
environment (6),m,0,6,train,0.0,0.0,0.0,6
environment (1),m,1,6,train,0.0,0.0,0.0,6
environment (5),m,1,6,train,0.0,0.0,0.0,6
environment (4),z,1,6,train,0.0,0.0,0.0,6
environment (2),m,1,6,train,0.0,0.0,0.0,6
environment (3),z,1,6,train,0.0,0.0,0.0,6
environment (3),z,1,6,train,0.0,1.0,1.0,6
environment (6),m,0,6,train,1.0,0.0,0.0,6
environment (4),z,1,6,train,0.0,5.0,1.0,6
environment (5),m,1,6,train,0.0,7.0,1.0,6
environment (1),z,0,6,train,0.0,9.0,1.0,6
environment (2),m,1,6,train,0.0,7.0,1.0,6
environment (1),m,1,6,train,0.0,11.0,1.0,6
environment (3),z,1,6,train,0.0,7.0,2.0,6
environment (2),m,1,6,train,0.0,3.0,2.0,6
environment (6),z,1,6,train,0.0,0.0,0.0,6
environment (5),m,1,6,train,0.0,7.0,2.0,6
environment (4),z,1,6,train,0.0,9.0,2.0,6
environment (5),m,1,6,train,0.0,2.0,3.0,6
environment (2),z,0,6,train,0.0,5.0,3.0,6
environment (6),z,1,6,train,0.0,5.0,1.0,6
environment (1),z,0,6,train,1.0,9.0,2.0,6
environment (4),z,1,6,train,0.0,5.0,3.0,6
environment (3),z,1,6,train,0.0,10.0,3.0,6
environment (6),z,1,6,train,0.0,4.0,2.0,6
environment (5),m,1,6,train,0.0,7.0,4.0,6
environment (2),m,1,6,train,0.0,12.0,3.0,6
environment (3),z,1,6,train,0.0,4.0,4.0,6
environment (4),m,0,6,train,0.0,6.0,4.0,6
environment (1),m,1,6,train,0.0,17.0,2.0,6
environment (6),z,1,6,train,0.0,6.0,3.0,6
environment (3),z,1,6,train,0.0,4.0,5.0,6
environment (4),m,0,6,train,1.0,10.0,4.0,6
environment (1),z,0,6,train,1.0,4.0,3.0,6
environment (2),m,1,6,train,0.0,8.0,4.0,6
environment (5),z,0,6,train,0.0,10.0,5.0,6
environment (2),m,1,6,train,0.0,2.0,5.0,6
environment (3),z,1,6,train,0.0,6.0,6.0,6
environment (5),m,1,6,train,0.0,13.0,5.0,6
environment (4),z,1,6,train,0.0,17.0,4.0,6
environment (1),m,1,6,train,0.0,11.0,3.0,6
environment (6),z,1,6,train,0.0,11.0,4.0,6
environment (2),m,1,6,train,0.0,6.0,6.0,6
environment (1),m,1,6,train,0.0,3.0,4.0,6
environment (4),m,0,6,train,1.0,5.0,5.0,6
environment (3),z,1,6,train,0.0,8.0,7.0,6
environment (5),m,1,6,train,0.0,8.0,6.0,6
environment (6),z,1,6,train,0.0,6.0,5.0,6
environment (3),z,1,6,train,0.0,3.0,8.0,6
environment (2),m,1,6,train,0.0,7.0,7.0,6
environment (6),z,1,6,train,0.0,3.0,6.0,6
environment (1),m,1,6,train,0.0,8.0,5.0,6
environment (4),z,1,6,train,0.0,13.0,5.0,6
environment (5),z,0,6,train,1.0,7.0,7.0,6
environment (2),m,1,6,train,0.0,5.0,8.0,6
environment (6),z,1,6,train,0.0,5.0,7.0,6
environment (3),z,1,6,train,0.0,8.0,9.0,6
environment (1),m,1,6,train,0.0,6.0,6.0,6
environment (4),z,1,6,train,0.0,6.0,6.0,6
environment (5),m,1,6,train,0.0,13.0,7.0,6
environment (3),z,1,6,train,0.0,4.0,10.0,6
environment (5),z,0,6,train,1.0,2.0,8.0,6
environment (2),m,1,6,train,0.0,8.0,9.0,6
environment (6),z,1,6,train,0.0,8.0,8.0,6
environment (1),m,1,6,train,0.0,7.0,7.0,6
environment (4),z,1,6,train,0.0,7.0,7.0,6
environment (5),m,1,6,train,0.0,7.0,8.0,6
environment (2),m,1,6,train,0.0,5.0,10.0,6
environment (1),m,1,6,train,0.0,4.0,8.0,6
environment (4),z,1,6,train,0.0,4.0,8.0,6
environment (3),z,1,6,train,0.0,10.0,11.0,6
environment (6),z,1,6,train,0.0,8.0,9.0,6
environment (5),m,1,6,train,0.0,6.0,9.0,6
environment (1),m,1,6,train,0.0,5.0,9.0,6
environment (2),m,1,6,train,0.0,7.0,11.0,6
environment (4),z,1,6,train,0.0,6.0,9.0,6
environment (3),z,1,6,train,0.0,6.0,12.0,6
environment (6),z,1,6,train,0.0,6.0,10.0,6
vehicle (1),m,1,3,train,0.0,0.0,0.0,6
vehicle (2),m,1,3,train,0.0,0.0,0.0,6
vehicle (3),z,1,3,train,0.0,0.0,0.0,6
vehicle (1),m,1,3,train,0.0,3.0,1.0,6
vehicle (3),m,0,3,train,0.0,2.0,1.0,6
vehicle (2),m,1,3,train,0.0,4.0,1.0,6
vehicle (2),m,1,3,train,0.0,1.0,2.0,6
vehicle (3),z,1,3,train,0.0,5.0,1.0,6
vehicle (1),m,1,3,train,0.0,5.0,2.0,6
vehicle (1),m,1,3,train,0.0,1.0,3.0,6
vehicle (2),m,1,3,train,0.0,4.0,3.0,6
vehicle (3),z,1,3,train,0.0,4.0,2.0,6
vehicle (1),m,1,3,train,0.0,3.0,4.0,6
vehicle (3),z,1,3,train,0.0,2.0,3.0,6
vehicle (2),m,1,3,train,0.0,4.0,4.0,6
vehicle (2),m,1,3,train,0.0,1.0,5.0,6
vehicle (3),z,1,3,train,0.0,3.0,4.0,6
vehicle (1),m,1,3,train,0.0,5.0,5.0,6
vehicle (3),z,1,3,train,0.0,2.0,5.0,6
vehicle (2),m,1,3,train,0.0,4.0,6.0,6
vehicle (1),m,1,3,train,0.0,3.0,6.0,6
vehicle (1),z,0,3,train,0.0,1.0,7.0,6
vehicle (3),z,1,3,train,0.0,4.0,6.0,6
vehicle (2),m,1,3,train,0.0,4.0,7.0,6
vehicle (2),m,1,3,train,0.0,1.0,8.0,6
vehicle (3),z,1,3,train,0.0,3.0,7.0,6
vehicle (1),m,1,3,train,0.0,6.0,7.0,6
vehicle (3),z,1,3,train,0.0,2.0,8.0,6
vehicle (1),m,1,3,train,0.0,2.0,8.0,6
vehicle (2),m,1,3,train,0.0,5.0,9.0,6
vehicle (2),m,1,3,train,0.0,1.0,10.0,6
vehicle (3),z,1,3,train,0.0,4.0,9.0,6
vehicle (2),m,1,3,train,0.0,2.0,11.0,6
vehicle (1),m,1,3,train,0.0,5.0,9.0,6
vehicle (3),z,1,3,train,0.0,3.0,10.0,6
vehicle (1),m,1,3,train,0.0,2.0,10.0,6
instrument (1),m,1,3,train,0.0,0.0,0.0,6
instrument (2),z,0,3,train,0.0,0.0,0.0,6
instrument (3),z,1,3,train,0.0,0.0,0.0,6
instrument (1),m,1,3,train,0.0,3.0,1.0,6
instrument (3),m,0,3,train,0.0,2.0,1.0,6
instrument (2),m,1,3,train,0.0,0.0,0.0,6
instrument (2),z,0,3,train,1.0,1.0,1.0,6
instrument (3),z,1,3,train,0.0,5.0,1.0,6
instrument (1),m,1,3,train,0.0,5.0,2.0,6
instrument (1),m,1,3,train,0.0,1.0,3.0,6
instrument (2),z,0,3,train,1.0,5.0,1.0,6
instrument (3),z,1,3,train,0.0,4.0,2.0,6
instrument (1),m,1,3,train,0.0,3.0,4.0,6
instrument (3),z,1,3,train,0.0,2.0,3.0,6
instrument (2),m,1,3,train,0.0,9.0,1.0,6
instrument (2),m,1,3,train,0.0,1.0,2.0,6
instrument (3),z,1,3,train,0.0,3.0,4.0,6
instrument (1),m,1,3,train,0.0,5.0,5.0,6
instrument (3),z,1,3,train,0.0,2.0,5.0,6
instrument (2),m,1,3,train,0.0,4.0,3.0,6
instrument (1),m,1,3,train,0.0,3.0,6.0,6
instrument (1),m,1,3,train,0.0,1.0,7.0,6
instrument (3),z,1,3,train,0.0,4.0,6.0,6
instrument (2),m,1,3,train,0.0,4.0,4.0,6
instrument (2),m,1,3,train,0.0,1.0,5.0,6
instrument (3),z,1,3,train,0.0,3.0,7.0,6
instrument (1),m,1,3,train,0.0,5.0,8.0,6
instrument (3),z,1,3,train,0.0,2.0,8.0,6
instrument (1),m,1,3,train,0.0,2.0,9.0,6
instrument (2),m,1,3,train,0.0,5.0,6.0,6
instrument (2),m,1,3,train,0.0,1.0,7.0,6
instrument (3),z,1,3,train,0.0,4.0,9.0,6
instrument (2),m,1,3,train,0.0,2.0,8.0,6
instrument (1),m,1,3,train,0.0,5.0,10.0,6
instrument (3),z,1,3,train,0.0,3.0,10.0,6
instrument (1),m,1,3,train,0.0,2.0,11.0,6
jungle2,m,0,3,train,0.0,0.0,0.0,7
jungle1,z,1,3,train,0.0,0.0,0.0,7
jungle3,z,0,3,train,0.0,0.0,0.0,7
jungle1,m,0,3,train,0.0,2.0,1.0,7
jungle3,z,0,3,train,1.0,0.0,0.0,7
jungle2,m,0,3,train,1.0,0.0,0.0,7
jungle3,z,0,3,train,1.0,0.0,0.0,7
jungle2,m,0,3,train,1.0,0.0,0.0,7
jungle1,z,1,3,train,0.0,7.0,1.0,7
jungle1,z,1,3,train,0.0,1.0,2.0,7
jungle2,z,1,3,train,0.0,0.0,0.0,7
jungle3,m,1,3,train,0.0,0.0,0.0,7
jungle3,m,1,3,train,0.0,1.0,1.0,7
jungle1,z,1,3,train,0.0,4.0,3.0,7
jungle2,z,1,3,train,0.0,4.0,1.0,7
jungle3,m,1,3,train,0.0,3.0,2.0,7
jungle1,z,1,3,train,0.0,3.0,4.0,7
jungle2,z,1,3,train,0.0,3.0,2.0,7
jungle1,z,1,3,train,0.0,2.0,5.0,7
jungle3,m,1,3,train,0.0,4.0,3.0,7
jungle2,z,1,3,train,0.0,3.0,3.0,7
jungle3,m,1,3,train,0.0,2.0,4.0,7
jungle2,z,1,3,train,0.0,2.0,4.0,7
jungle1,z,1,3,train,0.0,5.0,6.0,7
jungle2,z,1,3,train,0.0,2.0,5.0,7
jungle3,m,1,3,train,0.0,4.0,5.0,7
jungle1,z,1,3,train,0.0,3.0,7.0,7
jungle1,z,1,3,train,0.0,1.0,8.0,7
jungle2,z,1,3,train,0.0,4.0,6.0,7
jungle3,m,1,3,train,0.0,4.0,6.0,7
jungle2,z,1,3,train,0.0,2.0,7.0,7
jungle3,m,1,3,train,0.0,2.0,7.0,7
jungle1,z,1,3,train,0.0,5.0,9.0,7
jungle2,z,1,3,train,0.0,3.0,8.0,7
jungle1,z,1,3,train,0.0,2.0,10.0,7
jungle3,m,1,3,train,0.0,4.0,8.0,7
vegan (6),m,0,6,train,0.0,0.0,0.0,7
vegan (1),m,1,6,train,0.0,0.0,0.0,7
vegan (5),z,0,6,train,0.0,0.0,0.0,7
vegan (4),m,0,6,train,0.0,0.0,0.0,7
vegan (2),m,1,6,train,0.0,0.0,0.0,7
vegan (3),m,0,6,train,0.0,0.0,0.0,7
vegan (3),z,1,6,train,0.0,0.0,0.0,7
vegan (6),z,1,6,train,0.0,0.0,0.0,7
vegan (4),m,0,6,train,1.0,0.0,0.0,7
vegan (5),m,1,6,train,0.0,0.0,0.0,7
vegan (1),z,0,6,train,0.0,9.0,1.0,7
vegan (2),z,0,6,train,0.0,7.0,1.0,7
vegan (1),z,0,6,train,1.0,11.0,1.0,7
vegan (3),z,1,6,train,0.0,7.0,1.0,7
vegan (2),m,1,6,train,0.0,10.0,1.0,7
vegan (6),m,0,6,train,1.0,8.0,1.0,7
vegan (5),m,1,6,train,0.0,7.0,1.0,7
vegan (4),m,0,6,train,1.0,0.0,0.0,7
vegan (5),m,1,6,train,0.0,2.0,2.0,7
vegan (2),z,0,6,train,1.0,5.0,2.0,7
vegan (6),z,1,6,train,0.0,13.0,1.0,7
vegan (1),z,0,6,train,1.0,20.0,1.0,7
vegan (4),z,1,6,train,0.0,0.0,0.0,7
vegan (3),m,0,6,train,1.0,10.0,2.0,7
vegan (6),z,1,6,train,0.0,4.0,2.0,7
vegan (5),z,0,6,train,1.0,7.0,3.0,7
vegan (2),z,0,6,train,1.0,12.0,2.0,7
vegan (3),z,1,6,train,0.0,14.0,2.0,7
vegan (4),m,0,6,train,1.0,6.0,1.0,7
vegan (1),z,0,6,train,1.0,28.0,1.0,7
vegan (6),z,1,6,train,0.0,6.0,3.0,7
vegan (3),z,1,6,train,0.0,4.0,3.0,7
vegan (4),m,0,6,train,1.0,10.0,1.0,7
vegan (1),m,1,6,train,0.0,32.0,1.0,7
vegan (2),m,1,6,train,0.0,20.0,2.0,7
vegan (5),m,1,6,train,0.0,17.0,3.0,7
vegan (2),m,1,6,train,0.0,2.0,3.0,7
vegan (3),z,1,6,train,0.0,6.0,4.0,7
vegan (5),m,1,6,train,0.0,3.0,4.0,7
vegan (4),z,1,6,train,0.0,17.0,1.0,7
vegan (1),m,1,6,train,0.0,7.0,2.0,7
vegan (6),z,1,6,train,0.0,11.0,4.0,7
vegan (2),m,1,6,train,0.0,6.0,4.0,7
vegan (1),m,1,6,train,0.0,3.0,3.0,7
vegan (4),z,1,6,train,0.0,5.0,2.0,7
vegan (3),z,1,6,train,0.0,8.0,5.0,7
vegan (5),m,1,6,train,0.0,8.0,5.0,7
vegan (6),z,1,6,train,0.0,6.0,5.0,7
vegan (3),z,1,6,train,0.0,3.0,6.0,7
vegan (2),m,1,6,train,0.0,7.0,5.0,7
vegan (6),z,1,6,train,0.0,3.0,6.0,7
vegan (1),m,1,6,train,0.0,8.0,4.0,7
vegan (4),z,1,6,train,0.0,8.0,3.0,7
vegan (5),m,1,6,train,0.0,7.0,6.0,7
vegan (2),m,1,6,train,0.0,5.0,6.0,7
vegan (6),z,1,6,train,0.0,5.0,7.0,7
vegan (3),z,1,6,train,0.0,8.0,7.0,7
vegan (1),m,1,6,train,0.0,6.0,5.0,7
vegan (4),z,1,6,train,0.0,6.0,4.0,7
vegan (5),m,1,6,train,0.0,6.0,7.0,7
vegan (3),z,1,6,train,0.0,4.0,8.0,7
vegan (5),m,1,6,train,0.0,2.0,8.0,7
vegan (2),m,1,6,train,0.0,8.0,7.0,7
vegan (6),z,1,6,train,0.0,8.0,8.0,7
vegan (1),m,1,6,train,0.0,7.0,6.0,7
vegan (4),z,1,6,train,0.0,7.0,5.0,7
vegan (5),m,1,6,train,0.0,5.0,9.0,7
vegan (2),m,1,6,train,0.0,5.0,8.0,7
vegan (1),m,1,6,train,0.0,4.0,7.0,7
vegan (4),z,1,6,train,0.0,4.0,6.0,7
vegan (3),z,1,6,train,0.0,10.0,9.0,7
vegan (6),z,1,6,train,0.0,8.0,9.0,7
vegan (5),m,1,6,train,0.0,6.0,10.0,7
vegan (1),m,1,6,train,0.0,5.0,8.0,7
vegan (2),m,1,6,train,0.0,7.0,9.0,7
vegan (4),z,1,6,train,0.0,6.0,7.0,7
vegan (3),z,1,6,train,0.0,6.0,10.0,7
vegan (6),z,1,6,train,0.0,6.0,10.0,7
animal (1),m,0,3,train,0.0,0.0,0.0,7
animal (2),m,0,3,train,0.0,0.0,0.0,7
animal (3),m,1,3,train,0.0,0.0,0.0,7
animal (1),z,1,3,train,0.0,0.0,0.0,7
animal (3),m,1,3,train,0.0,2.0,1.0,7
animal (2),z,1,3,train,0.0,0.0,0.0,7
animal (2),z,1,3,train,0.0,1.0,1.0,7
animal (3),m,1,3,train,0.0,3.0,2.0,7
animal (1),z,1,3,train,0.0,5.0,1.0,7
animal (1),z,1,3,train,0.0,1.0,2.0,7
animal (2),z,1,3,train,0.0,4.0,2.0,7
animal (3),m,1,3,train,0.0,4.0,3.0,7
animal (1),z,1,3,train,0.0,3.0,3.0,7
animal (3),m,1,3,train,0.0,2.0,4.0,7
animal (2),z,1,3,train,0.0,4.0,3.0,7
animal (2),z,1,3,train,0.0,1.0,4.0,7
animal (3),m,1,3,train,0.0,3.0,5.0,7
animal (1),z,1,3,train,0.0,5.0,4.0,7
animal (3),m,1,3,train,0.0,2.0,6.0,7
animal (2),z,1,3,train,0.0,4.0,5.0,7
animal (1),z,1,3,train,0.0,3.0,5.0,7
animal (1),z,1,3,train,0.0,1.0,6.0,7
animal (3),m,1,3,train,0.0,4.0,7.0,7
animal (2),z,1,3,train,0.0,4.0,6.0,7
animal (2),z,1,3,train,0.0,1.0,7.0,7
animal (3),m,1,3,train,0.0,3.0,8.0,7
animal (1),z,1,3,train,0.0,5.0,7.0,7
animal (3),m,1,3,train,0.0,2.0,9.0,7
animal (1),z,1,3,train,0.0,2.0,8.0,7
animal (2),z,1,3,train,0.0,5.0,8.0,7
animal (2),z,1,3,train,0.0,1.0,9.0,7
animal (3),m,1,3,train,0.0,4.0,10.0,7
animal (2),z,1,3,train,0.0,2.0,10.0,7
animal (1),z,1,3,train,0.0,5.0,9.0,7
animal (3),m,1,3,train,0.0,3.0,11.0,7
animal (1),z,1,3,train,0.0,2.0,10.0,7
fruits (6),z,1,6,train,0.0,0.0,0.0,7
fruits (1),m,1,6,train,0.0,0.0,0.0,7
fruits (5),z,0,6,train,0.0,0.0,0.0,7
fruits (4),z,1,6,train,0.0,0.0,0.0,7
fruits (2),z,0,6,train,0.0,0.0,0.0,7
fruits (3),z,1,6,train,0.0,0.0,0.0,7
fruits (3),z,1,6,train,0.0,1.0,1.0,7
fruits (6),z,1,6,train,0.0,7.0,1.0,7
fruits (4),z,1,6,train,0.0,5.0,1.0,7
fruits (5),m,1,6,train,0.0,0.0,0.0,7
fruits (1),m,1,6,train,0.0,9.0,1.0,7
fruits (2),m,1,6,train,0.0,0.0,0.0,7
fruits (1),m,1,6,train,0.0,2.0,2.0,7
fruits (3),z,1,6,train,0.0,7.0,2.0,7
fruits (2),m,1,6,train,0.0,3.0,1.0,7
fruits (6),z,1,6,train,0.0,8.0,2.0,7
fruits (5),m,1,6,train,0.0,7.0,1.0,7
fruits (4),z,1,6,train,0.0,9.0,2.0,7
fruits (5),m,1,6,train,0.0,2.0,2.0,7
fruits (2),z,0,6,train,1.0,5.0,2.0,7
fruits (6),z,1,6,train,0.0,5.0,3.0,7
fruits (1),m,1,6,train,0.0,9.0,3.0,7
fruits (4),z,1,6,train,0.0,5.0,3.0,7
fruits (3),z,1,6,train,0.0,10.0,3.0,7
fruits (6),z,1,6,train,0.0,4.0,4.0,7
fruits (5),m,1,6,train,0.0,7.0,3.0,7
fruits (2),m,1,6,train,0.0,12.0,2.0,7
fruits (3),z,1,6,train,0.0,4.0,4.0,7
fruits (4),z,1,6,train,0.0,6.0,4.0,7
fruits (1),m,1,6,train,0.0,8.0,4.0,7
fruits (6),z,1,6,train,0.0,6.0,5.0,7
fruits (3),z,1,6,train,0.0,4.0,5.0,7
fruits (4),z,1,6,train,0.0,4.0,5.0,7
fruits (1),m,1,6,train,0.0,4.0,5.0,7
fruits (2),m,1,6,train,0.0,8.0,3.0,7
fruits (5),m,1,6,train,0.0,10.0,4.0,7
fruits (2),m,1,6,train,0.0,2.0,4.0,7
fruits (3),z,1,6,train,0.0,6.0,6.0,7
fruits (5),m,1,6,train,0.0,3.0,5.0,7
fruits (4),z,1,6,train,0.0,7.0,6.0,7
fruits (1),m,1,6,train,0.0,7.0,6.0,7
fruits (6),z,1,6,train,0.0,11.0,6.0,7
fruits (2),m,1,6,train,0.0,6.0,5.0,7
fruits (1),m,1,6,train,0.0,3.0,7.0,7
fruits (4),z,1,6,train,0.0,5.0,7.0,7
fruits (3),z,1,6,train,0.0,8.0,7.0,7
fruits (5),m,1,6,train,0.0,8.0,6.0,7
fruits (6),z,1,6,train,0.0,6.0,7.0,7
fruits (3),z,1,6,train,0.0,3.0,8.0,7
fruits (2),m,1,6,train,0.0,7.0,6.0,7
fruits (6),z,1,6,train,0.0,3.0,8.0,7
fruits (1),m,1,6,train,0.0,8.0,8.0,7
fruits (4),z,1,6,train,0.0,8.0,8.0,7
fruits (5),m,1,6,train,0.0,7.0,7.0,7
fruits (2),m,1,6,train,0.0,5.0,7.0,7
fruits (6),z,1,6,train,0.0,5.0,9.0,7
fruits (3),z,1,6,train,0.0,8.0,9.0,7
fruits (1),m,1,6,train,0.0,6.0,9.0,7
fruits (4),z,1,6,train,0.0,6.0,9.0,7
fruits (5),m,1,6,train,0.0,6.0,8.0,7
fruits (3),z,1,6,train,0.0,4.0,10.0,7
fruits (5),m,1,6,train,0.0,2.0,9.0,7
fruits (2),m,1,6,train,0.0,8.0,8.0,7
fruits (6),z,1,6,train,0.0,8.0,10.0,7
fruits (1),m,1,6,train,0.0,7.0,10.0,7
fruits (4),z,1,6,train,0.0,7.0,10.0,7
fruits (5),m,1,6,train,0.0,5.0,10.0,7
fruits (2),m,1,6,train,0.0,5.0,9.0,7
fruits (1),m,1,6,train,0.0,4.0,11.0,7
fruits (4),z,1,6,train,0.0,4.0,11.0,7
fruits (3),z,1,6,train,0.0,10.0,11.0,7
fruits (6),z,1,6,train,0.0,8.0,11.0,7
fruits (5),m,1,6,train,0.0,6.0,11.0,7
fruits (1),m,1,6,train,0.0,5.0,12.0,7
fruits (2),m,1,6,train,0.0,7.0,10.0,7
fruits (4),z,1,6,train,0.0,6.0,12.0,7
fruits (3),z,1,6,train,0.0,6.0,12.0,7
fruits (6),z,1,6,train,0.0,6.0,12.0,7
tools (1),z,1,3,train,0.0,0.0,0.0,7
tools (2),z,1,3,train,0.0,0.0,0.0,7
tools (3),m,1,3,train,0.0,0.0,0.0,7
tools (1),z,1,3,train,0.0,3.0,1.0,7
tools (3),m,1,3,train,0.0,2.0,1.0,7
tools (2),z,1,3,train,0.0,4.0,1.0,7
tools (2),z,1,3,train,0.0,1.0,2.0,7
tools (3),m,1,3,train,0.0,3.0,2.0,7
tools (1),z,1,3,train,0.0,5.0,2.0,7
tools (1),z,1,3,train,0.0,1.0,3.0,7
tools (2),z,1,3,train,0.0,4.0,3.0,7
tools (3),m,1,3,train,0.0,4.0,3.0,7
tools (1),z,1,3,train,0.0,3.0,4.0,7
tools (3),m,1,3,train,0.0,2.0,4.0,7
tools (2),z,1,3,train,0.0,4.0,4.0,7
tools (2),z,1,3,train,0.0,1.0,5.0,7
tools (3),m,1,3,train,0.0,3.0,5.0,7
tools (1),z,1,3,train,0.0,5.0,5.0,7
tools (3),m,1,3,train,0.0,2.0,6.0,7
tools (2),z,1,3,train,0.0,4.0,6.0,7
tools (1),z,1,3,train,0.0,3.0,6.0,7
tools (1),z,1,3,train,0.0,1.0,7.0,7
tools (3),m,1,3,train,0.0,4.0,7.0,7
tools (2),z,1,3,train,0.0,4.0,7.0,7
tools (2),z,1,3,train,0.0,1.0,8.0,7
tools (3),m,1,3,train,0.0,3.0,8.0,7
tools (1),z,1,3,train,0.0,5.0,8.0,7
tools (3),m,1,3,train,0.0,2.0,9.0,7
tools (1),z,1,3,train,0.0,2.0,9.0,7
tools (2),z,1,3,train,0.0,5.0,9.0,7
tools (2),z,1,3,train,0.0,1.0,10.0,7
tools (3),m,1,3,train,0.0,4.0,10.0,7
tools (2),z,1,3,train,0.0,2.0,11.0,7
tools (1),z,1,3,train,0.0,5.0,10.0,7
tools (3),m,1,3,train,0.0,3.0,11.0,7
tools (1),z,1,3,train,0.0,2.0,11.0,7
clothes (6),m,0,6,train,0.0,0.0,0.0,7
clothes (1),z,0,6,train,0.0,0.0,0.0,7
clothes (5),z,0,6,train,0.0,0.0,0.0,7
clothes (4),z,1,6,train,0.0,0.0,0.0,7
clothes (2),m,1,6,train,0.0,0.0,0.0,7
clothes (3),m,0,6,train,0.0,0.0,0.0,7
clothes (3),z,1,6,train,0.0,0.0,0.0,7
clothes (6),m,0,6,train,1.0,0.0,0.0,7
clothes (4),m,0,6,train,0.0,5.0,1.0,7
clothes (5),z,0,6,train,1.0,0.0,0.0,7
clothes (1),z,0,6,train,1.0,0.0,0.0,7
clothes (2),z,0,6,train,0.0,7.0,1.0,7
clothes (1),m,1,6,train,0.0,0.0,0.0,7
clothes (3),z,1,6,train,0.0,7.0,1.0,7
clothes (2),m,1,6,train,0.0,10.0,1.0,7
clothes (6),z,1,6,train,0.0,0.0,0.0,7
clothes (5),m,1,6,train,0.0,0.0,0.0,7
clothes (4),z,1,6,train,0.0,14.0,1.0,7
clothes (5),m,1,6,train,0.0,2.0,1.0,7
clothes (2),m,1,6,train,0.0,5.0,2.0,7
clothes (6),z,1,6,train,0.0,5.0,1.0,7
clothes (1),m,1,6,train,0.0,9.0,1.0,7
clothes (4),z,1,6,train,0.0,5.0,2.0,7
clothes (3),z,1,6,train,0.0,10.0,2.0,7
clothes (6),z,1,6,train,0.0,4.0,2.0,7
clothes (5),m,1,6,train,0.0,7.0,2.0,7
clothes (2),m,1,6,train,0.0,7.0,3.0,7
clothes (3),z,1,6,train,0.0,4.0,3.0,7
clothes (4),z,1,6,train,0.0,6.0,3.0,7
clothes (1),m,1,6,train,0.0,8.0,2.0,7
clothes (6),z,1,6,train,0.0,6.0,3.0,7
clothes (3),z,1,6,train,0.0,4.0,4.0,7
clothes (4),z,1,6,train,0.0,4.0,4.0,7
clothes (1),m,1,6,train,0.0,4.0,3.0,7
clothes (2),m,1,6,train,0.0,8.0,4.0,7
clothes (5),m,1,6,train,0.0,10.0,3.0,7
clothes (2),m,1,6,train,0.0,2.0,5.0,7
clothes (3),z,1,6,train,0.0,6.0,5.0,7
clothes (5),m,1,6,train,0.0,3.0,4.0,7
clothes (4),z,1,6,train,0.0,7.0,5.0,7
clothes (1),m,1,6,train,0.0,7.0,4.0,7
clothes (6),z,1,6,train,0.0,11.0,4.0,7
clothes (2),m,1,6,train,0.0,6.0,6.0,7
clothes (1),m,1,6,train,0.0,3.0,5.0,7
clothes (4),z,1,6,train,0.0,5.0,6.0,7
clothes (3),z,1,6,train,0.0,8.0,6.0,7
clothes (5),m,1,6,train,0.0,8.0,5.0,7
clothes (6),z,1,6,train,0.0,6.0,5.0,7
clothes (3),z,1,6,train,0.0,3.0,7.0,7
clothes (2),m,1,6,train,0.0,7.0,7.0,7
clothes (6),z,1,6,train,0.0,3.0,6.0,7
clothes (1),m,1,6,train,0.0,8.0,6.0,7
clothes (4),z,1,6,train,0.0,8.0,7.0,7
clothes (5),m,1,6,train,0.0,7.0,6.0,7
clothes (2),m,1,6,train,0.0,5.0,8.0,7
clothes (6),z,1,6,train,0.0,5.0,7.0,7
clothes (3),z,1,6,train,0.0,8.0,8.0,7
clothes (1),m,1,6,train,0.0,6.0,7.0,7
clothes (4),z,1,6,train,0.0,6.0,8.0,7
clothes (5),m,1,6,train,0.0,6.0,7.0,7
clothes (3),z,1,6,train,0.0,4.0,9.0,7
clothes (5),m,1,6,train,0.0,2.0,8.0,7
clothes (2),m,1,6,train,0.0,8.0,9.0,7
clothes (6),z,1,6,train,0.0,8.0,8.0,7
clothes (1),m,1,6,train,0.0,7.0,8.0,7
clothes (4),z,1,6,train,0.0,7.0,9.0,7
clothes (5),m,1,6,train,0.0,5.0,9.0,7
clothes (2),m,1,6,train,0.0,5.0,10.0,7
clothes (1),m,1,6,train,0.0,4.0,9.0,7
clothes (4),z,1,6,train,0.0,4.0,10.0,7
clothes (3),z,1,6,train,0.0,10.0,10.0,7
clothes (6),z,1,6,train,0.0,8.0,9.0,7
clothes (5),m,1,6,train,0.0,6.0,10.0,7
clothes (1),m,1,6,train,0.0,5.0,10.0,7
clothes (2),m,1,6,train,0.0,7.0,11.0,7
clothes (4),z,1,6,train,0.0,6.0,11.0,7
clothes (3),z,1,6,train,0.0,6.0,11.0,7
clothes (6),z,1,6,train,0.0,6.0,10.0,7
face (1),m,0,3,train,0.0,0.0,0.0,7
face (2),m,0,3,train,0.0,0.0,0.0,7
face (3),m,1,3,train,0.0,0.0,0.0,7
face (1),z,1,3,train,0.0,0.0,0.0,7
face (3),m,1,3,train,0.0,2.0,1.0,7
face (2),z,1,3,train,0.0,0.0,0.0,7
face (2),z,1,3,train,0.0,1.0,1.0,7
face (3),m,1,3,train,0.0,3.0,2.0,7
face (1),z,1,3,train,0.0,5.0,1.0,7
face (1),z,1,3,train,0.0,1.0,2.0,7
face (2),z,1,3,train,0.0,4.0,2.0,7
face (3),m,1,3,train,0.0,4.0,3.0,7
face (1),z,1,3,train,0.0,3.0,3.0,7
face (3),m,1,3,train,0.0,2.0,4.0,7
face (2),z,1,3,train,0.0,4.0,3.0,7
face (2),z,1,3,train,0.0,1.0,4.0,7
face (3),m,1,3,train,0.0,3.0,5.0,7
face (1),z,1,3,train,0.0,5.0,4.0,7
face (3),m,1,3,train,0.0,2.0,6.0,7
face (2),z,1,3,train,0.0,4.0,5.0,7
face (1),z,1,3,train,0.0,3.0,5.0,7
face (1),z,1,3,train,0.0,1.0,6.0,7
face (3),m,1,3,train,0.0,4.0,7.0,7
face (2),z,1,3,train,0.0,4.0,6.0,7
face (2),z,1,3,train,0.0,1.0,7.0,7
face (3),m,1,3,train,0.0,3.0,8.0,7
face (1),z,1,3,train,0.0,5.0,7.0,7
face (3),m,1,3,train,0.0,2.0,9.0,7
face (1),z,1,3,train,0.0,2.0,8.0,7
face (2),z,1,3,train,0.0,5.0,8.0,7
face (2),z,1,3,train,0.0,1.0,9.0,7
face (3),m,1,3,train,0.0,4.0,10.0,7
face (2),z,1,3,train,0.0,2.0,10.0,7
face (1),z,1,3,train,0.0,5.0,9.0,7
face (3),m,1,3,train,0.0,3.0,11.0,7
face (1),z,1,3,train,0.0,2.0,10.0,7
color (6),z,1,6,train,0.0,0.0,0.0,7
color (1),z,0,6,train,0.0,0.0,0.0,7
color (5),z,0,6,train,0.0,0.0,0.0,7
color (4),z,1,6,train,0.0,0.0,0.0,7
color (2),z,0,6,train,0.0,0.0,0.0,7
color (3),z,1,6,train,0.0,0.0,0.0,7
color (3),z,1,6,train,0.0,1.0,1.0,7
color (6),z,1,6,train,0.0,7.0,1.0,7
color (4),z,1,6,train,0.0,5.0,1.0,7
color (5),m,1,6,train,0.0,0.0,0.0,7
color (1),m,1,6,train,0.0,0.0,0.0,7
color (2),m,1,6,train,0.0,0.0,0.0,7
color (1),m,1,6,train,0.0,2.0,1.0,7
color (3),z,1,6,train,0.0,7.0,2.0,7
color (2),m,1,6,train,0.0,3.0,1.0,7
color (6),z,1,6,train,0.0,8.0,2.0,7
color (5),m,1,6,train,0.0,7.0,1.0,7
color (4),z,1,6,train,0.0,9.0,2.0,7
color (5),m,1,6,train,0.0,2.0,2.0,7
color (2),m,1,6,train,0.0,5.0,2.0,7
color (6),z,1,6,train,0.0,5.0,3.0,7
color (1),m,1,6,train,0.0,9.0,2.0,7
color (4),z,1,6,train,0.0,5.0,3.0,7
color (3),z,1,6,train,0.0,10.0,3.0,7
color (6),z,1,6,train,0.0,4.0,4.0,7
color (5),m,1,6,train,0.0,7.0,3.0,7
color (2),m,1,6,train,0.0,7.0,3.0,7
color (3),z,1,6,train,0.0,4.0,4.0,7
color (4),z,1,6,train,0.0,6.0,4.0,7
color (1),m,1,6,train,0.0,8.0,3.0,7
color (6),z,1,6,train,0.0,6.0,5.0,7
color (3),z,1,6,train,0.0,4.0,5.0,7
color (4),z,1,6,train,0.0,4.0,5.0,7
color (1),m,1,6,train,0.0,4.0,4.0,7
color (2),m,1,6,train,0.0,8.0,4.0,7
color (5),z,0,6,train,1.0,10.0,4.0,7
color (2),m,1,6,train,0.0,2.0,5.0,7
color (3),z,1,6,train,0.0,6.0,6.0,7
color (5),m,1,6,train,0.0,13.0,4.0,7
color (4),z,1,6,train,0.0,7.0,6.0,7
color (1),m,1,6,train,0.0,7.0,5.0,7
color (6),z,1,6,train,0.0,11.0,6.0,7
color (2),m,1,6,train,0.0,6.0,6.0,7
color (1),m,1,6,train,0.0,3.0,6.0,7
color (4),z,1,6,train,0.0,5.0,7.0,7
color (3),z,1,6,train,0.0,8.0,7.0,7
color (5),m,1,6,train,0.0,8.0,5.0,7
color (6),m,0,6,train,0.0,6.0,7.0,7
color (3),z,1,6,train,0.0,3.0,8.0,7
color (2),m,1,6,train,0.0,7.0,7.0,7
color (6),z,1,6,train,0.0,9.0,7.0,7
color (1),m,1,6,train,0.0,8.0,7.0,7
color (4),z,1,6,train,0.0,8.0,8.0,7
color (5),m,1,6,train,0.0,7.0,6.0,7
color (2),m,1,6,train,0.0,5.0,8.0,7
color (6),z,1,6,train,0.0,5.0,8.0,7
color (3),z,1,6,train,0.0,8.0,9.0,7
color (1),m,1,6,train,0.0,6.0,8.0,7
color (4),z,1,6,train,0.0,6.0,9.0,7
color (5),m,1,6,train,0.0,6.0,7.0,7
color (3),z,1,6,train,0.0,4.0,10.0,7
color (5),m,1,6,train,0.0,2.0,8.0,7
color (2),m,1,6,train,0.0,8.0,9.0,7
color (6),z,1,6,train,0.0,8.0,9.0,7
color (1),m,1,6,train,0.0,7.0,9.0,7
color (4),z,1,6,train,0.0,7.0,10.0,7
color (5),m,1,6,train,0.0,5.0,9.0,7
color (2),m,1,6,train,0.0,5.0,10.0,7
color (1),m,1,6,train,0.0,4.0,10.0,7
color (4),z,1,6,train,0.0,4.0,11.0,7
color (3),z,1,6,train,0.0,10.0,11.0,7
color (6),z,1,6,train,0.0,8.0,10.0,7
color (5),m,1,6,train,0.0,6.0,10.0,7
color (1),m,1,6,train,0.0,5.0,11.0,7
color (2),m,1,6,train,0.0,7.0,11.0,7
color (4),z,1,6,train,0.0,6.0,12.0,7
color (3),z,1,6,train,0.0,6.0,12.0,7
color (6),z,1,6,train,0.0,6.0,11.0,7
symbol (1),z,0,3,train,0.0,0.0,0.0,7
symbol (2),z,0,3,train,0.0,0.0,0.0,7
symbol (3),z,1,3,train,0.0,0.0,0.0,7
symbol (1),m,1,3,train,0.0,0.0,0.0,7
symbol (3),z,1,3,train,0.0,2.0,1.0,7
symbol (2),m,1,3,train,0.0,0.0,0.0,7
symbol (2),m,1,3,train,0.0,1.0,1.0,7
symbol (3),z,1,3,train,0.0,3.0,2.0,7
symbol (1),m,1,3,train,0.0,5.0,1.0,7
symbol (1),m,1,3,train,0.0,1.0,2.0,7
symbol (2),m,1,3,train,0.0,4.0,2.0,7
symbol (3),z,1,3,train,0.0,4.0,3.0,7
symbol (1),m,1,3,train,0.0,3.0,3.0,7
symbol (3),z,1,3,train,0.0,2.0,4.0,7
symbol (2),m,1,3,train,0.0,4.0,3.0,7
symbol (2),m,1,3,train,0.0,1.0,4.0,7
symbol (3),z,1,3,train,0.0,3.0,5.0,7
symbol (1),m,1,3,train,0.0,5.0,4.0,7
symbol (3),z,1,3,train,0.0,2.0,6.0,7
symbol (2),m,1,3,train,0.0,4.0,5.0,7
symbol (1),m,1,3,train,0.0,3.0,5.0,7
symbol (1),m,1,3,train,0.0,1.0,6.0,7
symbol (3),z,1,3,train,0.0,4.0,7.0,7
symbol (2),m,1,3,train,0.0,4.0,6.0,7
symbol (2),m,1,3,train,0.0,1.0,7.0,7
symbol (3),z,1,3,train,0.0,3.0,8.0,7
symbol (1),m,1,3,train,0.0,5.0,7.0,7
symbol (3),z,1,3,train,0.0,2.0,9.0,7
symbol (1),m,1,3,train,0.0,2.0,8.0,7
symbol (2),m,1,3,train,0.0,5.0,8.0,7
symbol (2),m,1,3,train,0.0,1.0,9.0,7
symbol (3),z,1,3,train,0.0,4.0,10.0,7
symbol (2),m,1,3,train,0.0,2.0,10.0,7
symbol (1),m,1,3,train,0.0,5.0,9.0,7
symbol (3),z,1,3,train,0.0,3.0,11.0,7
symbol (1),m,1,3,train,0.0,2.0,10.0,7
environment (6),m,0,6,train,0.0,0.0,0.0,7
environment (1),m,1,6,train,0.0,0.0,0.0,7
environment (5),m,1,6,train,0.0,0.0,0.0,7
environment (4),m,0,6,train,0.0,0.0,0.0,7
environment (2),m,1,6,train,0.0,0.0,0.0,7
environment (3),m,0,6,train,0.0,0.0,0.0,7
environment (3),z,1,6,train,0.0,0.0,0.0,7
environment (6),z,1,6,train,0.0,0.0,0.0,7
environment (4),z,1,6,train,0.0,0.0,0.0,7
environment (5),m,1,6,train,0.0,7.0,1.0,7
environment (1),m,1,6,train,0.0,9.0,1.0,7
environment (2),m,1,6,train,0.0,7.0,1.0,7
environment (1),m,1,6,train,0.0,2.0,2.0,7
environment (3),z,1,6,train,0.0,7.0,1.0,7
environment (2),m,1,6,train,0.0,3.0,2.0,7
environment (6),z,1,6,train,0.0,8.0,1.0,7
environment (5),m,1,6,train,0.0,7.0,2.0,7
environment (4),z,1,6,train,0.0,9.0,1.0,7
environment (5),m,1,6,train,0.0,2.0,3.0,7
environment (2),m,1,6,train,0.0,5.0,3.0,7
environment (6),z,1,6,train,0.0,5.0,2.0,7
environment (1),m,1,6,train,0.0,9.0,3.0,7
environment (4),z,1,6,train,0.0,5.0,2.0,7
environment (3),z,1,6,train,0.0,10.0,2.0,7
environment (6),m,0,6,train,1.0,4.0,3.0,7
environment (5),m,1,6,train,0.0,7.0,4.0,7
environment (2),m,1,6,train,0.0,7.0,4.0,7
environment (3),z,1,6,train,0.0,4.0,3.0,7
environment (4),z,1,6,train,0.0,6.0,3.0,7
environment (1),m,1,6,train,0.0,8.0,4.0,7
environment (6),z,1,6,train,0.0,10.0,3.0,7
environment (3),z,1,6,train,0.0,4.0,4.0,7
environment (4),z,1,6,train,0.0,4.0,4.0,7
environment (1),m,1,6,train,0.0,4.0,5.0,7
environment (2),m,1,6,train,0.0,8.0,5.0,7
environment (5),m,1,6,train,0.0,10.0,5.0,7
environment (2),m,1,6,train,0.0,2.0,6.0,7
environment (3),z,1,6,train,0.0,6.0,5.0,7
environment (5),m,1,6,train,0.0,3.0,6.0,7
environment (4),z,1,6,train,0.0,7.0,5.0,7
environment (1),m,1,6,train,0.0,7.0,6.0,7
environment (6),z,1,6,train,0.0,11.0,4.0,7
environment (2),m,1,6,train,0.0,6.0,7.0,7
environment (1),m,1,6,train,0.0,3.0,7.0,7
environment (4),z,1,6,train,0.0,5.0,6.0,7
environment (3),z,1,6,train,0.0,8.0,6.0,7
environment (5),m,1,6,train,0.0,8.0,7.0,7
environment (6),z,1,6,train,0.0,6.0,5.0,7
environment (3),z,1,6,train,0.0,3.0,7.0,7
environment (2),m,1,6,train,0.0,7.0,8.0,7
environment (6),z,1,6,train,0.0,3.0,6.0,7
environment (1),m,1,6,train,0.0,8.0,8.0,7
environment (4),z,1,6,train,0.0,8.0,7.0,7
environment (5),m,1,6,train,0.0,7.0,8.0,7
environment (2),m,1,6,train,0.0,5.0,9.0,7
environment (6),z,1,6,train,0.0,5.0,7.0,7
environment (3),z,1,6,train,0.0,8.0,8.0,7
environment (1),m,1,6,train,0.0,6.0,9.0,7
environment (4),z,1,6,train,0.0,6.0,8.0,7
environment (5),m,1,6,train,0.0,6.0,9.0,7
environment (3),z,1,6,train,0.0,4.0,9.0,7
environment (5),m,1,6,train,0.0,2.0,10.0,7
environment (2),m,1,6,train,0.0,8.0,10.0,7
environment (6),z,1,6,train,0.0,8.0,8.0,7
environment (1),m,1,6,train,0.0,7.0,10.0,7
environment (4),z,1,6,train,0.0,7.0,9.0,7
environment (5),m,1,6,train,0.0,5.0,11.0,7
environment (2),m,1,6,train,0.0,5.0,11.0,7
environment (1),m,1,6,train,0.0,4.0,11.0,7
environment (4),z,1,6,train,0.0,4.0,10.0,7
environment (3),z,1,6,train,0.0,10.0,10.0,7
environment (6),z,1,6,train,0.0,8.0,9.0,7
environment (5),m,1,6,train,0.0,6.0,12.0,7
environment (1),m,1,6,train,0.0,5.0,12.0,7
environment (2),m,1,6,train,0.0,7.0,12.0,7
environment (4),z,1,6,train,0.0,6.0,11.0,7
environment (3),z,1,6,train,0.0,6.0,11.0,7
environment (6),z,1,6,train,0.0,6.0,10.0,7
vehicle (1),m,1,3,train,0.0,0.0,0.0,7
vehicle (2),m,1,3,train,0.0,0.0,0.0,7
vehicle (3),z,1,3,train,0.0,0.0,0.0,7
vehicle (1),m,1,3,train,0.0,3.0,1.0,7
vehicle (3),z,1,3,train,0.0,2.0,1.0,7
vehicle (2),m,1,3,train,0.0,4.0,1.0,7
vehicle (2),m,1,3,train,0.0,1.0,2.0,7
vehicle (3),z,1,3,train,0.0,3.0,2.0,7
vehicle (1),m,1,3,train,0.0,5.0,2.0,7
vehicle (1),m,1,3,train,0.0,1.0,3.0,7
vehicle (2),m,1,3,train,0.0,4.0,3.0,7
vehicle (3),z,1,3,train,0.0,4.0,3.0,7
vehicle (1),m,1,3,train,0.0,3.0,4.0,7
vehicle (3),z,1,3,train,0.0,2.0,4.0,7
vehicle (2),m,1,3,train,0.0,4.0,4.0,7
vehicle (2),m,1,3,train,0.0,1.0,5.0,7
vehicle (3),z,1,3,train,0.0,3.0,5.0,7
vehicle (1),m,1,3,train,0.0,5.0,5.0,7
vehicle (3),z,1,3,train,0.0,2.0,6.0,7
vehicle (2),m,1,3,train,0.0,4.0,6.0,7
vehicle (1),m,1,3,train,0.0,3.0,6.0,7
vehicle (1),m,1,3,train,0.0,1.0,7.0,7
vehicle (3),z,1,3,train,0.0,4.0,7.0,7
vehicle (2),m,1,3,train,0.0,4.0,7.0,7
vehicle (2),m,1,3,train,0.0,1.0,8.0,7
vehicle (3),z,1,3,train,0.0,3.0,8.0,7
vehicle (1),m,1,3,train,0.0,5.0,8.0,7
vehicle (3),z,1,3,train,0.0,2.0,9.0,7
vehicle (1),m,1,3,train,0.0,2.0,9.0,7
vehicle (2),m,1,3,train,0.0,5.0,9.0,7
vehicle (2),m,1,3,train,0.0,1.0,10.0,7
vehicle (3),z,1,3,train,0.0,4.0,10.0,7
vehicle (2),m,1,3,train,0.0,2.0,11.0,7
vehicle (1),m,1,3,train,0.0,5.0,10.0,7
vehicle (3),z,1,3,train,0.0,3.0,11.0,7
vehicle (1),m,1,3,train,0.0,2.0,11.0,7
instrument (1),m,1,3,train,0.0,0.0,0.0,7
instrument (2),m,1,3,train,0.0,0.0,0.0,7
instrument (3),z,1,3,train,0.0,0.0,0.0,7
instrument (1),m,1,3,train,0.0,3.0,1.0,7
instrument (3),z,1,3,train,0.0,2.0,1.0,7
instrument (2),m,1,3,train,0.0,4.0,1.0,7
instrument (2),m,1,3,train,0.0,1.0,2.0,7
instrument (3),z,1,3,train,0.0,3.0,2.0,7
instrument (1),m,1,3,train,0.0,5.0,2.0,7
instrument (1),m,1,3,train,0.0,1.0,3.0,7
instrument (2),m,1,3,train,0.0,4.0,3.0,7
instrument (3),z,1,3,train,0.0,4.0,3.0,7
instrument (1),m,1,3,train,0.0,3.0,4.0,7
instrument (3),z,1,3,train,0.0,2.0,4.0,7
instrument (2),m,1,3,train,0.0,4.0,4.0,7
instrument (2),m,1,3,train,0.0,1.0,5.0,7
instrument (3),z,1,3,train,0.0,3.0,5.0,7
instrument (1),m,1,3,train,0.0,5.0,5.0,7
instrument (3),z,1,3,train,0.0,2.0,6.0,7
instrument (2),m,1,3,train,0.0,4.0,6.0,7
instrument (1),m,1,3,train,0.0,3.0,6.0,7
instrument (1),m,1,3,train,0.0,1.0,7.0,7
instrument (3),z,1,3,train,0.0,4.0,7.0,7
instrument (2),m,1,3,train,0.0,4.0,7.0,7
instrument (2),m,1,3,train,0.0,1.0,8.0,7
instrument (3),z,1,3,train,0.0,3.0,8.0,7
instrument (1),m,1,3,train,0.0,5.0,8.0,7
instrument (3),z,1,3,train,0.0,2.0,9.0,7
instrument (1),m,1,3,train,0.0,2.0,9.0,7
instrument (2),m,1,3,train,0.0,5.0,9.0,7
instrument (2),m,1,3,train,0.0,1.0,10.0,7
instrument (3),z,1,3,train,0.0,4.0,10.0,7
instrument (2),m,1,3,train,0.0,2.0,11.0,7
instrument (1),m,1,3,train,0.0,5.0,10.0,7
instrument (3),z,1,3,train,0.0,3.0,11.0,7
instrument (1),m,1,3,train,0.0,2.0,11.0,7
jungle2,m,0,3,train,0.0,0.0,0.0,8
jungle1,m,0,3,train,0.0,0.0,0.0,8
jungle3,z,0,3,train,0.0,0.0,0.0,8
jungle1,m,0,3,train,1.0,0.0,0.0,8
jungle3,m,1,3,train,0.0,0.0,0.0,8
jungle2,z,1,3,train,0.0,0.0,0.0,8
jungle3,z,0,3,train,1.0,2.0,1.0,8
jungle2,m,0,3,train,1.0,2.0,1.0,8
jungle1,m,0,3,train,1.0,0.0,0.0,8
jungle1,m,0,3,train,1.0,0.0,0.0,8
jungle2,z,1,3,train,0.0,5.0,1.0,8
jungle3,z,0,3,train,1.0,7.0,1.0,8
jungle3,m,1,3,train,0.0,8.0,1.0,8
jungle1,z,1,3,train,0.0,0.0,0.0,8
jungle2,z,1,3,train,0.0,4.0,2.0,8
jungle3,z,0,3,train,1.0,3.0,2.0,8
jungle1,z,1,3,train,0.0,3.0,1.0,8
jungle2,m,0,3,train,1.0,3.0,3.0,8
jungle1,m,0,3,train,1.0,2.0,2.0,8
jungle3,m,1,3,train,0.0,7.0,2.0,8
jungle2,z,1,3,train,0.0,6.0,3.0,8
jungle3,m,1,3,train,0.0,2.0,3.0,8
jungle2,z,1,3,train,0.0,2.0,4.0,8
jungle1,z,1,3,train,0.0,7.0,2.0,8
jungle2,z,1,3,train,0.0,2.0,5.0,8
jungle3,m,1,3,train,0.0,4.0,4.0,8
jungle1,z,1,3,train,0.0,3.0,3.0,8
jungle1,z,1,3,train,0.0,1.0,4.0,8
jungle2,m,0,3,train,1.0,4.0,6.0,8
jungle3,m,1,3,train,0.0,4.0,5.0,8
jungle2,z,1,3,train,0.0,6.0,6.0,8
jungle3,m,1,3,train,0.0,2.0,6.0,8
jungle1,z,1,3,train,0.0,5.0,5.0,8
jungle2,z,1,3,train,0.0,3.0,7.0,8
jungle1,z,1,3,train,0.0,2.0,6.0,8
jungle3,m,1,3,train,0.0,4.0,7.0,8
vegan (6),m,0,6,train,0.0,0.0,0.0,8
vegan (1),m,1,6,train,0.0,0.0,0.0,8
vegan (5),m,1,6,train,0.0,0.0,0.0,8
vegan (4),m,0,6,train,0.0,0.0,0.0,8
vegan (2),m,1,6,train,0.0,0.0,0.0,8
vegan (3),m,0,6,train,0.0,0.0,0.0,8
vegan (3),z,1,6,train,0.0,0.0,0.0,8
vegan (6),z,1,6,train,0.0,0.0,0.0,8
vegan (4),z,1,6,train,0.0,0.0,0.0,8
vegan (5),m,1,6,train,0.0,7.0,1.0,8
vegan (1),m,1,6,train,0.0,9.0,1.0,8
vegan (2),m,1,6,train,0.0,7.0,1.0,8
vegan (1),m,1,6,train,0.0,2.0,2.0,8
vegan (3),z,1,6,train,0.0,7.0,1.0,8
vegan (2),z,0,6,train,0.0,3.0,2.0,8
vegan (6),z,1,6,train,0.0,8.0,1.0,8
vegan (5),m,1,6,train,0.0,7.0,2.0,8
vegan (4),z,1,6,train,0.0,9.0,1.0,8
vegan (5),m,1,6,train,0.0,2.0,3.0,8
vegan (2),m,1,6,train,0.0,8.0,2.0,8
vegan (6),z,1,6,train,0.0,5.0,2.0,8
vegan (1),m,1,6,train,0.0,9.0,3.0,8
vegan (4),z,1,6,train,0.0,5.0,2.0,8
vegan (3),z,1,6,train,0.0,10.0,2.0,8
vegan (6),z,1,6,train,0.0,4.0,3.0,8
vegan (5),m,1,6,train,0.0,7.0,4.0,8
vegan (2),m,1,6,train,0.0,7.0,3.0,8
vegan (3),z,1,6,train,0.0,4.0,3.0,8
vegan (4),m,0,6,train,1.0,6.0,3.0,8
vegan (1),m,1,6,train,0.0,8.0,4.0,8
vegan (6),z,1,6,train,0.0,6.0,4.0,8
vegan (3),z,1,6,train,0.0,4.0,4.0,8
vegan (4),z,1,6,train,0.0,10.0,3.0,8
vegan (1),m,1,6,train,0.0,4.0,5.0,8
vegan (2),z,0,6,train,1.0,8.0,4.0,8
vegan (5),m,1,6,train,0.0,10.0,5.0,8
vegan (2),m,1,6,train,0.0,10.0,4.0,8
vegan (3),z,1,6,train,0.0,6.0,5.0,8
vegan (5),m,1,6,train,0.0,3.0,6.0,8
vegan (4),z,1,6,train,0.0,7.0,4.0,8
vegan (1),m,1,6,train,0.0,7.0,6.0,8
vegan (6),z,1,6,train,0.0,11.0,5.0,8
vegan (2),m,1,6,train,0.0,6.0,5.0,8
vegan (1),m,1,6,train,0.0,3.0,7.0,8
vegan (4),z,1,6,train,0.0,5.0,5.0,8
vegan (3),z,1,6,train,0.0,8.0,6.0,8
vegan (5),m,1,6,train,0.0,8.0,7.0,8
vegan (6),z,1,6,train,0.0,6.0,6.0,8
vegan (3),m,0,6,train,1.0,3.0,7.0,8
vegan (2),m,1,6,train,0.0,7.0,6.0,8
vegan (6),z,1,6,train,0.0,3.0,7.0,8
vegan (1),m,1,6,train,0.0,8.0,8.0,8
vegan (4),z,1,6,train,0.0,8.0,6.0,8
vegan (5),m,1,6,train,0.0,7.0,8.0,8
vegan (2),z,0,6,train,1.0,5.0,7.0,8
vegan (6),z,1,6,train,0.0,5.0,8.0,8
vegan (3),z,1,6,train,0.0,11.0,7.0,8
vegan (1),m,1,6,train,0.0,6.0,9.0,8
vegan (4),z,1,6,train,0.0,6.0,7.0,8
vegan (5),m,1,6,train,0.0,6.0,9.0,8
vegan (3),z,1,6,train,0.0,4.0,8.0,8
vegan (5),m,1,6,train,0.0,2.0,10.0,8
vegan (2),z,0,6,train,1.0,13.0,7.0,8
vegan (6),z,1,6,train,0.0,8.0,9.0,8
vegan (1),m,1,6,train,0.0,7.0,10.0,8
vegan (4),z,1,6,train,0.0,7.0,8.0,8
vegan (5),m,1,6,train,0.0,5.0,11.0,8
vegan (2),m,1,6,train,0.0,18.0,7.0,8
vegan (1),m,1,6,train,0.0,4.0,11.0,8
vegan (4),z,1,6,train,0.0,4.0,9.0,8
vegan (3),m,0,6,train,1.0,10.0,9.0,8
vegan (6),z,1,6,train,0.0,8.0,10.0,8
vegan (5),m,1,6,train,0.0,6.0,12.0,8
vegan (1),m,1,6,train,0.0,5.0,12.0,8
vegan (2),m,1,6,train,0.0,7.0,8.0,8
vegan (4),z,1,6,train,0.0,6.0,10.0,8
vegan (3),z,1,6,train,0.0,16.0,9.0,8
vegan (6),z,1,6,train,0.0,6.0,11.0,8
animal (1),z,1,3,train,0.0,0.0,0.0,8
animal (2),z,1,3,train,0.0,0.0,0.0,8
animal (3),m,1,3,train,0.0,0.0,0.0,8
animal (1),z,1,3,train,0.0,3.0,1.0,8
animal (3),z,0,3,train,0.0,2.0,1.0,8
animal (2),z,1,3,train,0.0,4.0,1.0,8
animal (2),z,1,3,train,0.0,1.0,2.0,8
animal (3),m,1,3,train,0.0,5.0,1.0,8
animal (1),z,1,3,train,0.0,5.0,2.0,8
animal (1),z,1,3,train,0.0,1.0,3.0,8
animal (2),z,1,3,train,0.0,4.0,3.0,8
animal (3),m,1,3,train,0.0,4.0,2.0,8
animal (1),z,1,3,train,0.0,3.0,4.0,8
animal (3),m,1,3,train,0.0,2.0,3.0,8
animal (2),z,1,3,train,0.0,4.0,4.0,8
animal (2),z,1,3,train,0.0,1.0,5.0,8
animal (3),m,1,3,train,0.0,3.0,4.0,8
animal (1),z,1,3,train,0.0,5.0,5.0,8
animal (3),z,0,3,train,1.0,2.0,5.0,8
animal (2),z,1,3,train,0.0,4.0,6.0,8
animal (1),z,1,3,train,0.0,3.0,6.0,8
animal (1),z,1,3,train,0.0,1.0,7.0,8
animal (3),m,1,3,train,0.0,6.0,5.0,8
animal (2),z,1,3,train,0.0,4.0,7.0,8
animal (2),z,1,3,train,0.0,1.0,8.0,8
animal (3),m,1,3,train,0.0,3.0,6.0,8
animal (1),z,1,3,train,0.0,5.0,8.0,8
animal (3),m,1,3,train,0.0,2.0,7.0,8
animal (1),z,1,3,train,0.0,2.0,9.0,8
animal (2),z,1,3,train,0.0,5.0,9.0,8
animal (2),z,1,3,train,0.0,1.0,10.0,8
animal (3),m,1,3,train,0.0,4.0,8.0,8
animal (2),z,1,3,train,0.0,2.0,11.0,8
animal (1),z,1,3,train,0.0,5.0,10.0,8
animal (3),m,1,3,train,0.0,3.0,9.0,8
animal (1),z,1,3,train,0.0,2.0,11.0,8
fruits (6),m,0,6,train,0.0,0.0,0.0,8
fruits (1),m,1,6,train,0.0,0.0,0.0,8
fruits (5),m,1,6,train,0.0,0.0,0.0,8
fruits (4),m,0,6,train,0.0,0.0,0.0,8
fruits (2),m,1,6,train,0.0,0.0,0.0,8
fruits (3),z,1,6,train,0.0,0.0,0.0,8
fruits (3),z,1,6,train,0.0,1.0,1.0,8
fruits (6),z,1,6,train,0.0,0.0,0.0,8
fruits (4),z,1,6,train,0.0,0.0,0.0,8
fruits (5),m,1,6,train,0.0,7.0,1.0,8
fruits (1),m,1,6,train,0.0,9.0,1.0,8
fruits (2),z,0,6,train,0.0,7.0,1.0,8
fruits (1),m,1,6,train,0.0,2.0,2.0,8
fruits (3),z,1,6,train,0.0,7.0,2.0,8
fruits (2),m,1,6,train,0.0,10.0,1.0,8
fruits (6),z,1,6,train,0.0,8.0,1.0,8
fruits (5),m,1,6,train,0.0,7.0,2.0,8
fruits (4),z,1,6,train,0.0,9.0,1.0,8
fruits (5),m,1,6,train,0.0,2.0,3.0,8
fruits (2),m,1,6,train,0.0,5.0,2.0,8
fruits (6),m,0,6,train,1.0,5.0,2.0,8
fruits (1),m,1,6,train,0.0,9.0,3.0,8
fruits (4),m,0,6,train,1.0,5.0,2.0,8
fruits (3),z,1,6,train,0.0,10.0,3.0,8
fruits (6),z,1,6,train,0.0,9.0,2.0,8
fruits (5),m,1,6,train,0.0,7.0,4.0,8
fruits (2),m,1,6,train,0.0,7.0,3.0,8
fruits (3),z,1,6,train,0.0,4.0,4.0,8
fruits (4),z,1,6,train,0.0,11.0,2.0,8
fruits (1),m,1,6,train,0.0,8.0,4.0,8
fruits (6),z,1,6,train,0.0,6.0,3.0,8
fruits (3),z,1,6,train,0.0,4.0,5.0,8
fruits (4),z,1,6,train,0.0,4.0,3.0,8
fruits (1),m,1,6,train,0.0,4.0,5.0,8
fruits (2),m,1,6,train,0.0,8.0,4.0,8
fruits (5),m,1,6,train,0.0,10.0,5.0,8
fruits (2),m,1,6,train,0.0,2.0,5.0,8
fruits (3),z,1,6,train,0.0,6.0,6.0,8
fruits (5),m,1,6,train,0.0,3.0,6.0,8
fruits (4),z,1,6,train,0.0,7.0,4.0,8
fruits (1),m,1,6,train,0.0,7.0,6.0,8
fruits (6),z,1,6,train,0.0,11.0,4.0,8
fruits (2),m,1,6,train,0.0,6.0,6.0,8
fruits (1),m,1,6,train,0.0,3.0,7.0,8
fruits (4),z,1,6,train,0.0,5.0,5.0,8
fruits (3),z,1,6,train,0.0,8.0,7.0,8
fruits (5),m,1,6,train,0.0,8.0,7.0,8
fruits (6),z,1,6,train,0.0,6.0,5.0,8
fruits (3),z,1,6,train,0.0,3.0,8.0,8
fruits (2),m,1,6,train,0.0,7.0,7.0,8
fruits (6),z,1,6,train,0.0,3.0,6.0,8
fruits (1),m,1,6,train,0.0,8.0,8.0,8
fruits (4),z,1,6,train,0.0,8.0,6.0,8
fruits (5),m,1,6,train,0.0,7.0,8.0,8
fruits (2),m,1,6,train,0.0,5.0,8.0,8
fruits (6),z,1,6,train,0.0,5.0,7.0,8
fruits (3),z,1,6,train,0.0,8.0,9.0,8
fruits (1),m,1,6,train,0.0,6.0,9.0,8
fruits (4),z,1,6,train,0.0,6.0,7.0,8
fruits (5),m,1,6,train,0.0,6.0,9.0,8
fruits (3),z,1,6,train,0.0,4.0,10.0,8
fruits (5),m,1,6,train,0.0,2.0,10.0,8
fruits (2),m,1,6,train,0.0,8.0,9.0,8
fruits (6),z,1,6,train,0.0,8.0,8.0,8
fruits (1),m,1,6,train,0.0,7.0,10.0,8
fruits (4),m,0,6,train,1.0,7.0,8.0,8
fruits (5),m,1,6,train,0.0,5.0,11.0,8
fruits (2),m,1,6,train,0.0,5.0,10.0,8
fruits (1),m,1,6,train,0.0,4.0,11.0,8
fruits (4),z,1,6,train,0.0,11.0,8.0,8
fruits (3),m,0,6,train,0.0,10.0,11.0,8
fruits (6),z,1,6,train,0.0,8.0,9.0,8
fruits (5),m,1,6,train,0.0,6.0,12.0,8
fruits (1),m,1,6,train,0.0,5.0,12.0,8
fruits (2),m,1,6,train,0.0,7.0,11.0,8
fruits (4),z,1,6,train,0.0,6.0,9.0,8
fruits (3),z,1,6,train,0.0,16.0,11.0,8
fruits (6),z,1,6,train,0.0,6.0,10.0,8
tools (1),z,1,3,train,0.0,0.0,0.0,8
tools (2),m,0,3,train,0.0,0.0,0.0,8
tools (3),m,1,3,train,0.0,0.0,0.0,8
tools (1),z,1,3,train,0.0,3.0,1.0,8
tools (3),m,1,3,train,0.0,2.0,1.0,8
tools (2),z,1,3,train,0.0,0.0,0.0,8
tools (2),z,1,3,train,0.0,1.0,1.0,8
tools (3),m,1,3,train,0.0,3.0,2.0,8
tools (1),z,1,3,train,0.0,5.0,2.0,8
tools (1),z,1,3,train,0.0,1.0,3.0,8
tools (2),z,1,3,train,0.0,4.0,2.0,8
tools (3),m,1,3,train,0.0,4.0,3.0,8
tools (1),z,1,3,train,0.0,3.0,4.0,8
tools (3),m,1,3,train,0.0,2.0,4.0,8
tools (2),z,1,3,train,0.0,4.0,3.0,8
tools (2),z,1,3,train,0.0,1.0,4.0,8
tools (3),m,1,3,train,0.0,3.0,5.0,8
tools (1),z,1,3,train,0.0,5.0,5.0,8
tools (3),m,1,3,train,0.0,2.0,6.0,8
tools (2),z,1,3,train,0.0,4.0,5.0,8
tools (1),m,0,3,train,0.0,3.0,6.0,8
tools (1),z,1,3,train,0.0,4.0,6.0,8
tools (3),m,1,3,train,0.0,4.0,7.0,8
tools (2),z,1,3,train,0.0,4.0,6.0,8
tools (2),z,1,3,train,0.0,1.0,7.0,8
tools (3),m,1,3,train,0.0,3.0,8.0,8
tools (1),z,1,3,train,0.0,5.0,7.0,8
tools (3),m,1,3,train,0.0,2.0,9.0,8
tools (1),z,1,3,train,0.0,2.0,8.0,8
tools (2),m,0,3,train,1.0,5.0,8.0,8
tools (2),z,1,3,train,0.0,6.0,8.0,8
tools (3),m,1,3,train,0.0,4.0,10.0,8
tools (2),z,1,3,train,0.0,2.0,9.0,8
tools (1),z,1,3,train,0.0,5.0,9.0,8
tools (3),m,1,3,train,0.0,3.0,11.0,8
tools (1),z,1,3,train,0.0,2.0,10.0,8
clothes (6),z,1,6,train,0.0,0.0,0.0,8
clothes (1),z,0,6,train,0.0,0.0,0.0,8
clothes (5),z,0,6,train,0.0,0.0,0.0,8
clothes (4),m,0,6,train,0.0,0.0,0.0,8
clothes (2),m,1,6,train,0.0,0.0,0.0,8
clothes (3),m,0,6,train,0.0,0.0,0.0,8
clothes (3),m,0,6,train,1.0,0.0,0.0,8
clothes (6),m,0,6,train,0.0,7.0,1.0,8
clothes (4),m,0,6,train,1.0,0.0,0.0,8
clothes (5),m,1,6,train,0.0,0.0,0.0,8
clothes (1),m,1,6,train,0.0,0.0,0.0,8
clothes (2),z,0,6,train,0.0,7.0,1.0,8
clothes (1),m,1,6,train,0.0,2.0,1.0,8
clothes (3),m,0,6,train,1.0,0.0,0.0,8
clothes (2),z,0,6,train,1.0,10.0,1.0,8
clothes (6),z,1,6,train,0.0,15.0,1.0,8
clothes (5),m,1,6,train,0.0,7.0,1.0,8
clothes (4),z,1,6,train,0.0,0.0,0.0,8
clothes (5),m,1,6,train,0.0,2.0,2.0,8
clothes (2),z,0,6,train,1.0,15.0,1.0,8
clothes (6),z,1,6,train,0.0,5.0,2.0,8
clothes (1),m,1,6,train,0.0,9.0,2.0,8
clothes (4),z,1,6,train,0.0,5.0,1.0,8
clothes (3),z,1,6,train,0.0,0.0,0.0,8
clothes (6),z,1,6,train,0.0,4.0,3.0,8
clothes (5),m,1,6,train,0.0,7.0,3.0,8
clothes (2),m,1,6,train,0.0,22.0,1.0,8
clothes (3),z,1,6,train,0.0,4.0,1.0,8
clothes (4),z,1,6,train,0.0,6.0,2.0,8
clothes (1),m,1,6,train,0.0,8.0,3.0,8
clothes (6),m,0,6,train,1.0,6.0,4.0,8
clothes (3),z,1,6,train,0.0,4.0,2.0,8
clothes (4),z,1,6,train,0.0,4.0,3.0,8
clothes (1),m,1,6,train,0.0,4.0,4.0,8
clothes (2),m,1,6,train,0.0,8.0,2.0,8
clothes (5),m,1,6,train,0.0,10.0,4.0,8
clothes (2),m,1,6,train,0.0,2.0,3.0,8
clothes (3),z,1,6,train,0.0,6.0,3.0,8
clothes (5),m,1,6,train,0.0,3.0,5.0,8
clothes (4),z,1,6,train,0.0,7.0,4.0,8
clothes (1),m,1,6,train,0.0,7.0,5.0,8
clothes (6),z,1,6,train,0.0,17.0,4.0,8
clothes (2),m,1,6,train,0.0,6.0,4.0,8
clothes (1),z,0,6,train,1.0,3.0,6.0,8
clothes (4),z,1,6,train,0.0,5.0,5.0,8
clothes (3),z,1,6,train,0.0,8.0,4.0,8
clothes (5),m,1,6,train,0.0,8.0,6.0,8
clothes (6),z,1,6,train,0.0,6.0,5.0,8
clothes (3),z,1,6,train,0.0,3.0,5.0,8
clothes (2),m,1,6,train,0.0,7.0,5.0,8
clothes (6),z,1,6,train,0.0,3.0,6.0,8
clothes (1),m,1,6,train,0.0,11.0,6.0,8
clothes (4),z,1,6,train,0.0,8.0,6.0,8
clothes (5),m,1,6,train,0.0,7.0,7.0,8
clothes (2),m,1,6,train,0.0,5.0,6.0,8
clothes (6),z,1,6,train,0.0,5.0,7.0,8
clothes (3),z,1,6,train,0.0,8.0,6.0,8
clothes (1),m,1,6,train,0.0,6.0,7.0,8
clothes (4),z,1,6,train,0.0,6.0,7.0,8
clothes (5),m,1,6,train,0.0,6.0,8.0,8
clothes (3),z,1,6,train,0.0,4.0,7.0,8
clothes (5),m,1,6,train,0.0,2.0,9.0,8
clothes (2),m,1,6,train,0.0,8.0,7.0,8
clothes (6),z,1,6,train,0.0,8.0,8.0,8
clothes (1),m,1,6,train,0.0,7.0,8.0,8
clothes (4),z,1,6,train,0.0,7.0,8.0,8
clothes (5),m,1,6,train,0.0,5.0,10.0,8
clothes (2),m,1,6,train,0.0,5.0,8.0,8
clothes (1),m,1,6,train,0.0,4.0,9.0,8
clothes (4),z,1,6,train,0.0,4.0,9.0,8
clothes (3),z,1,6,train,0.0,10.0,8.0,8
clothes (6),z,1,6,train,0.0,8.0,9.0,8
clothes (5),m,1,6,train,0.0,6.0,11.0,8
clothes (1),m,1,6,train,0.0,5.0,10.0,8
clothes (2),m,1,6,train,0.0,7.0,9.0,8
clothes (4),z,1,6,train,0.0,6.0,10.0,8
clothes (3),z,1,6,train,0.0,6.0,9.0,8
clothes (6),z,1,6,train,0.0,6.0,10.0,8
face (1),z,1,3,train,0.0,0.0,0.0,8
face (2),m,0,3,train,0.0,0.0,0.0,8
face (3),m,1,3,train,0.0,0.0,0.0,8
face (1),z,1,3,train,0.0,3.0,1.0,8
face (3),m,1,3,train,0.0,2.0,1.0,8
face (2),z,1,3,train,0.0,0.0,0.0,8
face (2),z,1,3,train,0.0,1.0,1.0,8
face (3),m,1,3,train,0.0,3.0,2.0,8
face (1),z,1,3,train,0.0,5.0,2.0,8
face (1),z,1,3,train,0.0,1.0,3.0,8
face (2),z,1,3,train,0.0,4.0,2.0,8
face (3),m,1,3,train,0.0,4.0,3.0,8
face (1),z,1,3,train,0.0,3.0,4.0,8
face (3),z,0,3,train,0.0,2.0,4.0,8
face (2),z,1,3,train,0.0,4.0,3.0,8
face (2),z,1,3,train,0.0,1.0,4.0,8
face (3),m,1,3,train,0.0,5.0,4.0,8
face (1),z,1,3,train,0.0,5.0,5.0,8
face (3),m,1,3,train,0.0,2.0,5.0,8
face (2),z,1,3,train,0.0,4.0,5.0,8
face (1),m,0,3,train,0.0,3.0,6.0,8
face (1),m,0,3,train,1.0,4.0,6.0,8
face (3),m,1,3,train,0.0,4.0,6.0,8
face (2),z,1,3,train,0.0,4.0,6.0,8
face (2),z,1,3,train,0.0,1.0,7.0,8
face (3),m,1,3,train,0.0,3.0,7.0,8
face (1),z,1,3,train,0.0,9.0,6.0,8
face (3),m,1,3,train,0.0,2.0,8.0,8
face (1),z,1,3,train,0.0,2.0,7.0,8
face (2),m,0,3,train,1.0,5.0,8.0,8
face (2),z,1,3,train,0.0,6.0,8.0,8
face (3),m,1,3,train,0.0,4.0,9.0,8
face (2),z,1,3,train,0.0,2.0,9.0,8
face (1),z,1,3,train,0.0,5.0,8.0,8
face (3),m,1,3,train,0.0,3.0,10.0,8
face (1),z,1,3,train,0.0,2.0,9.0,8
color (6),z,1,6,train,0.0,0.0,0.0,8
color (1),m,1,6,train,0.0,0.0,0.0,8
color (5),z,0,6,train,0.0,0.0,0.0,8
color (4),m,0,6,train,0.0,0.0,0.0,8
color (2),m,1,6,train,0.0,0.0,0.0,8
color (3),z,1,6,train,0.0,0.0,0.0,8
color (3),z,1,6,train,0.0,1.0,1.0,8
color (6),z,1,6,train,0.0,7.0,1.0,8
color (4),z,1,6,train,0.0,0.0,0.0,8
color (5),m,1,6,train,0.0,0.0,0.0,8
color (1),m,1,6,train,0.0,9.0,1.0,8
color (2),z,0,6,train,0.0,7.0,1.0,8
color (1),m,1,6,train,0.0,2.0,2.0,8
color (3),z,1,6,train,0.0,7.0,2.0,8
color (2),m,1,6,train,0.0,10.0,1.0,8
color (6),z,1,6,train,0.0,8.0,2.0,8
color (5),m,1,6,train,0.0,7.0,1.0,8
color (4),z,1,6,train,0.0,9.0,1.0,8
color (5),m,1,6,train,0.0,2.0,2.0,8
color (2),z,0,6,train,1.0,5.0,2.0,8
color (6),z,1,6,train,0.0,5.0,3.0,8
color (1),m,1,6,train,0.0,9.0,3.0,8
color (4),z,1,6,train,0.0,5.0,2.0,8
color (3),z,1,6,train,0.0,10.0,3.0,8
color (6),z,1,6,train,0.0,4.0,4.0,8
color (5),m,1,6,train,0.0,7.0,3.0,8
color (2),m,1,6,train,0.0,12.0,2.0,8
color (3),z,1,6,train,0.0,4.0,4.0,8
color (4),z,1,6,train,0.0,6.0,3.0,8
color (1),m,1,6,train,0.0,8.0,4.0,8
color (6),z,1,6,train,0.0,6.0,5.0,8
color (3),m,0,6,train,0.0,4.0,5.0,8
color (4),z,1,6,train,0.0,4.0,4.0,8
color (1),m,1,6,train,0.0,4.0,5.0,8
color (2),m,1,6,train,0.0,8.0,3.0,8
color (5),m,1,6,train,0.0,10.0,4.0,8
color (2),m,1,6,train,0.0,2.0,4.0,8
color (3),z,1,6,train,0.0,10.0,5.0,8
color (5),m,1,6,train,0.0,3.0,5.0,8
color (4),z,1,6,train,0.0,7.0,5.0,8
color (1),m,1,6,train,0.0,7.0,6.0,8
color (6),m,0,6,train,0.0,11.0,6.0,8
color (2),m,1,6,train,0.0,6.0,5.0,8
color (1),m,1,6,train,0.0,3.0,7.0,8
color (4),z,1,6,train,0.0,5.0,6.0,8
color (3),z,1,6,train,0.0,8.0,6.0,8
color (5),m,1,6,train,0.0,8.0,6.0,8
color (6),z,1,6,train,0.0,17.0,6.0,8
color (3),z,1,6,train,0.0,3.0,7.0,8
color (2),m,1,6,train,0.0,7.0,6.0,8
color (6),z,1,6,train,0.0,3.0,7.0,8
color (1),m,1,6,train,0.0,8.0,8.0,8
color (4),z,1,6,train,0.0,8.0,7.0,8
color (5),m,1,6,train,0.0,7.0,7.0,8
color (2),m,1,6,train,0.0,5.0,7.0,8
color (6),z,1,6,train,0.0,5.0,8.0,8
color (3),m,0,6,train,1.0,8.0,8.0,8
color (1),m,1,6,train,0.0,6.0,9.0,8
color (4),z,1,6,train,0.0,6.0,8.0,8
color (5),m,1,6,train,0.0,6.0,8.0,8
color (3),z,1,6,train,0.0,12.0,8.0,8
color (5),m,1,6,train,0.0,2.0,9.0,8
color (2),m,1,6,train,0.0,8.0,8.0,8
color (6),z,1,6,train,0.0,8.0,9.0,8
color (1),m,1,6,train,0.0,7.0,10.0,8
color (4),z,1,6,train,0.0,7.0,9.0,8
color (5),m,1,6,train,0.0,5.0,10.0,8
color (2),m,1,6,train,0.0,5.0,9.0,8
color (1),m,1,6,train,0.0,4.0,11.0,8
color (4),z,1,6,train,0.0,4.0,10.0,8
color (3),z,1,6,train,0.0,10.0,9.0,8
color (6),m,0,6,train,1.0,8.0,10.0,8
color (5),m,1,6,train,0.0,6.0,11.0,8
color (1),m,1,6,train,0.0,5.0,12.0,8
color (2),m,1,6,train,0.0,7.0,10.0,8
color (4),z,1,6,train,0.0,6.0,11.0,8
color (3),z,1,6,train,0.0,6.0,10.0,8
color (6),z,1,6,train,0.0,14.0,10.0,8
symbol (1),m,1,3,train,0.0,0.0,0.0,8
symbol (2),z,0,3,train,0.0,0.0,0.0,8
symbol (3),z,1,3,train,0.0,0.0,0.0,8
symbol (1),m,1,3,train,0.0,3.0,1.0,8
symbol (3),z,1,3,train,0.0,2.0,1.0,8
symbol (2),m,1,3,train,0.0,0.0,0.0,8
symbol (2),z,0,3,train,1.0,1.0,1.0,8
symbol (3),z,1,3,train,0.0,3.0,2.0,8
symbol (1),m,1,3,train,0.0,5.0,2.0,8
symbol (1),m,1,3,train,0.0,1.0,3.0,8
symbol (2),m,1,3,train,0.0,5.0,1.0,8
symbol (3),z,1,3,train,0.0,4.0,3.0,8
symbol (1),m,1,3,train,0.0,3.0,4.0,8
symbol (3),z,1,3,train,0.0,2.0,4.0,8
symbol (2),m,1,3,train,0.0,4.0,2.0,8
symbol (2),m,1,3,train,0.0,1.0,3.0,8
symbol (3),z,1,3,train,0.0,3.0,5.0,8
symbol (1),m,1,3,train,0.0,5.0,5.0,8
symbol (3),z,1,3,train,0.0,2.0,6.0,8
symbol (2),m,1,3,train,0.0,4.0,4.0,8
symbol (1),m,1,3,train,0.0,3.0,6.0,8
symbol (1),m,1,3,train,0.0,1.0,7.0,8
symbol (3),z,1,3,train,0.0,4.0,7.0,8
symbol (2),m,1,3,train,0.0,4.0,5.0,8
symbol (2),m,1,3,train,0.0,1.0,6.0,8
symbol (3),m,0,3,train,0.0,3.0,8.0,8
symbol (1),m,1,3,train,0.0,5.0,8.0,8
symbol (3),z,1,3,train,0.0,5.0,8.0,8
symbol (1),m,1,3,train,0.0,2.0,9.0,8
symbol (2),m,1,3,train,0.0,5.0,7.0,8
symbol (2),m,1,3,train,0.0,1.0,8.0,8
symbol (3),z,1,3,train,0.0,4.0,9.0,8
symbol (2),m,1,3,train,0.0,2.0,9.0,8
symbol (1),m,1,3,train,0.0,5.0,10.0,8
symbol (3),z,1,3,train,0.0,3.0,10.0,8
symbol (1),m,1,3,train,0.0,2.0,11.0,8
environment (6),z,1,6,train,0.0,0.0,0.0,8
environment (1),m,1,6,train,0.0,0.0,0.0,8
environment (5),z,0,6,train,0.0,0.0,0.0,8
environment (4),z,1,6,train,0.0,0.0,0.0,8
environment (2),z,0,6,train,0.0,0.0,0.0,8
environment (3),z,1,6,train,0.0,0.0,0.0,8
environment (3),z,1,6,train,0.0,1.0,1.0,8
environment (6),z,1,6,train,0.0,7.0,1.0,8
environment (4),z,1,6,train,0.0,5.0,1.0,8
environment (5),m,1,6,train,0.0,0.0,0.0,8
environment (1),m,1,6,train,0.0,9.0,1.0,8
environment (2),m,1,6,train,0.0,0.0,0.0,8
environment (1),m,1,6,train,0.0,2.0,2.0,8
environment (3),z,1,6,train,0.0,7.0,2.0,8
environment (2),m,1,6,train,0.0,3.0,1.0,8
environment (6),z,1,6,train,0.0,8.0,2.0,8
environment (5),m,1,6,train,0.0,7.0,1.0,8
environment (4),z,1,6,train,0.0,9.0,2.0,8
environment (5),m,1,6,train,0.0,2.0,2.0,8
environment (2),m,1,6,train,0.0,5.0,2.0,8
environment (6),m,0,6,train,0.0,5.0,3.0,8
environment (1),m,1,6,train,0.0,9.0,3.0,8
environment (4),z,1,6,train,0.0,5.0,3.0,8
environment (3),z,1,6,train,0.0,10.0,3.0,8
environment (6),z,1,6,train,0.0,9.0,3.0,8
environment (5),m,1,6,train,0.0,7.0,3.0,8
environment (2),m,1,6,train,0.0,7.0,3.0,8
environment (3),z,1,6,train,0.0,4.0,4.0,8
environment (4),z,1,6,train,0.0,6.0,4.0,8
environment (1),m,1,6,train,0.0,8.0,4.0,8
environment (6),z,1,6,train,0.0,6.0,4.0,8
environment (3),z,1,6,train,0.0,4.0,5.0,8
environment (4),z,1,6,train,0.0,4.0,5.0,8
environment (1),m,1,6,train,0.0,4.0,5.0,8
environment (2),z,0,6,train,1.0,8.0,4.0,8
environment (5),z,0,6,train,1.0,10.0,4.0,8
environment (2),m,1,6,train,0.0,10.0,4.0,8
environment (3),z,1,6,train,0.0,6.0,6.0,8
environment (5),m,1,6,train,0.0,13.0,4.0,8
environment (4),z,1,6,train,0.0,7.0,6.0,8
environment (1),m,1,6,train,0.0,7.0,6.0,8
environment (6),z,1,6,train,0.0,11.0,5.0,8
environment (2),m,1,6,train,0.0,6.0,5.0,8
environment (1),m,1,6,train,0.0,3.0,7.0,8
environment (4),z,1,6,train,0.0,5.0,7.0,8
environment (3),z,1,6,train,0.0,8.0,7.0,8
environment (5),m,1,6,train,0.0,8.0,5.0,8
environment (6),z,1,6,train,0.0,6.0,6.0,8
environment (3),z,1,6,train,0.0,3.0,8.0,8
environment (2),m,1,6,train,0.0,7.0,6.0,8
environment (6),z,1,6,train,0.0,3.0,7.0,8
environment (1),m,1,6,train,0.0,8.0,8.0,8
environment (4),z,1,6,train,0.0,8.0,8.0,8
environment (5),m,1,6,train,0.0,7.0,6.0,8
environment (2),m,1,6,train,0.0,5.0,7.0,8
environment (6),z,1,6,train,0.0,5.0,8.0,8
environment (3),z,1,6,train,0.0,8.0,9.0,8
environment (1),m,1,6,train,0.0,6.0,9.0,8
environment (4),z,1,6,train,0.0,6.0,9.0,8
environment (5),m,1,6,train,0.0,6.0,7.0,8
environment (3),z,1,6,train,0.0,4.0,10.0,8
environment (5),m,1,6,train,0.0,2.0,8.0,8
environment (2),m,1,6,train,0.0,8.0,8.0,8
environment (6),z,1,6,train,0.0,8.0,9.0,8
environment (1),m,1,6,train,0.0,7.0,10.0,8
environment (4),z,1,6,train,0.0,7.0,10.0,8
environment (5),m,1,6,train,0.0,5.0,9.0,8
environment (2),m,1,6,train,0.0,5.0,9.0,8
environment (1),m,1,6,train,0.0,4.0,11.0,8
environment (4),z,1,6,train,0.0,4.0,11.0,8
environment (3),z,1,6,train,0.0,10.0,11.0,8
environment (6),z,1,6,train,0.0,8.0,10.0,8
environment (5),m,1,6,train,0.0,6.0,10.0,8
environment (1),m,1,6,train,0.0,5.0,12.0,8
environment (2),m,1,6,train,0.0,7.0,10.0,8
environment (4),z,1,6,train,0.0,6.0,12.0,8
environment (3),z,1,6,train,0.0,6.0,12.0,8
environment (6),z,1,6,train,0.0,6.0,11.0,8
vehicle (1),m,1,3,train,0.0,0.0,0.0,8
vehicle (2),m,1,3,train,0.0,0.0,0.0,8
vehicle (3),z,1,3,train,0.0,0.0,0.0,8
vehicle (1),m,1,3,train,0.0,3.0,1.0,8
vehicle (3),z,1,3,train,0.0,2.0,1.0,8
vehicle (2),m,1,3,train,0.0,4.0,1.0,8
vehicle (2),m,1,3,train,0.0,1.0,2.0,8
vehicle (3),z,1,3,train,0.0,3.0,2.0,8
vehicle (1),m,1,3,train,0.0,5.0,2.0,8
vehicle (1),m,1,3,train,0.0,1.0,3.0,8
vehicle (2),m,1,3,train,0.0,4.0,3.0,8
vehicle (3),z,1,3,train,0.0,4.0,3.0,8
vehicle (1),m,1,3,train,0.0,3.0,4.0,8
vehicle (3),z,1,3,train,0.0,2.0,4.0,8
vehicle (2),m,1,3,train,0.0,4.0,4.0,8
vehicle (2),m,1,3,train,0.0,1.0,5.0,8
vehicle (3),z,1,3,train,0.0,3.0,5.0,8
vehicle (1),m,1,3,train,0.0,5.0,5.0,8
vehicle (3),z,1,3,train,0.0,2.0,6.0,8
vehicle (2),m,1,3,train,0.0,4.0,6.0,8
vehicle (1),m,1,3,train,0.0,3.0,6.0,8
vehicle (1),m,1,3,train,0.0,1.0,7.0,8
vehicle (3),z,1,3,train,0.0,4.0,7.0,8
vehicle (2),m,1,3,train,0.0,4.0,7.0,8
vehicle (2),m,1,3,train,0.0,1.0,8.0,8
vehicle (3),z,1,3,train,0.0,3.0,8.0,8
vehicle (1),m,1,3,train,0.0,5.0,8.0,8
vehicle (3),z,1,3,train,0.0,2.0,9.0,8
vehicle (1),m,1,3,train,0.0,2.0,9.0,8
vehicle (2),m,1,3,train,0.0,5.0,9.0,8
vehicle (2),m,1,3,train,0.0,1.0,10.0,8
vehicle (3),z,1,3,train,0.0,4.0,10.0,8
vehicle (2),m,1,3,train,0.0,2.0,11.0,8
vehicle (1),m,1,3,train,0.0,5.0,10.0,8
vehicle (3),z,1,3,train,0.0,3.0,11.0,8
vehicle (1),m,1,3,train,0.0,2.0,11.0,8
instrument (1),z,0,3,train,0.0,0.0,0.0,8
instrument (2),z,0,3,train,0.0,0.0,0.0,8
instrument (3),z,1,3,train,0.0,0.0,0.0,8
instrument (1),m,1,3,train,0.0,0.0,0.0,8
instrument (3),z,1,3,train,0.0,2.0,1.0,8
instrument (2),m,1,3,train,0.0,0.0,0.0,8
instrument (2),m,1,3,train,0.0,1.0,1.0,8
instrument (3),z,1,3,train,0.0,3.0,2.0,8
instrument (1),m,1,3,train,0.0,5.0,1.0,8
instrument (1),m,1,3,train,0.0,1.0,2.0,8
instrument (2),m,1,3,train,0.0,4.0,2.0,8
instrument (3),z,1,3,train,0.0,4.0,3.0,8
instrument (1),m,1,3,train,0.0,3.0,3.0,8
instrument (3),m,0,3,train,0.0,2.0,4.0,8
instrument (2),m,1,3,train,0.0,4.0,3.0,8
instrument (2),m,1,3,train,0.0,1.0,4.0,8
instrument (3),z,1,3,train,0.0,5.0,4.0,8
instrument (1),m,1,3,train,0.0,5.0,4.0,8
instrument (3),z,1,3,train,0.0,2.0,5.0,8
instrument (2),m,1,3,train,0.0,4.0,5.0,8
instrument (1),m,1,3,train,0.0,3.0,5.0,8
instrument (1),m,1,3,train,0.0,1.0,6.0,8
instrument (3),z,1,3,train,0.0,4.0,6.0,8
instrument (2),m,1,3,train,0.0,4.0,6.0,8
instrument (2),m,1,3,train,0.0,1.0,7.0,8
instrument (3),z,1,3,train,0.0,3.0,7.0,8
instrument (1),m,1,3,train,0.0,5.0,7.0,8
instrument (3),z,1,3,train,0.0,2.0,8.0,8
instrument (1),m,1,3,train,0.0,2.0,8.0,8
instrument (2),m,1,3,train,0.0,5.0,8.0,8
instrument (2),m,1,3,train,0.0,1.0,9.0,8
instrument (3),z,1,3,train,0.0,4.0,9.0,8
instrument (2),m,1,3,train,0.0,2.0,10.0,8
instrument (1),m,1,3,train,0.0,5.0,9.0,8
instrument (3),z,1,3,train,0.0,3.0,10.0,8
instrument (1),m,1,3,train,0.0,2.0,10.0,8
jungle2,m,0,3,train,0.0,0.0,0.0,9
jungle1,z,1,3,train,0.0,0.0,0.0,9
jungle3,z,0,3,train,0.0,0.0,0.0,9
jungle1,z,1,3,train,0.0,2.0,1.0,9
jungle3,m,1,3,train,0.0,0.0,0.0,9
jungle2,z,1,3,train,0.0,0.0,0.0,9
jungle3,m,1,3,train,0.0,2.0,1.0,9
jungle2,z,1,3,train,0.0,2.0,1.0,9
jungle1,z,1,3,train,0.0,5.0,2.0,9
jungle1,z,1,3,train,0.0,1.0,3.0,9
jungle2,m,0,3,train,1.0,3.0,2.0,9
jungle3,m,1,3,train,0.0,5.0,2.0,9
jungle3,z,0,3,train,1.0,1.0,3.0,9
jungle1,z,1,3,train,0.0,4.0,4.0,9
jungle2,z,1,3,train,0.0,7.0,2.0,9
jungle3,m,1,3,train,0.0,4.0,3.0,9
jungle1,z,1,3,train,0.0,3.0,5.0,9
jungle2,z,1,3,train,0.0,3.0,3.0,9
jungle1,z,1,3,train,0.0,2.0,6.0,9
jungle3,m,1,3,train,0.0,4.0,4.0,9
jungle2,z,1,3,train,0.0,3.0,4.0,9
jungle3,m,1,3,train,0.0,2.0,5.0,9
jungle2,z,1,3,train,0.0,2.0,5.0,9
jungle1,z,1,3,train,0.0,5.0,7.0,9
jungle2,z,1,3,train,0.0,2.0,6.0,9
jungle3,m,1,3,train,0.0,4.0,6.0,9
jungle1,z,1,3,train,0.0,3.0,8.0,9
jungle1,z,1,3,train,0.0,1.0,9.0,9
jungle2,z,1,3,train,0.0,4.0,7.0,9
jungle3,m,1,3,train,0.0,4.0,7.0,9
jungle2,z,1,3,train,0.0,2.0,8.0,9
jungle3,z,0,3,train,1.0,2.0,8.0,9
jungle1,z,1,3,train,0.0,5.0,10.0,9
jungle2,z,1,3,train,0.0,3.0,9.0,9
jungle1,z,1,3,train,0.0,2.0,11.0,9
jungle3,m,1,3,train,0.0,6.0,8.0,9
vegan (6),z,1,6,train,0.0,0.0,0.0,9
vegan (1),z,0,6,train,0.0,0.0,0.0,9
vegan (5),m,1,6,train,0.0,0.0,0.0,9
vegan (4),m,0,6,train,0.0,0.0,0.0,9
vegan (2),z,0,6,train,0.0,0.0,0.0,9
vegan (3),z,1,6,train,0.0,0.0,0.0,9
vegan (3),z,1,6,train,0.0,1.0,1.0,9
vegan (6),z,1,6,train,0.0,7.0,1.0,9
vegan (4),m,0,6,train,1.0,0.0,0.0,9
vegan (5),m,1,6,train,0.0,7.0,1.0,9
vegan (1),m,1,6,train,0.0,0.0,0.0,9
vegan (2),m,1,6,train,0.0,0.0,0.0,9
vegan (1),m,1,6,train,0.0,2.0,1.0,9
vegan (3),z,1,6,train,0.0,7.0,2.0,9
vegan (2),z,0,6,train,1.0,3.0,1.0,9
vegan (6),z,1,6,train,0.0,8.0,2.0,9
vegan (5),m,1,6,train,0.0,7.0,2.0,9
vegan (4),z,1,6,train,0.0,0.0,0.0,9
vegan (5),m,1,6,train,0.0,2.0,3.0,9
vegan (2),z,0,6,train,1.0,8.0,1.0,9
vegan (6),z,1,6,train,0.0,5.0,3.0,9
vegan (1),m,1,6,train,0.0,9.0,2.0,9
vegan (4),m,0,6,train,1.0,5.0,1.0,9
vegan (3),z,1,6,train,0.0,10.0,3.0,9
vegan (6),z,1,6,train,0.0,4.0,4.0,9
vegan (5),m,1,6,train,0.0,7.0,4.0,9
vegan (2),m,1,6,train,0.0,15.0,1.0,9
vegan (3),z,1,6,train,0.0,4.0,4.0,9
vegan (4),z,1,6,train,0.0,11.0,1.0,9
vegan (1),m,1,6,train,0.0,8.0,3.0,9
vegan (6),z,1,6,train,0.0,6.0,5.0,9
vegan (3),z,1,6,train,0.0,4.0,5.0,9
vegan (4),z,1,6,train,0.0,4.0,2.0,9
vegan (1),m,1,6,train,0.0,4.0,4.0,9
vegan (2),m,1,6,train,0.0,8.0,2.0,9
vegan (5),m,1,6,train,0.0,10.0,5.0,9
vegan (2),m,1,6,train,0.0,2.0,3.0,9
vegan (3),z,1,6,train,0.0,6.0,6.0,9
vegan (5),m,1,6,train,0.0,3.0,6.0,9
vegan (4),z,1,6,train,0.0,7.0,3.0,9
vegan (1),m,1,6,train,0.0,7.0,5.0,9
vegan (6),z,1,6,train,0.0,11.0,6.0,9
vegan (2),m,1,6,train,0.0,6.0,4.0,9
vegan (1),m,1,6,train,0.0,3.0,6.0,9
vegan (4),z,1,6,train,0.0,5.0,4.0,9
vegan (3),z,1,6,train,0.0,8.0,7.0,9
vegan (5),m,1,6,train,0.0,8.0,7.0,9
vegan (6),z,1,6,train,0.0,6.0,7.0,9
vegan (3),z,1,6,train,0.0,3.0,8.0,9
vegan (2),m,1,6,train,0.0,7.0,5.0,9
vegan (6),z,1,6,train,0.0,3.0,8.0,9
vegan (1),m,1,6,train,0.0,8.0,7.0,9
vegan (4),z,1,6,train,0.0,8.0,5.0,9
vegan (5),m,1,6,train,0.0,7.0,8.0,9
vegan (2),m,1,6,train,0.0,5.0,6.0,9
vegan (6),z,1,6,train,0.0,5.0,9.0,9
vegan (3),z,1,6,train,0.0,8.0,9.0,9
vegan (1),m,1,6,train,0.0,6.0,8.0,9
vegan (4),z,1,6,train,0.0,6.0,6.0,9
vegan (5),m,1,6,train,0.0,6.0,9.0,9
vegan (3),z,1,6,train,0.0,4.0,10.0,9
vegan (5),m,1,6,train,0.0,2.0,10.0,9
vegan (2),m,1,6,train,0.0,8.0,7.0,9
vegan (6),z,1,6,train,0.0,8.0,10.0,9
vegan (1),m,1,6,train,0.0,7.0,9.0,9
vegan (4),z,1,6,train,0.0,7.0,7.0,9
vegan (5),m,1,6,train,0.0,5.0,11.0,9
vegan (2),m,1,6,train,0.0,5.0,8.0,9
vegan (1),m,1,6,train,0.0,4.0,10.0,9
vegan (4),z,1,6,train,0.0,4.0,8.0,9
vegan (3),z,1,6,train,0.0,10.0,11.0,9
vegan (6),z,1,6,train,0.0,8.0,11.0,9
vegan (5),m,1,6,train,0.0,6.0,12.0,9
vegan (1),m,1,6,train,0.0,5.0,11.0,9
vegan (2),m,1,6,train,0.0,7.0,9.0,9
vegan (4),z,1,6,train,0.0,6.0,9.0,9
vegan (3),z,1,6,train,0.0,6.0,12.0,9
vegan (6),z,1,6,train,0.0,6.0,12.0,9
animal (1),z,1,3,train,0.0,0.0,0.0,9
animal (2),z,1,3,train,0.0,0.0,0.0,9
animal (3),m,1,3,train,0.0,0.0,0.0,9
animal (1),z,1,3,train,0.0,3.0,1.0,9
animal (3),m,1,3,train,0.0,2.0,1.0,9
animal (2),z,1,3,train,0.0,4.0,1.0,9
animal (2),z,1,3,train,0.0,1.0,2.0,9
animal (3),m,1,3,train,0.0,3.0,2.0,9
animal (1),z,1,3,train,0.0,5.0,2.0,9
animal (1),z,1,3,train,0.0,1.0,3.0,9
animal (2),z,1,3,train,0.0,4.0,3.0,9
animal (3),m,1,3,train,0.0,4.0,3.0,9
animal (1),z,1,3,train,0.0,3.0,4.0,9
animal (3),m,1,3,train,0.0,2.0,4.0,9
animal (2),z,1,3,train,0.0,4.0,4.0,9
animal (2),z,1,3,train,0.0,1.0,5.0,9
animal (3),m,1,3,train,0.0,3.0,5.0,9
animal (1),z,1,3,train,0.0,5.0,5.0,9
animal (3),z,0,3,train,0.0,2.0,6.0,9
animal (2),z,1,3,train,0.0,4.0,6.0,9
animal (1),z,1,3,train,0.0,3.0,6.0,9
animal (1),z,1,3,train,0.0,1.0,7.0,9
animal (3),m,1,3,train,0.0,6.0,6.0,9
animal (2),z,1,3,train,0.0,4.0,7.0,9
animal (2),z,1,3,train,0.0,1.0,8.0,9
animal (3),m,1,3,train,0.0,3.0,7.0,9
animal (1),z,1,3,train,0.0,5.0,8.0,9
animal (3),m,1,3,train,0.0,2.0,8.0,9
animal (1),z,1,3,train,0.0,2.0,9.0,9
animal (2),z,1,3,train,0.0,5.0,9.0,9
animal (2),z,1,3,train,0.0,1.0,10.0,9
animal (3),m,1,3,train,0.0,4.0,9.0,9
animal (2),z,1,3,train,0.0,2.0,11.0,9
animal (1),z,1,3,train,0.0,5.0,10.0,9
animal (3),m,1,3,train,0.0,3.0,10.0,9
animal (1),z,1,3,train,0.0,2.0,11.0,9
fruits (6),z,1,6,train,0.0,0.0,0.0,9
fruits (1),z,0,6,train,0.0,0.0,0.0,9
fruits (5),z,0,6,train,0.0,0.0,0.0,9
fruits (4),z,1,6,train,0.0,0.0,0.0,9
fruits (2),z,0,6,train,0.0,0.0,0.0,9
fruits (3),z,1,6,train,0.0,0.0,0.0,9
fruits (3),z,1,6,train,0.0,1.0,1.0,9
fruits (6),z,1,6,train,0.0,7.0,1.0,9
fruits (4),z,1,6,train,0.0,5.0,1.0,9
fruits (5),m,1,6,train,0.0,0.0,0.0,9
fruits (1),m,1,6,train,0.0,0.0,0.0,9
fruits (2),m,1,6,train,0.0,0.0,0.0,9
fruits (1),m,1,6,train,0.0,2.0,1.0,9
fruits (3),z,1,6,train,0.0,7.0,2.0,9
fruits (2),m,1,6,train,0.0,3.0,1.0,9
fruits (6),z,1,6,train,0.0,8.0,2.0,9
fruits (5),m,1,6,train,0.0,7.0,1.0,9
fruits (4),z,1,6,train,0.0,9.0,2.0,9
fruits (5),m,1,6,train,0.0,2.0,2.0,9
fruits (2),m,1,6,train,0.0,5.0,2.0,9
fruits (6),z,1,6,train,0.0,5.0,3.0,9
fruits (1),m,1,6,train,0.0,9.0,2.0,9
fruits (4),z,1,6,train,0.0,5.0,3.0,9
fruits (3),z,1,6,train,0.0,10.0,3.0,9
fruits (6),z,1,6,train,0.0,4.0,4.0,9
fruits (5),m,1,6,train,0.0,7.0,3.0,9
fruits (2),m,1,6,train,0.0,7.0,3.0,9
fruits (3),z,1,6,train,0.0,4.0,4.0,9
fruits (4),z,1,6,train,0.0,6.0,4.0,9
fruits (1),m,1,6,train,0.0,8.0,3.0,9
fruits (6),z,1,6,train,0.0,6.0,5.0,9
fruits (3),z,1,6,train,0.0,4.0,5.0,9
fruits (4),z,1,6,train,0.0,4.0,5.0,9
fruits (1),m,1,6,train,0.0,4.0,4.0,9
fruits (2),z,0,6,train,1.0,8.0,4.0,9
fruits (5),m,1,6,train,0.0,10.0,4.0,9
fruits (2),m,1,6,train,0.0,10.0,4.0,9
fruits (3),z,1,6,train,0.0,6.0,6.0,9
fruits (5),m,1,6,train,0.0,3.0,5.0,9
fruits (4),z,1,6,train,0.0,7.0,6.0,9
fruits (1),m,1,6,train,0.0,7.0,5.0,9
fruits (6),z,1,6,train,0.0,11.0,6.0,9
fruits (2),m,1,6,train,0.0,6.0,5.0,9
fruits (1),m,1,6,train,0.0,3.0,6.0,9
fruits (4),m,0,6,train,0.0,5.0,7.0,9
fruits (3),z,1,6,train,0.0,8.0,7.0,9
fruits (5),m,1,6,train,0.0,8.0,6.0,9
fruits (6),z,1,6,train,0.0,6.0,7.0,9
fruits (3),z,1,6,train,0.0,3.0,8.0,9
fruits (2),m,1,6,train,0.0,7.0,6.0,9
fruits (6),z,1,6,train,0.0,3.0,8.0,9
fruits (1),m,1,6,train,0.0,8.0,7.0,9
fruits (4),z,1,6,train,0.0,13.0,7.0,9
fruits (5),m,1,6,train,0.0,7.0,7.0,9
fruits (2),m,1,6,train,0.0,5.0,7.0,9
fruits (6),z,1,6,train,0.0,5.0,9.0,9
fruits (3),z,1,6,train,0.0,8.0,9.0,9
fruits (1),m,1,6,train,0.0,6.0,8.0,9
fruits (4),z,1,6,train,0.0,6.0,8.0,9
fruits (5),m,1,6,train,0.0,6.0,8.0,9
fruits (3),z,1,6,train,0.0,4.0,10.0,9
fruits (5),m,1,6,train,0.0,2.0,9.0,9
fruits (2),m,1,6,train,0.0,8.0,8.0,9
fruits (6),z,1,6,train,0.0,8.0,10.0,9
fruits (1),m,1,6,train,0.0,7.0,9.0,9
fruits (4),z,1,6,train,0.0,7.0,9.0,9
fruits (5),m,1,6,train,0.0,5.0,10.0,9
fruits (2),m,1,6,train,0.0,5.0,9.0,9
fruits (1),m,1,6,train,0.0,4.0,10.0,9
fruits (4),z,1,6,train,0.0,4.0,10.0,9
fruits (3),z,1,6,train,0.0,10.0,11.0,9
fruits (6),z,1,6,train,0.0,8.0,11.0,9
fruits (5),m,1,6,train,0.0,6.0,11.0,9
fruits (1),m,1,6,train,0.0,5.0,11.0,9
fruits (2),m,1,6,train,0.0,7.0,10.0,9
fruits (4),z,1,6,train,0.0,6.0,11.0,9
fruits (3),z,1,6,train,0.0,6.0,12.0,9
fruits (6),z,1,6,train,0.0,6.0,12.0,9
tools (1),z,1,3,train,0.0,0.0,0.0,9
tools (2),z,1,3,train,0.0,0.0,0.0,9
tools (3),m,1,3,train,0.0,0.0,0.0,9
tools (1),z,1,3,train,0.0,3.0,1.0,9
tools (3),m,1,3,train,0.0,2.0,1.0,9
tools (2),z,1,3,train,0.0,4.0,1.0,9
tools (2),z,1,3,train,0.0,1.0,2.0,9
tools (3),m,1,3,train,0.0,3.0,2.0,9
tools (1),z,1,3,train,0.0,5.0,2.0,9
tools (1),z,1,3,train,0.0,1.0,3.0,9
tools (2),z,1,3,train,0.0,4.0,3.0,9
tools (3),m,1,3,train,0.0,4.0,3.0,9
tools (1),z,1,3,train,0.0,3.0,4.0,9
tools (3),m,1,3,train,0.0,2.0,4.0,9
tools (2),z,1,3,train,0.0,4.0,4.0,9
tools (2),z,1,3,train,0.0,1.0,5.0,9
tools (3),m,1,3,train,0.0,3.0,5.0,9
tools (1),z,1,3,train,0.0,5.0,5.0,9
tools (3),m,1,3,train,0.0,2.0,6.0,9
tools (2),z,1,3,train,0.0,4.0,6.0,9
tools (1),z,1,3,train,0.0,3.0,6.0,9
tools (1),z,1,3,train,0.0,1.0,7.0,9
tools (3),m,1,3,train,0.0,4.0,7.0,9
tools (2),z,1,3,train,0.0,4.0,7.0,9
tools (2),z,1,3,train,0.0,1.0,8.0,9
tools (3),m,1,3,train,0.0,3.0,8.0,9
tools (1),z,1,3,train,0.0,5.0,8.0,9
tools (3),m,1,3,train,0.0,2.0,9.0,9
tools (1),z,1,3,train,0.0,2.0,9.0,9
tools (2),m,0,3,train,0.0,5.0,9.0,9
tools (2),z,1,3,train,0.0,6.0,9.0,9
tools (3),m,1,3,train,0.0,4.0,10.0,9
tools (2),z,1,3,train,0.0,2.0,10.0,9
tools (1),z,1,3,train,0.0,5.0,10.0,9
tools (3),m,1,3,train,0.0,3.0,11.0,9
tools (1),z,1,3,train,0.0,2.0,11.0,9
clothes (6),z,1,6,train,0.0,0.0,0.0,9
clothes (1),z,0,6,train,0.0,0.0,0.0,9
clothes (5),z,0,6,train,0.0,0.0,0.0,9
clothes (4),z,1,6,train,0.0,0.0,0.0,9
clothes (2),z,0,6,train,0.0,0.0,0.0,9
clothes (3),z,1,6,train,0.0,0.0,0.0,9
clothes (3),z,1,6,train,0.0,1.0,1.0,9
clothes (6),z,1,6,train,0.0,7.0,1.0,9
clothes (4),z,1,6,train,0.0,5.0,1.0,9
clothes (5),m,1,6,train,0.0,0.0,0.0,9
clothes (1),m,1,6,train,0.0,0.0,0.0,9
clothes (2),m,1,6,train,0.0,0.0,0.0,9
clothes (1),m,1,6,train,0.0,2.0,1.0,9
clothes (3),z,1,6,train,0.0,7.0,2.0,9
clothes (2),m,1,6,train,0.0,3.0,1.0,9
clothes (6),z,1,6,train,0.0,8.0,2.0,9
clothes (5),m,1,6,train,0.0,7.0,1.0,9
clothes (4),z,1,6,train,0.0,9.0,2.0,9
clothes (5),m,1,6,train,0.0,2.0,2.0,9
clothes (2),m,1,6,train,0.0,5.0,2.0,9
clothes (6),z,1,6,train,0.0,5.0,3.0,9
clothes (1),m,1,6,train,0.0,9.0,2.0,9
clothes (4),z,1,6,train,0.0,5.0,3.0,9
clothes (3),z,1,6,train,0.0,10.0,3.0,9
clothes (6),z,1,6,train,0.0,4.0,4.0,9
clothes (5),m,1,6,train,0.0,7.0,3.0,9
clothes (2),m,1,6,train,0.0,7.0,3.0,9
clothes (3),z,1,6,train,0.0,4.0,4.0,9
clothes (4),z,1,6,train,0.0,6.0,4.0,9
clothes (1),m,1,6,train,0.0,8.0,3.0,9
clothes (6),z,1,6,train,0.0,6.0,5.0,9
clothes (3),z,1,6,train,0.0,4.0,5.0,9
clothes (4),z,1,6,train,0.0,4.0,5.0,9
clothes (1),m,1,6,train,0.0,4.0,4.0,9
clothes (2),m,1,6,train,0.0,8.0,4.0,9
clothes (5),m,1,6,train,0.0,10.0,4.0,9
clothes (2),m,1,6,train,0.0,2.0,5.0,9
clothes (3),z,1,6,train,0.0,6.0,6.0,9
clothes (5),m,1,6,train,0.0,3.0,5.0,9
clothes (4),z,1,6,train,0.0,7.0,6.0,9
clothes (1),m,1,6,train,0.0,7.0,5.0,9
clothes (6),z,1,6,train,0.0,11.0,6.0,9
clothes (2),m,1,6,train,0.0,6.0,6.0,9
clothes (1),m,1,6,train,0.0,3.0,6.0,9
clothes (4),z,1,6,train,0.0,5.0,7.0,9
clothes (3),z,1,6,train,0.0,8.0,7.0,9
clothes (5),m,1,6,train,0.0,8.0,6.0,9
clothes (6),z,1,6,train,0.0,6.0,7.0,9
clothes (3),z,1,6,train,0.0,3.0,8.0,9
clothes (2),m,1,6,train,0.0,7.0,7.0,9
clothes (6),z,1,6,train,0.0,3.0,8.0,9
clothes (1),m,1,6,train,0.0,8.0,7.0,9
clothes (4),z,1,6,train,0.0,8.0,8.0,9
clothes (5),m,1,6,train,0.0,7.0,7.0,9
clothes (2),m,1,6,train,0.0,5.0,8.0,9
clothes (6),z,1,6,train,0.0,5.0,9.0,9
clothes (3),z,1,6,train,0.0,8.0,9.0,9
clothes (1),m,1,6,train,0.0,6.0,8.0,9
clothes (4),z,1,6,train,0.0,6.0,9.0,9
clothes (5),m,1,6,train,0.0,6.0,8.0,9
clothes (3),z,1,6,train,0.0,4.0,10.0,9
clothes (5),m,1,6,train,0.0,2.0,9.0,9
clothes (2),m,1,6,train,0.0,8.0,9.0,9
clothes (6),z,1,6,train,0.0,8.0,10.0,9
clothes (1),m,1,6,train,0.0,7.0,9.0,9
clothes (4),z,1,6,train,0.0,7.0,10.0,9
clothes (5),m,1,6,train,0.0,5.0,10.0,9
clothes (2),m,1,6,train,0.0,5.0,10.0,9
clothes (1),m,1,6,train,0.0,4.0,10.0,9
clothes (4),z,1,6,train,0.0,4.0,11.0,9
clothes (3),z,1,6,train,0.0,10.0,11.0,9
clothes (6),z,1,6,train,0.0,8.0,11.0,9
clothes (5),m,1,6,train,0.0,6.0,11.0,9
clothes (1),m,1,6,train,0.0,5.0,11.0,9
clothes (2),m,1,6,train,0.0,7.0,11.0,9
clothes (4),z,1,6,train,0.0,6.0,12.0,9
clothes (3),z,1,6,train,0.0,6.0,12.0,9
clothes (6),z,1,6,train,0.0,6.0,12.0,9
face (1),z,1,3,train,0.0,0.0,0.0,9
face (2),z,1,3,train,0.0,0.0,0.0,9
face (3),m,1,3,train,0.0,0.0,0.0,9
face (1),z,1,3,train,0.0,3.0,1.0,9
face (3),m,1,3,train,0.0,2.0,1.0,9
face (2),z,1,3,train,0.0,4.0,1.0,9
face (2),z,1,3,train,0.0,1.0,2.0,9
face (3),m,1,3,train,0.0,3.0,2.0,9
face (1),z,1,3,train,0.0,5.0,2.0,9
face (1),z,1,3,train,0.0,1.0,3.0,9
face (2),z,1,3,train,0.0,4.0,3.0,9
face (3),m,1,3,train,0.0,4.0,3.0,9
face (1),z,1,3,train,0.0,3.0,4.0,9
face (3),z,0,3,train,0.0,2.0,4.0,9
face (2),z,1,3,train,0.0,4.0,4.0,9
face (2),z,1,3,train,0.0,1.0,5.0,9
face (3),m,1,3,train,0.0,5.0,4.0,9
face (1),z,1,3,train,0.0,5.0,5.0,9
face (3),m,1,3,train,0.0,2.0,5.0,9
face (2),z,1,3,train,0.0,4.0,6.0,9
face (1),z,1,3,train,0.0,3.0,6.0,9
face (1),z,1,3,train,0.0,1.0,7.0,9
face (3),m,1,3,train,0.0,4.0,6.0,9
face (2),z,1,3,train,0.0,4.0,7.0,9
face (2),z,1,3,train,0.0,1.0,8.0,9
face (3),m,1,3,train,0.0,3.0,7.0,9
face (1),z,1,3,train,0.0,5.0,8.0,9
face (3),m,1,3,train,0.0,2.0,8.0,9
face (1),z,1,3,train,0.0,2.0,9.0,9
face (2),z,1,3,train,0.0,5.0,9.0,9
face (2),z,1,3,train,0.0,1.0,10.0,9
face (3),m,1,3,train,0.0,4.0,9.0,9
face (2),z,1,3,train,0.0,2.0,11.0,9
face (1),z,1,3,train,0.0,5.0,10.0,9
face (3),m,1,3,train,0.0,3.0,10.0,9
face (1),z,1,3,train,0.0,2.0,11.0,9
color (6),z,1,6,train,0.0,0.0,0.0,9
color (1),z,0,6,train,0.0,0.0,0.0,9
color (5),z,0,6,train,0.0,0.0,0.0,9
color (4),z,1,6,train,0.0,0.0,0.0,9
color (2),z,0,6,train,0.0,0.0,0.0,9
color (3),z,1,6,train,0.0,0.0,0.0,9
color (3),z,1,6,train,0.0,1.0,1.0,9
color (6),z,1,6,train,0.0,7.0,1.0,9
color (4),z,1,6,train,0.0,5.0,1.0,9
color (5),m,1,6,train,0.0,0.0,0.0,9
color (1),m,1,6,train,0.0,0.0,0.0,9
color (2),m,1,6,train,0.0,0.0,0.0,9
color (1),m,1,6,train,0.0,2.0,1.0,9
color (3),z,1,6,train,0.0,7.0,2.0,9
color (2),m,1,6,train,0.0,3.0,1.0,9
color (6),z,1,6,train,0.0,8.0,2.0,9
color (5),m,1,6,train,0.0,7.0,1.0,9
color (4),z,1,6,train,0.0,9.0,2.0,9
color (5),m,1,6,train,0.0,2.0,2.0,9
color (2),m,1,6,train,0.0,5.0,2.0,9
color (6),z,1,6,train,0.0,5.0,3.0,9
color (1),m,1,6,train,0.0,9.0,2.0,9
color (4),z,1,6,train,0.0,5.0,3.0,9
color (3),z,1,6,train,0.0,10.0,3.0,9
color (6),z,1,6,train,0.0,4.0,4.0,9
color (5),m,1,6,train,0.0,7.0,3.0,9
color (2),m,1,6,train,0.0,7.0,3.0,9
color (3),z,1,6,train,0.0,4.0,4.0,9
color (4),z,1,6,train,0.0,6.0,4.0,9
color (1),m,1,6,train,0.0,8.0,3.0,9
color (6),z,1,6,train,0.0,6.0,5.0,9
color (3),z,1,6,train,0.0,4.0,5.0,9
color (4),z,1,6,train,0.0,4.0,5.0,9
color (1),m,1,6,train,0.0,4.0,4.0,9
color (2),m,1,6,train,0.0,8.0,4.0,9
color (5),m,1,6,train,0.0,10.0,4.0,9
color (2),m,1,6,train,0.0,2.0,5.0,9
color (3),z,1,6,train,0.0,6.0,6.0,9
color (5),m,1,6,train,0.0,3.0,5.0,9
color (4),z,1,6,train,0.0,7.0,6.0,9
color (1),m,1,6,train,0.0,7.0,5.0,9
color (6),z,1,6,train,0.0,11.0,6.0,9
color (2),z,0,6,train,1.0,6.0,6.0,9
color (1),m,1,6,train,0.0,3.0,6.0,9
color (4),z,1,6,train,0.0,5.0,7.0,9
color (3),z,1,6,train,0.0,8.0,7.0,9
color (5),m,1,6,train,0.0,8.0,6.0,9
color (6),z,1,6,train,0.0,6.0,7.0,9
color (3),z,1,6,train,0.0,3.0,8.0,9
color (2),m,1,6,train,0.0,13.0,6.0,9
color (6),z,1,6,train,0.0,3.0,8.0,9
color (1),m,1,6,train,0.0,8.0,7.0,9
color (4),z,1,6,train,0.0,8.0,8.0,9
color (5),m,1,6,train,0.0,7.0,7.0,9
color (2),m,1,6,train,0.0,5.0,7.0,9
color (6),z,1,6,train,0.0,5.0,9.0,9
color (3),z,1,6,train,0.0,8.0,9.0,9
color (1),m,1,6,train,0.0,6.0,8.0,9
color (4),z,1,6,train,0.0,6.0,9.0,9
color (5),z,0,6,train,1.0,6.0,8.0,9
color (3),z,1,6,train,0.0,4.0,10.0,9
color (5),m,1,6,train,0.0,8.0,8.0,9
color (2),m,1,6,train,0.0,8.0,8.0,9
color (6),z,1,6,train,0.0,8.0,10.0,9
color (1),m,1,6,train,0.0,7.0,9.0,9
color (4),z,1,6,train,0.0,7.0,10.0,9
color (5),m,1,6,train,0.0,5.0,9.0,9
color (2),m,1,6,train,0.0,5.0,9.0,9
color (1),m,1,6,train,0.0,4.0,10.0,9
color (4),z,1,6,train,0.0,4.0,11.0,9
color (3),z,1,6,train,0.0,10.0,11.0,9
color (6),m,0,6,train,0.0,8.0,11.0,9
color (5),m,1,6,train,0.0,6.0,10.0,9
color (1),m,1,6,train,0.0,5.0,11.0,9
color (2),m,1,6,train,0.0,7.0,10.0,9
color (4),z,1,6,train,0.0,6.0,12.0,9
color (3),m,0,6,train,0.0,6.0,12.0,9
color (6),z,1,6,train,0.0,14.0,11.0,9
symbol (1),z,0,3,train,0.0,0.0,0.0,9
symbol (2),z,0,3,train,0.0,0.0,0.0,9
symbol (3),z,1,3,train,0.0,0.0,0.0,9
symbol (1),m,1,3,train,0.0,0.0,0.0,9
symbol (3),z,1,3,train,0.0,2.0,1.0,9
symbol (2),m,1,3,train,0.0,0.0,0.0,9
symbol (2),m,1,3,train,0.0,1.0,1.0,9
symbol (3),m,0,3,train,0.0,3.0,2.0,9
symbol (1),m,1,3,train,0.0,5.0,1.0,9
symbol (1),m,1,3,train,0.0,1.0,2.0,9
symbol (2),m,1,3,train,0.0,4.0,2.0,9
symbol (3),z,1,3,train,0.0,7.0,2.0,9
symbol (1),m,1,3,train,0.0,3.0,3.0,9
symbol (3),z,1,3,train,0.0,2.0,3.0,9
symbol (2),m,1,3,train,0.0,4.0,3.0,9
symbol (2),m,1,3,train,0.0,1.0,4.0,9
symbol (3),z,1,3,train,0.0,3.0,4.0,9
symbol (1),m,1,3,train,0.0,5.0,4.0,9
symbol (3),z,1,3,train,0.0,2.0,5.0,9
symbol (2),m,1,3,train,0.0,4.0,5.0,9
symbol (1),m,1,3,train,0.0,3.0,5.0,9
symbol (1),m,1,3,train,0.0,1.0,6.0,9
symbol (3),z,1,3,train,0.0,4.0,6.0,9
symbol (2),m,1,3,train,0.0,4.0,6.0,9
symbol (2),m,1,3,train,0.0,1.0,7.0,9
symbol (3),z,1,3,train,0.0,3.0,7.0,9
symbol (1),m,1,3,train,0.0,5.0,7.0,9
symbol (3),z,1,3,train,0.0,2.0,8.0,9
symbol (1),m,1,3,train,0.0,2.0,8.0,9
symbol (2),m,1,3,train,0.0,5.0,8.0,9
symbol (2),m,1,3,train,0.0,1.0,9.0,9
symbol (3),z,1,3,train,0.0,4.0,9.0,9
symbol (2),m,1,3,train,0.0,2.0,10.0,9
symbol (1),m,1,3,train,0.0,5.0,9.0,9
symbol (3),z,1,3,train,0.0,3.0,10.0,9
symbol (1),m,1,3,train,0.0,2.0,10.0,9
environment (6),z,1,6,train,0.0,0.0,0.0,9
environment (1),z,0,6,train,0.0,0.0,0.0,9
environment (5),z,0,6,train,0.0,0.0,0.0,9
environment (4),z,1,6,train,0.0,0.0,0.0,9
environment (2),z,0,6,train,0.0,0.0,0.0,9
environment (3),z,1,6,train,0.0,0.0,0.0,9
environment (3),z,1,6,train,0.0,1.0,1.0,9
environment (6),z,1,6,train,0.0,7.0,1.0,9
environment (4),z,1,6,train,0.0,5.0,1.0,9
environment (5),m,1,6,train,0.0,0.0,0.0,9
environment (1),m,1,6,train,0.0,0.0,0.0,9
environment (2),m,1,6,train,0.0,0.0,0.0,9
environment (1),m,1,6,train,0.0,2.0,1.0,9
environment (3),z,1,6,train,0.0,7.0,2.0,9
environment (2),m,1,6,train,0.0,3.0,1.0,9
environment (6),z,1,6,train,0.0,8.0,2.0,9
environment (5),m,1,6,train,0.0,7.0,1.0,9
environment (4),z,1,6,train,0.0,9.0,2.0,9
environment (5),m,1,6,train,0.0,2.0,2.0,9
environment (2),m,1,6,train,0.0,5.0,2.0,9
environment (6),z,1,6,train,0.0,5.0,3.0,9
environment (1),z,0,6,train,1.0,9.0,2.0,9
environment (4),z,1,6,train,0.0,5.0,3.0,9
environment (3),z,1,6,train,0.0,10.0,3.0,9
environment (6),z,1,6,train,0.0,4.0,4.0,9
environment (5),m,1,6,train,0.0,7.0,3.0,9
environment (2),m,1,6,train,0.0,7.0,3.0,9
environment (3),z,1,6,train,0.0,4.0,4.0,9
environment (4),z,1,6,train,0.0,6.0,4.0,9
environment (1),m,1,6,train,0.0,17.0,2.0,9
environment (6),z,1,6,train,0.0,6.0,5.0,9
environment (3),z,1,6,train,0.0,4.0,5.0,9
environment (4),z,1,6,train,0.0,4.0,5.0,9
environment (1),m,1,6,train,0.0,4.0,3.0,9
environment (2),m,1,6,train,0.0,8.0,4.0,9
environment (5),m,1,6,train,0.0,10.0,4.0,9
environment (2),m,1,6,train,0.0,2.0,5.0,9
environment (3),z,1,6,train,0.0,6.0,6.0,9
environment (5),m,1,6,train,0.0,3.0,5.0,9
environment (4),z,1,6,train,0.0,7.0,6.0,9
environment (1),m,1,6,train,0.0,7.0,4.0,9
environment (6),z,1,6,train,0.0,11.0,6.0,9
environment (2),m,1,6,train,0.0,6.0,6.0,9
environment (1),m,1,6,train,0.0,3.0,5.0,9
environment (4),z,1,6,train,0.0,5.0,7.0,9
environment (3),z,1,6,train,0.0,8.0,7.0,9
environment (5),m,1,6,train,0.0,8.0,6.0,9
environment (6),z,1,6,train,0.0,6.0,7.0,9
environment (3),z,1,6,train,0.0,3.0,8.0,9
environment (2),m,1,6,train,0.0,7.0,7.0,9
environment (6),z,1,6,train,0.0,3.0,8.0,9
environment (1),m,1,6,train,0.0,8.0,6.0,9
environment (4),z,1,6,train,0.0,8.0,8.0,9
environment (5),m,1,6,train,0.0,7.0,7.0,9
environment (2),m,1,6,train,0.0,5.0,8.0,9
environment (6),z,1,6,train,0.0,5.0,9.0,9
environment (3),z,1,6,train,0.0,8.0,9.0,9
environment (1),m,1,6,train,0.0,6.0,7.0,9
environment (4),z,1,6,train,0.0,6.0,9.0,9
environment (5),m,1,6,train,0.0,6.0,8.0,9
environment (3),z,1,6,train,0.0,4.0,10.0,9
environment (5),m,1,6,train,0.0,2.0,9.0,9
environment (2),m,1,6,train,0.0,8.0,9.0,9
environment (6),z,1,6,train,0.0,8.0,10.0,9
environment (1),m,1,6,train,0.0,7.0,8.0,9
environment (4),z,1,6,train,0.0,7.0,10.0,9
environment (5),m,1,6,train,0.0,5.0,10.0,9
environment (2),m,1,6,train,0.0,5.0,10.0,9
environment (1),m,1,6,train,0.0,4.0,9.0,9
environment (4),z,1,6,train,0.0,4.0,11.0,9
environment (3),z,1,6,train,0.0,10.0,11.0,9
environment (6),z,1,6,train,0.0,8.0,11.0,9
environment (5),m,1,6,train,0.0,6.0,11.0,9
environment (1),m,1,6,train,0.0,5.0,10.0,9
environment (2),m,1,6,train,0.0,7.0,11.0,9
environment (4),z,1,6,train,0.0,6.0,12.0,9
environment (3),z,1,6,train,0.0,6.0,12.0,9
environment (6),z,1,6,train,0.0,6.0,12.0,9
vehicle (1),z,0,3,train,0.0,0.0,0.0,9
vehicle (2),z,0,3,train,0.0,0.0,0.0,9
vehicle (3),m,0,3,train,0.0,0.0,0.0,9
vehicle (1),m,1,3,train,0.0,0.0,0.0,9
vehicle (3),m,0,3,train,1.0,0.0,0.0,9
vehicle (2),m,1,3,train,0.0,0.0,0.0,9
vehicle (2),m,1,3,train,0.0,1.0,1.0,9
vehicle (3),z,1,3,train,0.0,0.0,0.0,9
vehicle (1),m,1,3,train,0.0,5.0,1.0,9
vehicle (1),m,1,3,train,0.0,1.0,2.0,9
vehicle (2),m,1,3,train,0.0,4.0,2.0,9
vehicle (3),z,1,3,train,0.0,4.0,1.0,9
vehicle (1),m,1,3,train,0.0,3.0,3.0,9
vehicle (3),z,1,3,train,0.0,2.0,2.0,9
vehicle (2),m,1,3,train,0.0,4.0,3.0,9
vehicle (2),m,1,3,train,0.0,1.0,4.0,9
vehicle (3),z,1,3,train,0.0,3.0,3.0,9
vehicle (1),m,1,3,train,0.0,5.0,4.0,9
vehicle (3),z,1,3,train,0.0,2.0,4.0,9
vehicle (2),m,1,3,train,0.0,4.0,5.0,9
vehicle (1),m,1,3,train,0.0,3.0,5.0,9
vehicle (1),z,0,3,train,1.0,1.0,6.0,9
vehicle (3),z,1,3,train,0.0,4.0,5.0,9
vehicle (2),m,1,3,train,0.0,4.0,6.0,9
vehicle (2),m,1,3,train,0.0,1.0,7.0,9
vehicle (3),z,1,3,train,0.0,3.0,6.0,9
vehicle (1),m,1,3,train,0.0,6.0,6.0,9
vehicle (3),z,1,3,train,0.0,2.0,7.0,9
vehicle (1),m,1,3,train,0.0,2.0,7.0,9
vehicle (2),m,1,3,train,0.0,5.0,8.0,9
vehicle (2),m,1,3,train,0.0,1.0,9.0,9
vehicle (3),z,1,3,train,0.0,4.0,8.0,9
vehicle (2),m,1,3,train,0.0,2.0,10.0,9
vehicle (1),m,1,3,train,0.0,5.0,8.0,9
vehicle (3),z,1,3,train,0.0,3.0,9.0,9
vehicle (1),m,1,3,train,0.0,2.0,9.0,9
instrument (1),m,1,3,train,0.0,0.0,0.0,9
instrument (2),m,1,3,train,0.0,0.0,0.0,9
instrument (3),z,1,3,train,0.0,0.0,0.0,9
instrument (1),m,1,3,train,0.0,3.0,1.0,9
instrument (3),z,1,3,train,0.0,2.0,1.0,9
instrument (2),m,1,3,train,0.0,4.0,1.0,9
instrument (2),m,1,3,train,0.0,1.0,2.0,9
instrument (3),m,0,3,train,0.0,3.0,2.0,9
instrument (1),m,1,3,train,0.0,5.0,2.0,9
instrument (1),m,1,3,train,0.0,1.0,3.0,9
instrument (2),m,1,3,train,0.0,4.0,3.0,9
instrument (3),z,1,3,train,0.0,7.0,2.0,9
instrument (1),m,1,3,train,0.0,3.0,4.0,9
instrument (3),z,1,3,train,0.0,2.0,3.0,9
instrument (2),m,1,3,train,0.0,4.0,4.0,9
instrument (2),m,1,3,train,0.0,1.0,5.0,9
instrument (3),z,1,3,train,0.0,3.0,4.0,9
instrument (1),m,1,3,train,0.0,5.0,5.0,9
instrument (3),z,1,3,train,0.0,2.0,5.0,9
instrument (2),m,1,3,train,0.0,4.0,6.0,9
instrument (1),m,1,3,train,0.0,3.0,6.0,9
instrument (1),m,1,3,train,0.0,1.0,7.0,9
instrument (3),z,1,3,train,0.0,4.0,6.0,9
instrument (2),m,1,3,train,0.0,4.0,7.0,9
instrument (2),m,1,3,train,0.0,1.0,8.0,9
instrument (3),z,1,3,train,0.0,3.0,7.0,9
instrument (1),m,1,3,train,0.0,5.0,8.0,9
instrument (3),z,1,3,train,0.0,2.0,8.0,9
instrument (1),m,1,3,train,0.0,2.0,9.0,9
instrument (2),m,1,3,train,0.0,5.0,9.0,9
instrument (2),m,1,3,train,0.0,1.0,10.0,9
instrument (3),z,1,3,train,0.0,4.0,9.0,9
instrument (2),m,1,3,train,0.0,2.0,11.0,9
instrument (1),m,1,3,train,0.0,5.0,10.0,9
instrument (3),z,1,3,train,0.0,3.0,10.0,9
instrument (1),m,1,3,train,0.0,2.0,11.0,9
jungle2,m,0,3,train,0.0,0.0,0.0,10
jungle1,z,1,3,train,0.0,0.0,0.0,10
jungle3,m,1,3,train,0.0,0.0,0.0,10
jungle1,z,1,3,train,0.0,2.0,1.0,10
jungle3,m,1,3,train,0.0,2.0,1.0,10
jungle2,m,0,3,train,1.0,0.0,0.0,10
jungle3,m,1,3,train,0.0,2.0,2.0,10
jungle2,z,1,3,train,0.0,0.0,0.0,10
jungle1,m,0,3,train,0.0,5.0,2.0,10
jungle1,z,1,3,train,0.0,6.0,2.0,10
jungle2,z,1,3,train,0.0,3.0,1.0,10
jungle3,m,1,3,train,0.0,5.0,3.0,10
jungle3,m,1,3,train,0.0,1.0,4.0,10
jungle1,z,1,3,train,0.0,4.0,3.0,10
jungle2,m,0,3,train,1.0,4.0,2.0,10
jungle3,z,0,3,train,0.0,3.0,5.0,10
jungle1,z,1,3,train,0.0,3.0,4.0,10
jungle2,z,1,3,train,0.0,7.0,2.0,10
jungle1,z,1,3,train,0.0,2.0,5.0,10
jungle3,m,1,3,train,0.0,7.0,5.0,10
jungle2,z,1,3,train,0.0,3.0,3.0,10
jungle3,m,1,3,train,0.0,2.0,6.0,10
jungle2,z,1,3,train,0.0,2.0,4.0,10
jungle1,m,0,3,train,1.0,5.0,6.0,10
jungle2,m,0,3,train,1.0,2.0,5.0,10
jungle3,m,1,3,train,0.0,4.0,7.0,10
jungle1,z,1,3,train,0.0,8.0,6.0,10
jungle1,z,1,3,train,0.0,1.0,7.0,10
jungle2,z,1,3,train,0.0,6.0,5.0,10
jungle3,m,1,3,train,0.0,4.0,8.0,10
jungle2,z,1,3,train,0.0,2.0,6.0,10
jungle3,m,1,3,train,0.0,2.0,9.0,10
jungle1,z,1,3,train,0.0,5.0,8.0,10
jungle2,z,1,3,train,0.0,3.0,7.0,10
jungle1,z,1,3,train,0.0,2.0,9.0,10
jungle3,m,1,3,train,0.0,4.0,10.0,10
vegan (6),m,0,6,train,0.0,0.0,0.0,10
vegan (1),m,1,6,train,0.0,0.0,0.0,10
vegan (5),m,1,6,train,0.0,0.0,0.0,10
vegan (4),z,1,6,train,0.0,0.0,0.0,10
vegan (2),z,0,6,train,0.0,0.0,0.0,10
vegan (3),z,1,6,train,0.0,0.0,0.0,10
vegan (3),z,1,6,train,0.0,1.0,1.0,10
vegan (6),m,0,6,train,1.0,0.0,0.0,10
vegan (4),z,1,6,train,0.0,5.0,1.0,10
vegan (5),m,1,6,train,0.0,7.0,1.0,10
vegan (1),m,1,6,train,0.0,9.0,1.0,10
vegan (2),z,0,6,train,1.0,0.0,0.0,10
vegan (1),m,1,6,train,0.0,2.0,2.0,10
vegan (3),z,1,6,train,0.0,7.0,2.0,10
vegan (2),m,1,6,train,0.0,0.0,0.0,10
vegan (6),z,1,6,train,0.0,0.0,0.0,10
vegan (5),m,1,6,train,0.0,7.0,2.0,10
vegan (4),z,1,6,train,0.0,9.0,2.0,10
vegan (5),m,1,6,train,0.0,2.0,3.0,10
vegan (2),m,1,6,train,0.0,5.0,1.0,10
vegan (6),z,1,6,train,0.0,5.0,1.0,10
vegan (1),m,1,6,train,0.0,9.0,3.0,10
vegan (4),z,1,6,train,0.0,5.0,3.0,10
vegan (3),z,1,6,train,0.0,10.0,3.0,10
vegan (6),z,1,6,train,0.0,4.0,2.0,10
vegan (5),m,1,6,train,0.0,7.0,4.0,10
vegan (2),m,1,6,train,0.0,7.0,2.0,10
vegan (3),z,1,6,train,0.0,4.0,4.0,10
vegan (4),z,1,6,train,0.0,6.0,4.0,10
vegan (1),m,1,6,train,0.0,8.0,4.0,10
vegan (6),z,1,6,train,0.0,6.0,3.0,10
vegan (3),z,1,6,train,0.0,4.0,5.0,10
vegan (4),z,1,6,train,0.0,4.0,5.0,10
vegan (1),m,1,6,train,0.0,4.0,5.0,10
vegan (2),z,0,6,train,1.0,8.0,3.0,10
vegan (5),m,1,6,train,0.0,10.0,5.0,10
vegan (2),m,1,6,train,0.0,10.0,3.0,10
vegan (3),z,1,6,train,0.0,6.0,6.0,10
vegan (5),m,1,6,train,0.0,3.0,6.0,10
vegan (4),z,1,6,train,0.0,7.0,6.0,10
vegan (1),m,1,6,train,0.0,7.0,6.0,10
vegan (6),z,1,6,train,0.0,11.0,4.0,10
vegan (2),m,1,6,train,0.0,6.0,4.0,10
vegan (1),m,1,6,train,0.0,3.0,7.0,10
vegan (4),z,1,6,train,0.0,5.0,7.0,10
vegan (3),z,1,6,train,0.0,8.0,7.0,10
vegan (5),m,1,6,train,0.0,8.0,7.0,10
vegan (6),z,1,6,train,0.0,6.0,5.0,10
vegan (3),z,1,6,train,0.0,3.0,8.0,10
vegan (2),m,1,6,train,0.0,7.0,5.0,10
vegan (6),z,1,6,train,0.0,3.0,6.0,10
vegan (1),z,0,6,train,0.0,8.0,8.0,10
vegan (4),z,1,6,train,0.0,8.0,8.0,10
vegan (5),m,1,6,train,0.0,7.0,8.0,10
vegan (2),m,1,6,train,0.0,5.0,6.0,10
vegan (6),z,1,6,train,0.0,5.0,7.0,10
vegan (3),z,1,6,train,0.0,8.0,9.0,10
vegan (1),m,1,6,train,0.0,14.0,8.0,10
vegan (4),z,1,6,train,0.0,6.0,9.0,10
vegan (5),m,1,6,train,0.0,6.0,9.0,10
vegan (3),z,1,6,train,0.0,4.0,10.0,10
vegan (5),m,1,6,train,0.0,2.0,10.0,10
vegan (2),m,1,6,train,0.0,8.0,7.0,10
vegan (6),z,1,6,train,0.0,8.0,8.0,10
vegan (1),m,1,6,train,0.0,7.0,9.0,10
vegan (4),z,1,6,train,0.0,7.0,10.0,10
vegan (5),m,1,6,train,0.0,5.0,11.0,10
vegan (2),m,1,6,train,0.0,5.0,8.0,10
vegan (1),m,1,6,train,0.0,4.0,10.0,10
vegan (4),z,1,6,train,0.0,4.0,11.0,10
vegan (3),z,1,6,train,0.0,10.0,11.0,10
vegan (6),z,1,6,train,0.0,8.0,9.0,10
vegan (5),m,1,6,train,0.0,6.0,12.0,10
vegan (1),m,1,6,train,0.0,5.0,11.0,10
vegan (2),m,1,6,train,0.0,7.0,9.0,10
vegan (4),z,1,6,train,0.0,6.0,12.0,10
vegan (3),z,1,6,train,0.0,6.0,12.0,10
vegan (6),z,1,6,train,0.0,6.0,10.0,10
animal (1),m,0,3,train,0.0,0.0,0.0,10
animal (2),m,0,3,train,0.0,0.0,0.0,10
animal (3),m,1,3,train,0.0,0.0,0.0,10
animal (1),z,1,3,train,0.0,0.0,0.0,10
animal (3),m,1,3,train,0.0,2.0,1.0,10
animal (2),z,1,3,train,0.0,0.0,0.0,10
animal (2),z,1,3,train,0.0,1.0,1.0,10
animal (3),m,1,3,train,0.0,3.0,2.0,10
animal (1),m,0,3,train,1.0,5.0,1.0,10
animal (1),z,1,3,train,0.0,6.0,1.0,10
animal (2),z,1,3,train,0.0,4.0,2.0,10
animal (3),m,1,3,train,0.0,4.0,3.0,10
animal (1),z,1,3,train,0.0,3.0,2.0,10
animal (3),m,1,3,train,0.0,2.0,4.0,10
animal (2),z,1,3,train,0.0,4.0,3.0,10
animal (2),z,1,3,train,0.0,1.0,4.0,10
animal (3),m,1,3,train,0.0,3.0,5.0,10
animal (1),z,1,3,train,0.0,5.0,3.0,10
animal (3),z,0,3,train,0.0,2.0,6.0,10
animal (2),z,1,3,train,0.0,4.0,5.0,10
animal (1),z,1,3,train,0.0,3.0,4.0,10
animal (1),z,1,3,train,0.0,1.0,5.0,10
animal (3),m,1,3,train,0.0,6.0,6.0,10
animal (2),z,1,3,train,0.0,4.0,6.0,10
animal (2),z,1,3,train,0.0,1.0,7.0,10
animal (3),m,1,3,train,0.0,3.0,7.0,10
animal (1),z,1,3,train,0.0,5.0,6.0,10
animal (3),m,1,3,train,0.0,2.0,8.0,10
animal (1),z,1,3,train,0.0,2.0,7.0,10
animal (2),m,0,3,train,1.0,5.0,8.0,10
animal (2),z,1,3,train,0.0,6.0,8.0,10
animal (3),m,1,3,train,0.0,4.0,9.0,10
animal (2),z,1,3,train,0.0,2.0,9.0,10
animal (1),z,1,3,train,0.0,5.0,8.0,10
animal (3),m,1,3,train,0.0,3.0,10.0,10
animal (1),z,1,3,train,0.0,2.0,9.0,10
fruits (6),m,0,6,train,0.0,0.0,0.0,10
fruits (1),z,0,6,train,0.0,0.0,0.0,10
fruits (5),m,1,6,train,0.0,0.0,0.0,10
fruits (4),m,0,6,train,0.0,0.0,0.0,10
fruits (2),m,1,6,train,0.0,0.0,0.0,10
fruits (3),m,0,6,train,0.0,0.0,0.0,10
fruits (3),z,1,6,train,0.0,0.0,0.0,10
fruits (6),m,0,6,train,1.0,0.0,0.0,10
fruits (4),z,1,6,train,0.0,0.0,0.0,10
fruits (5),z,0,6,train,0.0,7.0,1.0,10
fruits (1),m,1,6,train,0.0,0.0,0.0,10
fruits (2),z,0,6,train,0.0,7.0,1.0,10
fruits (1),m,1,6,train,0.0,2.0,1.0,10
fruits (3),z,1,6,train,0.0,7.0,1.0,10
fruits (2),m,1,6,train,0.0,10.0,1.0,10
fruits (6),m,0,6,train,1.0,0.0,0.0,10
fruits (5),m,1,6,train,0.0,14.0,1.0,10
fruits (4),z,1,6,train,0.0,9.0,1.0,10
fruits (5),m,1,6,train,0.0,2.0,2.0,10
fruits (2),m,1,6,train,0.0,5.0,2.0,10
fruits (6),z,1,6,train,0.0,0.0,0.0,10
fruits (1),m,1,6,train,0.0,9.0,2.0,10
fruits (4),z,1,6,train,0.0,5.0,2.0,10
fruits (3),z,1,6,train,0.0,10.0,2.0,10
fruits (6),z,1,6,train,0.0,4.0,1.0,10
fruits (5),m,1,6,train,0.0,7.0,3.0,10
fruits (2),m,1,6,train,0.0,7.0,3.0,10
fruits (3),z,1,6,train,0.0,4.0,3.0,10
fruits (4),z,1,6,train,0.0,6.0,3.0,10
fruits (1),m,1,6,train,0.0,8.0,3.0,10
fruits (6),z,1,6,train,0.0,6.0,2.0,10
fruits (3),z,1,6,train,0.0,4.0,4.0,10
fruits (4),m,0,6,train,1.0,4.0,4.0,10
fruits (1),m,1,6,train,0.0,4.0,4.0,10
fruits (2),m,1,6,train,0.0,8.0,4.0,10
fruits (5),m,1,6,train,0.0,10.0,4.0,10
fruits (2),m,1,6,train,0.0,2.0,5.0,10
fruits (3),z,1,6,train,0.0,6.0,5.0,10
fruits (5),m,1,6,train,0.0,3.0,5.0,10
fruits (4),z,1,6,train,0.0,11.0,4.0,10
fruits (1),m,1,6,train,0.0,7.0,5.0,10
fruits (6),z,1,6,train,0.0,11.0,3.0,10
fruits (2),m,1,6,train,0.0,6.0,6.0,10
fruits (1),m,1,6,train,0.0,3.0,6.0,10
fruits (4),z,1,6,train,0.0,5.0,5.0,10
fruits (3),z,1,6,train,0.0,8.0,6.0,10
fruits (5),m,1,6,train,0.0,8.0,6.0,10
fruits (6),z,1,6,train,0.0,6.0,4.0,10
fruits (3),z,1,6,train,0.0,3.0,7.0,10
fruits (2),m,1,6,train,0.0,7.0,7.0,10
fruits (6),z,1,6,train,0.0,3.0,5.0,10
fruits (1),m,1,6,train,0.0,8.0,7.0,10
fruits (4),z,1,6,train,0.0,8.0,6.0,10
fruits (5),m,1,6,train,0.0,7.0,7.0,10
fruits (2),m,1,6,train,0.0,5.0,8.0,10
fruits (6),z,1,6,train,0.0,5.0,6.0,10
fruits (3),z,1,6,train,0.0,8.0,8.0,10
fruits (1),m,1,6,train,0.0,6.0,8.0,10
fruits (4),z,1,6,train,0.0,6.0,7.0,10
fruits (5),m,1,6,train,0.0,6.0,8.0,10
fruits (3),z,1,6,train,0.0,4.0,9.0,10
fruits (5),m,1,6,train,0.0,2.0,9.0,10
fruits (2),m,1,6,train,0.0,8.0,9.0,10
fruits (6),z,1,6,train,0.0,8.0,7.0,10
fruits (1),m,1,6,train,0.0,7.0,9.0,10
fruits (4),z,1,6,train,0.0,7.0,8.0,10
fruits (5),m,1,6,train,0.0,5.0,10.0,10
fruits (2),m,1,6,train,0.0,5.0,10.0,10
fruits (1),m,1,6,train,0.0,4.0,10.0,10
fruits (4),z,1,6,train,0.0,4.0,9.0,10
fruits (3),z,1,6,train,0.0,10.0,10.0,10
fruits (6),z,1,6,train,0.0,8.0,8.0,10
fruits (5),m,1,6,train,0.0,6.0,11.0,10
fruits (1),m,1,6,train,0.0,5.0,11.0,10
fruits (2),m,1,6,train,0.0,7.0,11.0,10
fruits (4),z,1,6,train,0.0,6.0,10.0,10
fruits (3),z,1,6,train,0.0,6.0,11.0,10
fruits (6),z,1,6,train,0.0,6.0,9.0,10
tools (1),m,0,3,train,0.0,0.0,0.0,10
tools (2),m,0,3,train,0.0,0.0,0.0,10
tools (3),m,1,3,train,0.0,0.0,0.0,10
tools (1),z,1,3,train,0.0,0.0,0.0,10
tools (3),m,1,3,train,0.0,2.0,1.0,10
tools (2),z,1,3,train,0.0,0.0,0.0,10
tools (2),z,1,3,train,0.0,1.0,1.0,10
tools (3),m,1,3,train,0.0,3.0,2.0,10
tools (1),z,1,3,train,0.0,5.0,1.0,10
tools (1),z,1,3,train,0.0,1.0,2.0,10
tools (2),z,1,3,train,0.0,4.0,2.0,10
tools (3),m,1,3,train,0.0,4.0,3.0,10
tools (1),z,1,3,train,0.0,3.0,3.0,10
tools (3),m,1,3,train,0.0,2.0,4.0,10
tools (2),z,1,3,train,0.0,4.0,3.0,10
tools (2),z,1,3,train,0.0,1.0,4.0,10
tools (3),m,1,3,train,0.0,3.0,5.0,10
tools (1),z,1,3,train,0.0,5.0,4.0,10
tools (3),m,1,3,train,0.0,2.0,6.0,10
tools (2),z,1,3,train,0.0,4.0,5.0,10
tools (1),z,1,3,train,0.0,3.0,5.0,10
tools (1),z,1,3,train,0.0,1.0,6.0,10
tools (3),m,1,3,train,0.0,4.0,7.0,10
tools (2),z,1,3,train,0.0,4.0,6.0,10
tools (2),z,1,3,train,0.0,1.0,7.0,10
tools (3),m,1,3,train,0.0,3.0,8.0,10
tools (1),z,1,3,train,0.0,5.0,7.0,10
tools (3),m,1,3,train,0.0,2.0,9.0,10
tools (1),z,1,3,train,0.0,2.0,8.0,10
tools (2),m,0,3,train,1.0,5.0,8.0,10
tools (2),z,1,3,train,0.0,6.0,8.0,10
tools (3),m,1,3,train,0.0,4.0,10.0,10
tools (2),z,1,3,train,0.0,2.0,9.0,10
tools (1),z,1,3,train,0.0,5.0,9.0,10
tools (3),m,1,3,train,0.0,3.0,11.0,10
tools (1),m,0,3,train,1.0,2.0,10.0,10
clothes (6),m,0,6,train,0.0,0.0,0.0,10
clothes (1),m,1,6,train,0.0,0.0,0.0,10
clothes (5),m,1,6,train,0.0,0.0,0.0,10
clothes (4),m,0,6,train,0.0,0.0,0.0,10
clothes (2),m,1,6,train,0.0,0.0,0.0,10
clothes (3),z,1,6,train,0.0,0.0,0.0,10
clothes (3),z,1,6,train,0.0,1.0,1.0,10
clothes (6),z,1,6,train,0.0,0.0,0.0,10
clothes (4),z,1,6,train,0.0,0.0,0.0,10
clothes (5),m,1,6,train,0.0,7.0,1.0,10
clothes (1),m,1,6,train,0.0,9.0,1.0,10
clothes (2),m,1,6,train,0.0,7.0,1.0,10
clothes (1),m,1,6,train,0.0,2.0,2.0,10
clothes (3),z,1,6,train,0.0,7.0,2.0,10
clothes (2),m,1,6,train,0.0,3.0,2.0,10
clothes (6),z,1,6,train,0.0,8.0,1.0,10
clothes (5),m,1,6,train,0.0,7.0,2.0,10
clothes (4),z,1,6,train,0.0,9.0,1.0,10
clothes (5),m,1,6,train,0.0,2.0,3.0,10
clothes (2),m,1,6,train,0.0,5.0,3.0,10
clothes (6),z,1,6,train,0.0,5.0,2.0,10
clothes (1),m,1,6,train,0.0,9.0,3.0,10
clothes (4),z,1,6,train,0.0,5.0,2.0,10
clothes (3),z,1,6,train,0.0,10.0,3.0,10
clothes (6),z,1,6,train,0.0,4.0,3.0,10
clothes (5),m,1,6,train,0.0,7.0,4.0,10
clothes (2),m,1,6,train,0.0,7.0,4.0,10
clothes (3),z,1,6,train,0.0,4.0,4.0,10
clothes (4),z,1,6,train,0.0,6.0,3.0,10
clothes (1),m,1,6,train,0.0,8.0,4.0,10
clothes (6),z,1,6,train,0.0,6.0,4.0,10
clothes (3),z,1,6,train,0.0,4.0,5.0,10
clothes (4),z,1,6,train,0.0,4.0,4.0,10
clothes (1),m,1,6,train,0.0,4.0,5.0,10
clothes (2),m,1,6,train,0.0,8.0,5.0,10
clothes (5),m,1,6,train,0.0,10.0,5.0,10
clothes (2),m,1,6,train,0.0,2.0,6.0,10
clothes (3),z,1,6,train,0.0,6.0,6.0,10
clothes (5),m,1,6,train,0.0,3.0,6.0,10
clothes (4),z,1,6,train,0.0,7.0,5.0,10
clothes (1),m,1,6,train,0.0,7.0,6.0,10
clothes (6),z,1,6,train,0.0,11.0,5.0,10
clothes (2),m,1,6,train,0.0,6.0,7.0,10
clothes (1),m,1,6,train,0.0,3.0,7.0,10
clothes (4),z,1,6,train,0.0,5.0,6.0,10
clothes (3),z,1,6,train,0.0,8.0,7.0,10
clothes (5),m,1,6,train,0.0,8.0,7.0,10
clothes (6),z,1,6,train,0.0,6.0,6.0,10
clothes (3),z,1,6,train,0.0,3.0,8.0,10
clothes (2),m,1,6,train,0.0,7.0,8.0,10
clothes (6),z,1,6,train,0.0,3.0,7.0,10
clothes (1),m,1,6,train,0.0,8.0,8.0,10
clothes (4),z,1,6,train,0.0,8.0,7.0,10
clothes (5),m,1,6,train,0.0,7.0,8.0,10
clothes (2),m,1,6,train,0.0,5.0,9.0,10
clothes (6),z,1,6,train,0.0,5.0,8.0,10
clothes (3),z,1,6,train,0.0,8.0,9.0,10
clothes (1),m,1,6,train,0.0,6.0,9.0,10
clothes (4),z,1,6,train,0.0,6.0,8.0,10
clothes (5),m,1,6,train,0.0,6.0,9.0,10
clothes (3),z,1,6,train,0.0,4.0,10.0,10
clothes (5),m,1,6,train,0.0,2.0,10.0,10
clothes (2),m,1,6,train,0.0,8.0,10.0,10
clothes (6),z,1,6,train,0.0,8.0,9.0,10
clothes (1),m,1,6,train,0.0,7.0,10.0,10
clothes (4),z,1,6,train,0.0,7.0,9.0,10
clothes (5),m,1,6,train,0.0,5.0,11.0,10
clothes (2),m,1,6,train,0.0,5.0,11.0,10
clothes (1),m,1,6,train,0.0,4.0,11.0,10
clothes (4),z,1,6,train,0.0,4.0,10.0,10
clothes (3),z,1,6,train,0.0,10.0,11.0,10
clothes (6),z,1,6,train,0.0,8.0,10.0,10
clothes (5),m,1,6,train,0.0,6.0,12.0,10
clothes (1),m,1,6,train,0.0,5.0,12.0,10
clothes (2),m,1,6,train,0.0,7.0,12.0,10
clothes (4),z,1,6,train,0.0,6.0,11.0,10
clothes (3),z,1,6,train,0.0,6.0,12.0,10
clothes (6),z,1,6,train,0.0,6.0,11.0,10
face (1),m,0,3,train,0.0,0.0,0.0,10
face (2),m,0,3,train,0.0,0.0,0.0,10
face (3),z,0,3,train,0.0,0.0,0.0,10
face (1),z,1,3,train,0.0,0.0,0.0,10
face (3),m,1,3,train,0.0,0.0,0.0,10
face (2),z,1,3,train,0.0,0.0,0.0,10
face (2),z,1,3,train,0.0,1.0,1.0,10
face (3),m,1,3,train,0.0,3.0,1.0,10
face (1),z,1,3,train,0.0,5.0,1.0,10
face (1),z,1,3,train,0.0,1.0,2.0,10
face (2),z,1,3,train,0.0,4.0,2.0,10
face (3),m,1,3,train,0.0,4.0,2.0,10
face (1),z,1,3,train,0.0,3.0,3.0,10
face (3),m,1,3,train,0.0,2.0,3.0,10
face (2),z,1,3,train,0.0,4.0,3.0,10
face (2),z,1,3,train,0.0,1.0,4.0,10
face (3),m,1,3,train,0.0,3.0,4.0,10
face (1),z,1,3,train,0.0,5.0,4.0,10
face (3),m,1,3,train,0.0,2.0,5.0,10
face (2),z,1,3,train,0.0,4.0,5.0,10
face (1),z,1,3,train,0.0,3.0,5.0,10
face (1),z,1,3,train,0.0,1.0,6.0,10
face (3),m,1,3,train,0.0,4.0,6.0,10
face (2),z,1,3,train,0.0,4.0,6.0,10
face (2),z,1,3,train,0.0,1.0,7.0,10
face (3),m,1,3,train,0.0,3.0,7.0,10
face (1),z,1,3,train,0.0,5.0,7.0,10
face (3),m,1,3,train,0.0,2.0,8.0,10
face (1),z,1,3,train,0.0,2.0,8.0,10
face (2),z,1,3,train,0.0,5.0,8.0,10
face (2),z,1,3,train,0.0,1.0,9.0,10
face (3),m,1,3,train,0.0,4.0,9.0,10
face (2),z,1,3,train,0.0,2.0,10.0,10
face (1),z,1,3,train,0.0,5.0,9.0,10
face (3),m,1,3,train,0.0,3.0,10.0,10
face (1),z,1,3,train,0.0,2.0,10.0,10
color (6),m,0,6,train,0.0,0.0,0.0,10
color (1),m,1,6,train,0.0,0.0,0.0,10
color (5),m,1,6,train,0.0,0.0,0.0,10
color (4),m,0,6,train,0.0,0.0,0.0,10
color (2),m,1,6,train,0.0,0.0,0.0,10
color (3),z,1,6,train,0.0,0.0,0.0,10
color (3),z,1,6,train,0.0,1.0,1.0,10
color (6),z,1,6,train,0.0,0.0,0.0,10
color (4),z,1,6,train,0.0,0.0,0.0,10
color (5),m,1,6,train,0.0,7.0,1.0,10
color (1),m,1,6,train,0.0,9.0,1.0,10
color (2),m,1,6,train,0.0,7.0,1.0,10
color (1),m,1,6,train,0.0,2.0,2.0,10
color (3),z,1,6,train,0.0,7.0,2.0,10
color (2),z,0,6,train,0.0,3.0,2.0,10
color (6),z,1,6,train,0.0,8.0,1.0,10
color (5),m,1,6,train,0.0,7.0,2.0,10
color (4),z,1,6,train,0.0,9.0,1.0,10
color (5),m,1,6,train,0.0,2.0,3.0,10
color (2),m,1,6,train,0.0,8.0,2.0,10
color (6),z,1,6,train,0.0,5.0,2.0,10
color (1),m,1,6,train,0.0,9.0,3.0,10
color (4),z,1,6,train,0.0,5.0,2.0,10
color (3),z,1,6,train,0.0,10.0,3.0,10
color (6),z,1,6,train,0.0,4.0,3.0,10
color (5),z,0,6,train,0.0,7.0,4.0,10
color (2),m,1,6,train,0.0,7.0,3.0,10
color (3),z,1,6,train,0.0,4.0,4.0,10
color (4),z,1,6,train,0.0,6.0,3.0,10
color (1),m,1,6,train,0.0,8.0,4.0,10
color (6),z,1,6,train,0.0,6.0,4.0,10
color (3),z,1,6,train,0.0,4.0,5.0,10
color (4),z,1,6,train,0.0,4.0,4.0,10
color (1),m,1,6,train,0.0,4.0,5.0,10
color (2),m,1,6,train,0.0,8.0,4.0,10
color (5),m,1,6,train,0.0,17.0,4.0,10
color (2),m,1,6,train,0.0,2.0,5.0,10
color (3),z,1,6,train,0.0,6.0,6.0,10
color (5),m,1,6,train,0.0,3.0,5.0,10
color (4),z,1,6,train,0.0,7.0,5.0,10
color (1),m,1,6,train,0.0,7.0,6.0,10
color (6),z,1,6,train,0.0,11.0,5.0,10
color (2),m,1,6,train,0.0,6.0,6.0,10
color (1),m,1,6,train,0.0,3.0,7.0,10
color (4),z,1,6,train,0.0,5.0,6.0,10
color (3),z,1,6,train,0.0,8.0,7.0,10
color (5),m,1,6,train,0.0,8.0,6.0,10
color (6),z,1,6,train,0.0,6.0,6.0,10
color (3),m,0,6,train,0.0,3.0,8.0,10
color (2),m,1,6,train,0.0,7.0,7.0,10
color (6),z,1,6,train,0.0,3.0,7.0,10
color (1),m,1,6,train,0.0,8.0,8.0,10
color (4),z,1,6,train,0.0,8.0,7.0,10
color (5),m,1,6,train,0.0,7.0,7.0,10
color (2),m,1,6,train,0.0,5.0,8.0,10
color (6),z,1,6,train,0.0,5.0,8.0,10
color (3),z,1,6,train,0.0,11.0,8.0,10
color (1),m,1,6,train,0.0,6.0,9.0,10
color (4),z,1,6,train,0.0,6.0,8.0,10
color (5),m,1,6,train,0.0,6.0,8.0,10
color (3),z,1,6,train,0.0,4.0,9.0,10
color (5),m,1,6,train,0.0,2.0,9.0,10
color (2),m,1,6,train,0.0,8.0,9.0,10
color (6),z,1,6,train,0.0,8.0,9.0,10
color (1),m,1,6,train,0.0,7.0,10.0,10
color (4),z,1,6,train,0.0,7.0,9.0,10
color (5),m,1,6,train,0.0,5.0,10.0,10
color (2),m,1,6,train,0.0,5.0,10.0,10
color (1),m,1,6,train,0.0,4.0,11.0,10
color (4),z,1,6,train,0.0,4.0,10.0,10
color (3),z,1,6,train,0.0,10.0,10.0,10
color (6),z,1,6,train,0.0,8.0,10.0,10
color (5),m,1,6,train,0.0,6.0,11.0,10
color (1),m,1,6,train,0.0,5.0,12.0,10
color (2),m,1,6,train,0.0,7.0,11.0,10
color (4),z,1,6,train,0.0,6.0,11.0,10
color (3),z,1,6,train,0.0,6.0,11.0,10
color (6),z,1,6,train,0.0,6.0,11.0,10
symbol (1),m,1,3,train,0.0,0.0,0.0,10
symbol (2),m,1,3,train,0.0,0.0,0.0,10
symbol (3),z,1,3,train,0.0,0.0,0.0,10
symbol (1),m,1,3,train,0.0,3.0,1.0,10
symbol (3),z,1,3,train,0.0,2.0,1.0,10
symbol (2),m,1,3,train,0.0,4.0,1.0,10
symbol (2),m,1,3,train,0.0,1.0,2.0,10
symbol (3),z,1,3,train,0.0,3.0,2.0,10
symbol (1),m,1,3,train,0.0,5.0,2.0,10
symbol (1),m,1,3,train,0.0,1.0,3.0,10
symbol (2),m,1,3,train,0.0,4.0,3.0,10
symbol (3),z,1,3,train,0.0,4.0,3.0,10
symbol (1),m,1,3,train,0.0,3.0,4.0,10
symbol (3),z,1,3,train,0.0,2.0,4.0,10
symbol (2),m,1,3,train,0.0,4.0,4.0,10
symbol (2),m,1,3,train,0.0,1.0,5.0,10
symbol (3),z,1,3,train,0.0,3.0,5.0,10
symbol (1),m,1,3,train,0.0,5.0,5.0,10
symbol (3),z,1,3,train,0.0,2.0,6.0,10
symbol (2),m,1,3,train,0.0,4.0,6.0,10
symbol (1),m,1,3,train,0.0,3.0,6.0,10
symbol (1),m,1,3,train,0.0,1.0,7.0,10
symbol (3),z,1,3,train,0.0,4.0,7.0,10
symbol (2),m,1,3,train,0.0,4.0,7.0,10
symbol (2),m,1,3,train,0.0,1.0,8.0,10
symbol (3),z,1,3,train,0.0,3.0,8.0,10
symbol (1),m,1,3,train,0.0,5.0,8.0,10
symbol (3),z,1,3,train,0.0,2.0,9.0,10
symbol (1),m,1,3,train,0.0,2.0,9.0,10
symbol (2),m,1,3,train,0.0,5.0,9.0,10
symbol (2),m,1,3,train,0.0,1.0,10.0,10
symbol (3),z,1,3,train,0.0,4.0,10.0,10
symbol (2),m,1,3,train,0.0,2.0,11.0,10
symbol (1),m,1,3,train,0.0,5.0,10.0,10
symbol (3),z,1,3,train,0.0,3.0,11.0,10
symbol (1),m,1,3,train,0.0,2.0,11.0,10
environment (6),m,0,6,train,0.0,0.0,0.0,10
environment (1),m,1,6,train,0.0,0.0,0.0,10
environment (5),m,1,6,train,0.0,0.0,0.0,10
environment (4),m,0,6,train,0.0,0.0,0.0,10
environment (2),m,1,6,train,0.0,0.0,0.0,10
environment (3),z,1,6,train,0.0,0.0,0.0,10
environment (3),z,1,6,train,0.0,1.0,1.0,10
environment (6),z,1,6,train,0.0,0.0,0.0,10
environment (4),z,1,6,train,0.0,0.0,0.0,10
environment (5),m,1,6,train,0.0,7.0,1.0,10
environment (1),m,1,6,train,0.0,9.0,1.0,10
environment (2),m,1,6,train,0.0,7.0,1.0,10
environment (1),z,0,6,train,0.0,2.0,2.0,10
environment (3),z,1,6,train,0.0,7.0,2.0,10
environment (2),m,1,6,train,0.0,3.0,2.0,10
environment (6),z,1,6,train,0.0,8.0,1.0,10
environment (5),m,1,6,train,0.0,7.0,2.0,10
environment (4),z,1,6,train,0.0,9.0,1.0,10
environment (5),m,1,6,train,0.0,2.0,3.0,10
environment (2),m,1,6,train,0.0,5.0,3.0,10
environment (6),z,1,6,train,0.0,5.0,2.0,10
environment (1),m,1,6,train,0.0,11.0,2.0,10
environment (4),z,1,6,train,0.0,5.0,2.0,10
environment (3),z,1,6,train,0.0,10.0,3.0,10
environment (6),z,1,6,train,0.0,4.0,3.0,10
environment (5),m,1,6,train,0.0,7.0,4.0,10
environment (2),m,1,6,train,0.0,7.0,4.0,10
environment (3),z,1,6,train,0.0,4.0,4.0,10
environment (4),z,1,6,train,0.0,6.0,3.0,10
environment (1),m,1,6,train,0.0,8.0,3.0,10
environment (6),z,1,6,train,0.0,6.0,4.0,10
environment (3),z,1,6,train,0.0,4.0,5.0,10
environment (4),z,1,6,train,0.0,4.0,4.0,10
environment (1),m,1,6,train,0.0,4.0,4.0,10
environment (2),m,1,6,train,0.0,8.0,5.0,10
environment (5),m,1,6,train,0.0,10.0,5.0,10
environment (2),m,1,6,train,0.0,2.0,6.0,10
environment (3),z,1,6,train,0.0,6.0,6.0,10
environment (5),m,1,6,train,0.0,3.0,6.0,10
environment (4),z,1,6,train,0.0,7.0,5.0,10
environment (1),m,1,6,train,0.0,7.0,5.0,10
environment (6),z,1,6,train,0.0,11.0,5.0,10
environment (2),m,1,6,train,0.0,6.0,7.0,10
environment (1),m,1,6,train,0.0,3.0,6.0,10
environment (4),z,1,6,train,0.0,5.0,6.0,10
environment (3),z,1,6,train,0.0,8.0,7.0,10
environment (5),m,1,6,train,0.0,8.0,7.0,10
environment (6),z,1,6,train,0.0,6.0,6.0,10
environment (3),z,1,6,train,0.0,3.0,8.0,10
environment (2),m,1,6,train,0.0,7.0,8.0,10
environment (6),m,0,6,train,1.0,3.0,7.0,10
environment (1),m,1,6,train,0.0,8.0,7.0,10
environment (4),z,1,6,train,0.0,8.0,7.0,10
environment (5),m,1,6,train,0.0,7.0,8.0,10
environment (2),m,1,6,train,0.0,5.0,9.0,10
environment (6),z,1,6,train,0.0,8.0,7.0,10
environment (3),z,1,6,train,0.0,8.0,9.0,10
environment (1),m,1,6,train,0.0,6.0,8.0,10
environment (4),z,1,6,train,0.0,6.0,8.0,10
environment (5),m,1,6,train,0.0,6.0,9.0,10
environment (3),z,1,6,train,0.0,4.0,10.0,10
environment (5),m,1,6,train,0.0,2.0,10.0,10
environment (2),m,1,6,train,0.0,8.0,10.0,10
environment (6),z,1,6,train,0.0,8.0,8.0,10
environment (1),m,1,6,train,0.0,7.0,9.0,10
environment (4),z,1,6,train,0.0,7.0,9.0,10
environment (5),m,1,6,train,0.0,5.0,11.0,10
environment (2),m,1,6,train,0.0,5.0,11.0,10
environment (1),m,1,6,train,0.0,4.0,10.0,10
environment (4),z,1,6,train,0.0,4.0,10.0,10
environment (3),z,1,6,train,0.0,10.0,11.0,10
environment (6),z,1,6,train,0.0,8.0,9.0,10
environment (5),m,1,6,train,0.0,6.0,12.0,10
environment (1),m,1,6,train,0.0,5.0,11.0,10
environment (2),m,1,6,train,0.0,7.0,12.0,10
environment (4),z,1,6,train,0.0,6.0,11.0,10
environment (3),z,1,6,train,0.0,6.0,12.0,10
environment (6),z,1,6,train,0.0,6.0,10.0,10
vehicle (1),m,1,3,train,0.0,0.0,0.0,10
vehicle (2),m,1,3,train,0.0,0.0,0.0,10
vehicle (3),z,1,3,train,0.0,0.0,0.0,10
vehicle (1),m,1,3,train,0.0,3.0,1.0,10
vehicle (3),z,1,3,train,0.0,2.0,1.0,10
vehicle (2),m,1,3,train,0.0,4.0,1.0,10
vehicle (2),m,1,3,train,0.0,1.0,2.0,10
vehicle (3),z,1,3,train,0.0,3.0,2.0,10
vehicle (1),m,1,3,train,0.0,5.0,2.0,10
vehicle (1),m,1,3,train,0.0,1.0,3.0,10
vehicle (2),m,1,3,train,0.0,4.0,3.0,10
vehicle (3),z,1,3,train,0.0,4.0,3.0,10
vehicle (1),m,1,3,train,0.0,3.0,4.0,10
vehicle (3),z,1,3,train,0.0,2.0,4.0,10
vehicle (2),m,1,3,train,0.0,4.0,4.0,10
vehicle (2),m,1,3,train,0.0,1.0,5.0,10
vehicle (3),z,1,3,train,0.0,3.0,5.0,10
vehicle (1),m,1,3,train,0.0,5.0,5.0,10
vehicle (3),m,0,3,train,0.0,2.0,6.0,10
vehicle (2),m,1,3,train,0.0,4.0,6.0,10
vehicle (1),m,1,3,train,0.0,3.0,6.0,10
vehicle (1),m,1,3,train,0.0,1.0,7.0,10
vehicle (3),z,1,3,train,0.0,6.0,6.0,10
vehicle (2),m,1,3,train,0.0,4.0,7.0,10
vehicle (2),m,1,3,train,0.0,1.0,8.0,10
vehicle (3),z,1,3,train,0.0,3.0,7.0,10
vehicle (1),m,1,3,train,0.0,5.0,8.0,10
vehicle (3),z,1,3,train,0.0,2.0,8.0,10
vehicle (1),m,1,3,train,0.0,2.0,9.0,10
vehicle (2),m,1,3,train,0.0,5.0,9.0,10
vehicle (2),m,1,3,train,0.0,1.0,10.0,10
vehicle (3),z,1,3,train,0.0,4.0,9.0,10
vehicle (2),m,1,3,train,0.0,2.0,11.0,10
vehicle (1),m,1,3,train,0.0,5.0,10.0,10
vehicle (3),z,1,3,train,0.0,3.0,10.0,10
vehicle (1),m,1,3,train,0.0,2.0,11.0,10
instrument (1),m,1,3,train,0.0,0.0,0.0,10
instrument (2),z,0,3,train,0.0,0.0,0.0,10
instrument (3),z,1,3,train,0.0,0.0,0.0,10
instrument (1),m,1,3,train,0.0,3.0,1.0,10
instrument (3),z,1,3,train,0.0,2.0,1.0,10
instrument (2),m,1,3,train,0.0,0.0,0.0,10
instrument (2),m,1,3,train,0.0,1.0,1.0,10
instrument (3),z,1,3,train,0.0,3.0,2.0,10
instrument (1),m,1,3,train,0.0,5.0,2.0,10
instrument (1),m,1,3,train,0.0,1.0,3.0,10
instrument (2),m,1,3,train,0.0,4.0,2.0,10
instrument (3),z,1,3,train,0.0,4.0,3.0,10
instrument (1),m,1,3,train,0.0,3.0,4.0,10
instrument (3),z,1,3,train,0.0,2.0,4.0,10
instrument (2),m,1,3,train,0.0,4.0,3.0,10
instrument (2),m,1,3,train,0.0,1.0,4.0,10
instrument (3),z,1,3,train,0.0,3.0,5.0,10
instrument (1),m,1,3,train,0.0,5.0,5.0,10
instrument (3),z,1,3,train,0.0,2.0,6.0,10
instrument (2),m,1,3,train,0.0,4.0,5.0,10
instrument (1),m,1,3,train,0.0,3.0,6.0,10
instrument (1),m,1,3,train,0.0,1.0,7.0,10
instrument (3),z,1,3,train,0.0,4.0,7.0,10
instrument (2),m,1,3,train,0.0,4.0,6.0,10
instrument (2),m,1,3,train,0.0,1.0,7.0,10
instrument (3),z,1,3,train,0.0,3.0,8.0,10
instrument (1),m,1,3,train,0.0,5.0,8.0,10
instrument (3),z,1,3,train,0.0,2.0,9.0,10
instrument (1),m,1,3,train,0.0,2.0,9.0,10
instrument (2),m,1,3,train,0.0,5.0,8.0,10
instrument (2),m,1,3,train,0.0,1.0,9.0,10
instrument (3),z,1,3,train,0.0,4.0,10.0,10
instrument (2),m,1,3,train,0.0,2.0,10.0,10
instrument (1),m,1,3,train,0.0,5.0,10.0,10
instrument (3),z,1,3,train,0.0,3.0,11.0,10
instrument (1),m,1,3,train,0.0,2.0,11.0,10
jungle2,m,0,3,train,0.0,0.0,0.0,11
jungle1,m,0,3,train,0.0,0.0,0.0,11
jungle3,z,0,3,train,0.0,0.0,0.0,11
jungle1,z,1,3,train,0.0,0.0,0.0,11
jungle3,m,1,3,train,0.0,0.0,0.0,11
jungle2,z,1,3,train,0.0,0.0,0.0,11
jungle3,m,1,3,train,0.0,2.0,1.0,11
jungle2,z,1,3,train,0.0,2.0,1.0,11
jungle1,m,0,3,train,1.0,5.0,1.0,11
jungle1,z,1,3,train,0.0,6.0,1.0,11
jungle2,m,0,3,train,1.0,3.0,2.0,11
jungle3,m,1,3,train,0.0,5.0,2.0,11
jungle3,m,1,3,train,0.0,1.0,3.0,11
jungle1,z,1,3,train,0.0,4.0,2.0,11
jungle2,z,1,3,train,0.0,7.0,2.0,11
jungle3,m,1,3,train,0.0,3.0,4.0,11
jungle1,z,1,3,train,0.0,3.0,3.0,11
jungle2,z,1,3,train,0.0,3.0,3.0,11
jungle1,z,1,3,train,0.0,2.0,4.0,11
jungle3,m,1,3,train,0.0,4.0,5.0,11
jungle2,z,1,3,train,0.0,3.0,4.0,11
jungle3,m,1,3,train,0.0,2.0,6.0,11
jungle2,z,1,3,train,0.0,2.0,5.0,11
jungle1,z,1,3,train,0.0,5.0,5.0,11
jungle2,z,1,3,train,0.0,2.0,6.0,11
jungle3,m,1,3,train,0.0,4.0,7.0,11
jungle1,z,1,3,train,0.0,3.0,6.0,11
jungle1,z,1,3,train,0.0,1.0,7.0,11
jungle2,z,1,3,train,0.0,4.0,7.0,11
jungle3,m,1,3,train,0.0,4.0,8.0,11
jungle2,z,1,3,train,0.0,2.0,8.0,11
jungle3,m,1,3,train,0.0,2.0,9.0,11
jungle1,z,1,3,train,0.0,5.0,8.0,11
jungle2,z,1,3,train,0.0,3.0,9.0,11
jungle1,m,0,3,train,1.0,2.0,9.0,11
jungle3,m,1,3,train,0.0,4.0,10.0,11
vegan (6),m,0,6,train,0.0,0.0,0.0,11
vegan (1),m,1,6,train,0.0,0.0,0.0,11
vegan (5),m,1,6,train,0.0,0.0,0.0,11
vegan (4),m,0,6,train,0.0,0.0,0.0,11
vegan (2),m,1,6,train,0.0,0.0,0.0,11
vegan (3),z,1,6,train,0.0,0.0,0.0,11
vegan (3),z,1,6,train,0.0,1.0,1.0,11
vegan (6),z,1,6,train,0.0,0.0,0.0,11
vegan (4),m,0,6,train,1.0,0.0,0.0,11
vegan (5),m,1,6,train,0.0,7.0,1.0,11
vegan (1),m,1,6,train,0.0,9.0,1.0,11
vegan (2),m,1,6,train,0.0,7.0,1.0,11
vegan (1),m,1,6,train,0.0,2.0,2.0,11
vegan (3),z,1,6,train,0.0,7.0,2.0,11
vegan (2),m,1,6,train,0.0,3.0,2.0,11
vegan (6),z,1,6,train,0.0,8.0,1.0,11
vegan (5),m,1,6,train,0.0,7.0,2.0,11
vegan (4),z,1,6,train,0.0,0.0,0.0,11
vegan (5),m,1,6,train,0.0,2.0,3.0,11
vegan (2),m,1,6,train,0.0,5.0,3.0,11
vegan (6),z,1,6,train,0.0,5.0,2.0,11
vegan (1),m,1,6,train,0.0,9.0,3.0,11
vegan (4),z,1,6,train,0.0,5.0,1.0,11
vegan (3),z,1,6,train,0.0,10.0,3.0,11
vegan (6),z,1,6,train,0.0,4.0,3.0,11
vegan (5),m,1,6,train,0.0,7.0,4.0,11
vegan (2),m,1,6,train,0.0,7.0,4.0,11
vegan (3),z,1,6,train,0.0,4.0,4.0,11
vegan (4),z,1,6,train,0.0,6.0,2.0,11
vegan (1),m,1,6,train,0.0,8.0,4.0,11
vegan (6),z,1,6,train,0.0,6.0,4.0,11
vegan (3),z,1,6,train,0.0,4.0,5.0,11
vegan (4),z,1,6,train,0.0,4.0,3.0,11
vegan (1),m,1,6,train,0.0,4.0,5.0,11
vegan (2),m,1,6,train,0.0,8.0,5.0,11
vegan (5),m,1,6,train,0.0,10.0,5.0,11
vegan (2),m,1,6,train,0.0,2.0,6.0,11
vegan (3),z,1,6,train,0.0,6.0,6.0,11
vegan (5),m,1,6,train,0.0,3.0,6.0,11
vegan (4),z,1,6,train,0.0,7.0,4.0,11
vegan (1),m,1,6,train,0.0,7.0,6.0,11
vegan (6),z,1,6,train,0.0,11.0,5.0,11
vegan (2),m,1,6,train,0.0,6.0,7.0,11
vegan (1),m,1,6,train,0.0,3.0,7.0,11
vegan (4),z,1,6,train,0.0,5.0,5.0,11
vegan (3),z,1,6,train,0.0,8.0,7.0,11
vegan (5),m,1,6,train,0.0,8.0,7.0,11
vegan (6),z,1,6,train,0.0,6.0,6.0,11
vegan (3),z,1,6,train,0.0,3.0,8.0,11
vegan (2),m,1,6,train,0.0,7.0,8.0,11
vegan (6),z,1,6,train,0.0,3.0,7.0,11
vegan (1),m,1,6,train,0.0,8.0,8.0,11
vegan (4),z,1,6,train,0.0,8.0,6.0,11
vegan (5),m,1,6,train,0.0,7.0,8.0,11
vegan (2),m,1,6,train,0.0,5.0,9.0,11
vegan (6),z,1,6,train,0.0,5.0,8.0,11
vegan (3),z,1,6,train,0.0,8.0,9.0,11
vegan (1),m,1,6,train,0.0,6.0,9.0,11
vegan (4),z,1,6,train,0.0,6.0,7.0,11
vegan (5),m,1,6,train,0.0,6.0,9.0,11
vegan (3),z,1,6,train,0.0,4.0,10.0,11
vegan (5),m,1,6,train,0.0,2.0,10.0,11
vegan (2),m,1,6,train,0.0,8.0,10.0,11
vegan (6),z,1,6,train,0.0,8.0,9.0,11
vegan (1),m,1,6,train,0.0,7.0,10.0,11
vegan (4),z,1,6,train,0.0,7.0,8.0,11
vegan (5),m,1,6,train,0.0,5.0,11.0,11
vegan (2),m,1,6,train,0.0,5.0,11.0,11
vegan (1),m,1,6,train,0.0,4.0,11.0,11
vegan (4),z,1,6,train,0.0,4.0,9.0,11
vegan (3),z,1,6,train,0.0,10.0,11.0,11
vegan (6),z,1,6,train,0.0,8.0,10.0,11
vegan (5),m,1,6,train,0.0,6.0,12.0,11
vegan (1),m,1,6,train,0.0,5.0,12.0,11
vegan (2),m,1,6,train,0.0,7.0,12.0,11
vegan (4),z,1,6,train,0.0,6.0,10.0,11
vegan (3),z,1,6,train,0.0,6.0,12.0,11
vegan (6),z,1,6,train,0.0,6.0,11.0,11
animal (1),m,0,3,train,0.0,0.0,0.0,11
animal (2),m,0,3,train,0.0,0.0,0.0,11
animal (3),m,1,3,train,0.0,0.0,0.0,11
animal (1),z,1,3,train,0.0,0.0,0.0,11
animal (3),m,1,3,train,0.0,2.0,1.0,11
animal (2),z,1,3,train,0.0,0.0,0.0,11
animal (2),z,1,3,train,0.0,1.0,1.0,11
animal (3),m,1,3,train,0.0,3.0,2.0,11
animal (1),z,1,3,train,0.0,5.0,1.0,11
animal (1),z,1,3,train,0.0,1.0,2.0,11
animal (2),z,1,3,train,0.0,4.0,2.0,11
animal (3),m,1,3,train,0.0,4.0,3.0,11
animal (1),z,1,3,train,0.0,3.0,3.0,11
animal (3),m,1,3,train,0.0,2.0,4.0,11
animal (2),z,1,3,train,0.0,4.0,3.0,11
animal (2),z,1,3,train,0.0,1.0,4.0,11
animal (3),m,1,3,train,0.0,3.0,5.0,11
animal (1),z,1,3,train,0.0,5.0,4.0,11
animal (3),m,1,3,train,0.0,2.0,6.0,11
animal (2),z,1,3,train,0.0,4.0,5.0,11
animal (1),z,1,3,train,0.0,3.0,5.0,11
animal (1),z,1,3,train,0.0,1.0,6.0,11
animal (3),m,1,3,train,0.0,4.0,7.0,11
animal (2),z,1,3,train,0.0,4.0,6.0,11
animal (2),z,1,3,train,0.0,1.0,7.0,11
animal (3),m,1,3,train,0.0,3.0,8.0,11
animal (1),z,1,3,train,0.0,5.0,7.0,11
animal (3),m,1,3,train,0.0,2.0,9.0,11
animal (1),z,1,3,train,0.0,2.0,8.0,11
animal (2),z,1,3,train,0.0,5.0,8.0,11
animal (2),z,1,3,train,0.0,1.0,9.0,11
animal (3),m,1,3,train,0.0,4.0,10.0,11
animal (2),z,1,3,train,0.0,2.0,10.0,11
animal (1),z,1,3,train,0.0,5.0,9.0,11
animal (3),m,1,3,train,0.0,3.0,11.0,11
animal (1),z,1,3,train,0.0,2.0,10.0,11
fruits (6),m,0,6,train,0.0,0.0,0.0,11
fruits (1),m,1,6,train,0.0,0.0,0.0,11
fruits (5),m,1,6,train,0.0,0.0,0.0,11
fruits (4),m,0,6,train,0.0,0.0,0.0,11
fruits (2),m,1,6,train,0.0,0.0,0.0,11
fruits (3),z,1,6,train,0.0,0.0,0.0,11
fruits (3),z,1,6,train,0.0,1.0,1.0,11
fruits (6),z,1,6,train,0.0,0.0,0.0,11
fruits (4),z,1,6,train,0.0,0.0,0.0,11
fruits (5),m,1,6,train,0.0,7.0,1.0,11
fruits (1),m,1,6,train,0.0,9.0,1.0,11
fruits (2),m,1,6,train,0.0,7.0,1.0,11
fruits (1),m,1,6,train,0.0,2.0,2.0,11
fruits (3),z,1,6,train,0.0,7.0,2.0,11
fruits (2),m,1,6,train,0.0,3.0,2.0,11
fruits (6),z,1,6,train,0.0,8.0,1.0,11
fruits (5),m,1,6,train,0.0,7.0,2.0,11
fruits (4),z,1,6,train,0.0,9.0,1.0,11
fruits (5),m,1,6,train,0.0,2.0,3.0,11
fruits (2),m,1,6,train,0.0,5.0,3.0,11
fruits (6),z,1,6,train,0.0,5.0,2.0,11
fruits (1),m,1,6,train,0.0,9.0,3.0,11
fruits (4),z,1,6,train,0.0,5.0,2.0,11
fruits (3),z,1,6,train,0.0,10.0,3.0,11
fruits (6),z,1,6,train,0.0,4.0,3.0,11
fruits (5),m,1,6,train,0.0,7.0,4.0,11
fruits (2),m,1,6,train,0.0,7.0,4.0,11
fruits (3),z,1,6,train,0.0,4.0,4.0,11
fruits (4),z,1,6,train,0.0,6.0,3.0,11
fruits (1),m,1,6,train,0.0,8.0,4.0,11
fruits (6),z,1,6,train,0.0,6.0,4.0,11
fruits (3),z,1,6,train,0.0,4.0,5.0,11
fruits (4),z,1,6,train,0.0,4.0,4.0,11
fruits (1),m,1,6,train,0.0,4.0,5.0,11
fruits (2),z,0,6,train,0.0,8.0,5.0,11
fruits (5),m,1,6,train,0.0,10.0,5.0,11
fruits (2),m,1,6,train,0.0,10.0,5.0,11
fruits (3),z,1,6,train,0.0,6.0,6.0,11
fruits (5),m,1,6,train,0.0,3.0,6.0,11
fruits (4),z,1,6,train,0.0,7.0,5.0,11
fruits (1),m,1,6,train,0.0,7.0,6.0,11
fruits (6),z,1,6,train,0.0,11.0,5.0,11
fruits (2),m,1,6,train,0.0,6.0,6.0,11
fruits (1),m,1,6,train,0.0,3.0,7.0,11
fruits (4),z,1,6,train,0.0,5.0,6.0,11
fruits (3),z,1,6,train,0.0,8.0,7.0,11
fruits (5),m,1,6,train,0.0,8.0,7.0,11
fruits (6),z,1,6,train,0.0,6.0,6.0,11
fruits (3),z,1,6,train,0.0,3.0,8.0,11
fruits (2),m,1,6,train,0.0,7.0,7.0,11
fruits (6),z,1,6,train,0.0,3.0,7.0,11
fruits (1),m,1,6,train,0.0,8.0,8.0,11
fruits (4),z,1,6,train,0.0,8.0,7.0,11
fruits (5),m,1,6,train,0.0,7.0,8.0,11
fruits (2),m,1,6,train,0.0,5.0,8.0,11
fruits (6),z,1,6,train,0.0,5.0,8.0,11
fruits (3),z,1,6,train,0.0,8.0,9.0,11
fruits (1),m,1,6,train,0.0,6.0,9.0,11
fruits (4),z,1,6,train,0.0,6.0,8.0,11
fruits (5),m,1,6,train,0.0,6.0,9.0,11
fruits (3),z,1,6,train,0.0,4.0,10.0,11
fruits (5),m,1,6,train,0.0,2.0,10.0,11
fruits (2),m,1,6,train,0.0,8.0,9.0,11
fruits (6),z,1,6,train,0.0,8.0,9.0,11
fruits (1),m,1,6,train,0.0,7.0,10.0,11
fruits (4),z,1,6,train,0.0,7.0,9.0,11
fruits (5),m,1,6,train,0.0,5.0,11.0,11
fruits (2),m,1,6,train,0.0,5.0,10.0,11
fruits (1),z,0,6,train,0.0,4.0,11.0,11
fruits (4),z,1,6,train,0.0,4.0,10.0,11
fruits (3),z,1,6,train,0.0,10.0,11.0,11
fruits (6),z,1,6,train,0.0,8.0,10.0,11
fruits (5),m,1,6,train,0.0,6.0,12.0,11
fruits (1),m,1,6,train,0.0,9.0,11.0,11
fruits (2),m,1,6,train,0.0,7.0,11.0,11
fruits (4),z,1,6,train,0.0,6.0,11.0,11
fruits (3),z,1,6,train,0.0,6.0,12.0,11
fruits (6),z,1,6,train,0.0,6.0,11.0,11
tools (1),m,0,3,train,0.0,0.0,0.0,11
tools (2),m,0,3,train,0.0,0.0,0.0,11
tools (3),m,1,3,train,0.0,0.0,0.0,11
tools (1),z,1,3,train,0.0,0.0,0.0,11
tools (3),m,1,3,train,0.0,2.0,1.0,11
tools (2),z,1,3,train,0.0,0.0,0.0,11
tools (2),z,1,3,train,0.0,1.0,1.0,11
tools (3),z,0,3,train,0.0,3.0,2.0,11
tools (1),z,1,3,train,0.0,5.0,1.0,11
tools (1),z,1,3,train,0.0,1.0,2.0,11
tools (2),z,1,3,train,0.0,4.0,2.0,11
tools (3),m,1,3,train,0.0,7.0,2.0,11
tools (1),z,1,3,train,0.0,3.0,3.0,11
tools (3),m,1,3,train,0.0,2.0,3.0,11
tools (2),z,1,3,train,0.0,4.0,3.0,11
tools (2),z,1,3,train,0.0,1.0,4.0,11
tools (3),m,1,3,train,0.0,3.0,4.0,11
tools (1),z,1,3,train,0.0,5.0,4.0,11
tools (3),m,1,3,train,0.0,2.0,5.0,11
tools (2),z,1,3,train,0.0,4.0,5.0,11
tools (1),z,1,3,train,0.0,3.0,5.0,11
tools (1),z,1,3,train,0.0,1.0,6.0,11
tools (3),m,1,3,train,0.0,4.0,6.0,11
tools (2),z,1,3,train,0.0,4.0,6.0,11
tools (2),z,1,3,train,0.0,1.0,7.0,11
tools (3),m,1,3,train,0.0,3.0,7.0,11
tools (1),z,1,3,train,0.0,5.0,7.0,11
tools (3),m,1,3,train,0.0,2.0,8.0,11
tools (1),z,1,3,train,0.0,2.0,8.0,11
tools (2),z,1,3,train,0.0,5.0,8.0,11
tools (2),z,1,3,train,0.0,1.0,9.0,11
tools (3),m,1,3,train,0.0,4.0,9.0,11
tools (2),z,1,3,train,0.0,2.0,10.0,11
tools (1),z,1,3,train,0.0,5.0,9.0,11
tools (3),m,1,3,train,0.0,3.0,10.0,11
tools (1),z,1,3,train,0.0,2.0,10.0,11
clothes (6),m,0,6,train,0.0,0.0,0.0,11
clothes (1),m,1,6,train,0.0,0.0,0.0,11
clothes (5),m,1,6,train,0.0,0.0,0.0,11
clothes (4),m,0,6,train,0.0,0.0,0.0,11
clothes (2),m,1,6,train,0.0,0.0,0.0,11
clothes (3),z,1,6,train,0.0,0.0,0.0,11
clothes (3),z,1,6,train,0.0,1.0,1.0,11
clothes (6),z,1,6,train,0.0,0.0,0.0,11
clothes (4),z,1,6,train,0.0,0.0,0.0,11
clothes (5),m,1,6,train,0.0,7.0,1.0,11
clothes (1),m,1,6,train,0.0,9.0,1.0,11
clothes (2),m,1,6,train,0.0,7.0,1.0,11
clothes (1),m,1,6,train,0.0,2.0,2.0,11
clothes (3),z,1,6,train,0.0,7.0,2.0,11
clothes (2),m,1,6,train,0.0,3.0,2.0,11
clothes (6),z,1,6,train,0.0,8.0,1.0,11
clothes (5),m,1,6,train,0.0,7.0,2.0,11
clothes (4),z,1,6,train,0.0,9.0,1.0,11
clothes (5),m,1,6,train,0.0,2.0,3.0,11
clothes (2),m,1,6,train,0.0,5.0,3.0,11
clothes (6),z,1,6,train,0.0,5.0,2.0,11
clothes (1),m,1,6,train,0.0,9.0,3.0,11
clothes (4),z,1,6,train,0.0,5.0,2.0,11
clothes (3),m,0,6,train,0.0,10.0,3.0,11
clothes (6),z,1,6,train,0.0,4.0,3.0,11
clothes (5),m,1,6,train,0.0,7.0,4.0,11
clothes (2),m,1,6,train,0.0,7.0,4.0,11
clothes (3),z,1,6,train,0.0,14.0,3.0,11
clothes (4),z,1,6,train,0.0,6.0,3.0,11
clothes (1),m,1,6,train,0.0,8.0,4.0,11
clothes (6),z,1,6,train,0.0,6.0,4.0,11
clothes (3),z,1,6,train,0.0,4.0,4.0,11
clothes (4),z,1,6,train,0.0,4.0,4.0,11
clothes (1),m,1,6,train,0.0,4.0,5.0,11
clothes (2),m,1,6,train,0.0,8.0,5.0,11
clothes (5),m,1,6,train,0.0,10.0,5.0,11
clothes (2),m,1,6,train,0.0,2.0,6.0,11
clothes (3),z,1,6,train,0.0,6.0,5.0,11
clothes (5),m,1,6,train,0.0,3.0,6.0,11
clothes (4),z,1,6,train,0.0,7.0,5.0,11
clothes (1),m,1,6,train,0.0,7.0,6.0,11
clothes (6),z,1,6,train,0.0,11.0,5.0,11
clothes (2),m,1,6,train,0.0,6.0,7.0,11
clothes (1),m,1,6,train,0.0,3.0,7.0,11
clothes (4),z,1,6,train,0.0,5.0,6.0,11
clothes (3),z,1,6,train,0.0,8.0,6.0,11
clothes (5),m,1,6,train,0.0,8.0,7.0,11
clothes (6),z,1,6,train,0.0,6.0,6.0,11
clothes (3),z,1,6,train,0.0,3.0,7.0,11
clothes (2),m,1,6,train,0.0,7.0,8.0,11
clothes (6),z,1,6,train,0.0,3.0,7.0,11
clothes (1),m,1,6,train,0.0,8.0,8.0,11
clothes (4),z,1,6,train,0.0,8.0,7.0,11
clothes (5),m,1,6,train,0.0,7.0,8.0,11
clothes (2),m,1,6,train,0.0,5.0,9.0,11
clothes (6),z,1,6,train,0.0,5.0,8.0,11
clothes (3),z,1,6,train,0.0,8.0,8.0,11
clothes (1),m,1,6,train,0.0,6.0,9.0,11
clothes (4),z,1,6,train,0.0,6.0,8.0,11
clothes (5),m,1,6,train,0.0,6.0,9.0,11
clothes (3),z,1,6,train,0.0,4.0,9.0,11
clothes (5),m,1,6,train,0.0,2.0,10.0,11
clothes (2),m,1,6,train,0.0,8.0,10.0,11
clothes (6),z,1,6,train,0.0,8.0,9.0,11
clothes (1),m,1,6,train,0.0,7.0,10.0,11
clothes (4),z,1,6,train,0.0,7.0,9.0,11
clothes (5),m,1,6,train,0.0,5.0,11.0,11
clothes (2),m,1,6,train,0.0,5.0,11.0,11
clothes (1),m,1,6,train,0.0,4.0,11.0,11
clothes (4),z,1,6,train,0.0,4.0,10.0,11
clothes (3),z,1,6,train,0.0,10.0,10.0,11
clothes (6),z,1,6,train,0.0,8.0,10.0,11
clothes (5),m,1,6,train,0.0,6.0,12.0,11
clothes (1),m,1,6,train,0.0,5.0,12.0,11
clothes (2),m,1,6,train,0.0,7.0,12.0,11
clothes (4),z,1,6,train,0.0,6.0,11.0,11
clothes (3),z,1,6,train,0.0,6.0,11.0,11
clothes (6),z,1,6,train,0.0,6.0,11.0,11
face (1),m,0,3,train,0.0,0.0,0.0,11
face (2),m,0,3,train,0.0,0.0,0.0,11
face (3),m,1,3,train,0.0,0.0,0.0,11
face (1),z,1,3,train,0.0,0.0,0.0,11
face (3),m,1,3,train,0.0,2.0,1.0,11
face (2),z,1,3,train,0.0,0.0,0.0,11
face (2),z,1,3,train,0.0,1.0,1.0,11
face (3),m,1,3,train,0.0,3.0,2.0,11
face (1),z,1,3,train,0.0,5.0,1.0,11
face (1),z,1,3,train,0.0,1.0,2.0,11
face (2),z,1,3,train,0.0,4.0,2.0,11
face (3),m,1,3,train,0.0,4.0,3.0,11
face (1),z,1,3,train,0.0,3.0,3.0,11
face (3),m,1,3,train,0.0,2.0,4.0,11
face (2),z,1,3,train,0.0,4.0,3.0,11
face (2),z,1,3,train,0.0,1.0,4.0,11
face (3),m,1,3,train,0.0,3.0,5.0,11
face (1),z,1,3,train,0.0,5.0,4.0,11
face (3),m,1,3,train,0.0,2.0,6.0,11
face (2),z,1,3,train,0.0,4.0,5.0,11
face (1),z,1,3,train,0.0,3.0,5.0,11
face (1),z,1,3,train,0.0,1.0,6.0,11
face (3),m,1,3,train,0.0,4.0,7.0,11
face (2),z,1,3,train,0.0,4.0,6.0,11
face (2),z,1,3,train,0.0,1.0,7.0,11
face (3),m,1,3,train,0.0,3.0,8.0,11
face (1),m,0,3,train,1.0,5.0,7.0,11
face (3),z,0,3,train,0.0,2.0,9.0,11
face (1),z,1,3,train,0.0,7.0,7.0,11
face (2),z,1,3,train,0.0,5.0,8.0,11
face (2),z,1,3,train,0.0,1.0,9.0,11
face (3),m,1,3,train,0.0,6.0,9.0,11
face (2),z,1,3,train,0.0,2.0,10.0,11
face (1),z,1,3,train,0.0,5.0,8.0,11
face (3),m,1,3,train,0.0,3.0,10.0,11
face (1),z,1,3,train,0.0,2.0,9.0,11
color (6),m,0,6,train,0.0,0.0,0.0,11
color (1),m,1,6,train,0.0,0.0,0.0,11
color (5),m,1,6,train,0.0,0.0,0.0,11
color (4),m,0,6,train,0.0,0.0,0.0,11
color (2),m,1,6,train,0.0,0.0,0.0,11
color (3),z,1,6,train,0.0,0.0,0.0,11
color (3),z,1,6,train,0.0,1.0,1.0,11
color (6),z,1,6,train,0.0,0.0,0.0,11
color (4),z,1,6,train,0.0,0.0,0.0,11
color (5),m,1,6,train,0.0,7.0,1.0,11
color (1),z,0,6,train,0.0,9.0,1.0,11
color (2),m,1,6,train,0.0,7.0,1.0,11
color (1),m,1,6,train,0.0,11.0,1.0,11
color (3),z,1,6,train,0.0,7.0,2.0,11
color (2),m,1,6,train,0.0,3.0,2.0,11
color (6),z,1,6,train,0.0,8.0,1.0,11
color (5),m,1,6,train,0.0,7.0,2.0,11
color (4),z,1,6,train,0.0,9.0,1.0,11
color (5),m,1,6,train,0.0,2.0,3.0,11
color (2),m,1,6,train,0.0,5.0,3.0,11
color (6),z,1,6,train,0.0,5.0,2.0,11
color (1),m,1,6,train,0.0,9.0,2.0,11
color (4),z,1,6,train,0.0,5.0,2.0,11
color (3),z,1,6,train,0.0,10.0,3.0,11
color (6),z,1,6,train,0.0,4.0,3.0,11
color (5),m,1,6,train,0.0,7.0,4.0,11
color (2),m,1,6,train,0.0,7.0,4.0,11
color (3),z,1,6,train,0.0,4.0,4.0,11
color (4),z,1,6,train,0.0,6.0,3.0,11
color (1),m,1,6,train,0.0,8.0,3.0,11
color (6),z,1,6,train,0.0,6.0,4.0,11
color (3),m,0,6,train,0.0,4.0,5.0,11
color (4),z,1,6,train,0.0,4.0,4.0,11
color (1),m,1,6,train,0.0,4.0,4.0,11
color (2),m,1,6,train,0.0,8.0,5.0,11
color (5),m,1,6,train,0.0,10.0,5.0,11
color (2),m,1,6,train,0.0,2.0,6.0,11
color (3),z,1,6,train,0.0,10.0,5.0,11
color (5),m,1,6,train,0.0,3.0,6.0,11
color (4),z,1,6,train,0.0,7.0,5.0,11
color (1),m,1,6,train,0.0,7.0,5.0,11
color (6),z,1,6,train,0.0,11.0,5.0,11
color (2),m,1,6,train,0.0,6.0,7.0,11
color (1),m,1,6,train,0.0,3.0,6.0,11
color (4),z,1,6,train,0.0,5.0,6.0,11
color (3),z,1,6,train,0.0,8.0,6.0,11
color (5),m,1,6,train,0.0,8.0,7.0,11
color (6),m,0,6,train,1.0,6.0,6.0,11
color (3),z,1,6,train,0.0,3.0,7.0,11
color (2),m,1,6,train,0.0,7.0,8.0,11
color (6),z,1,6,train,0.0,9.0,6.0,11
color (1),m,1,6,train,0.0,8.0,7.0,11
color (4),z,1,6,train,0.0,8.0,7.0,11
color (5),m,1,6,train,0.0,7.0,8.0,11
color (2),m,1,6,train,0.0,5.0,9.0,11
color (6),z,1,6,train,0.0,5.0,7.0,11
color (3),z,1,6,train,0.0,8.0,8.0,11
color (1),m,1,6,train,0.0,6.0,8.0,11
color (4),z,1,6,train,0.0,6.0,8.0,11
color (5),m,1,6,train,0.0,6.0,9.0,11
color (3),z,1,6,train,0.0,4.0,9.0,11
color (5),m,1,6,train,0.0,2.0,10.0,11
color (2),m,1,6,train,0.0,8.0,10.0,11
color (6),z,1,6,train,0.0,8.0,8.0,11
color (1),m,1,6,train,0.0,7.0,9.0,11
color (4),z,1,6,train,0.0,7.0,9.0,11
color (5),m,1,6,train,0.0,5.0,11.0,11
color (2),m,1,6,train,0.0,5.0,11.0,11
color (1),m,1,6,train,0.0,4.0,10.0,11
color (4),z,1,6,train,0.0,4.0,10.0,11
color (3),z,1,6,train,0.0,10.0,10.0,11
color (6),z,1,6,train,0.0,8.0,9.0,11
color (5),m,1,6,train,0.0,6.0,12.0,11
color (1),m,1,6,train,0.0,5.0,11.0,11
color (2),m,1,6,train,0.0,7.0,12.0,11
color (4),z,1,6,train,0.0,6.0,11.0,11
color (3),z,1,6,train,0.0,6.0,11.0,11
color (6),z,1,6,train,0.0,6.0,10.0,11
symbol (1),m,1,3,train,0.0,0.0,0.0,11
symbol (2),m,1,3,train,0.0,0.0,0.0,11
symbol (3),z,1,3,train,0.0,0.0,0.0,11
symbol (1),m,1,3,train,0.0,3.0,1.0,11
symbol (3),z,1,3,train,0.0,2.0,1.0,11
symbol (2),m,1,3,train,0.0,4.0,1.0,11
symbol (2),m,1,3,train,0.0,1.0,2.0,11
symbol (3),z,1,3,train,0.0,3.0,2.0,11
symbol (1),z,0,3,train,0.0,5.0,2.0,11
symbol (1),m,1,3,train,0.0,6.0,2.0,11
symbol (2),m,1,3,train,0.0,4.0,3.0,11
symbol (3),z,1,3,train,0.0,4.0,3.0,11
symbol (1),m,1,3,train,0.0,3.0,3.0,11
symbol (3),z,1,3,train,0.0,2.0,4.0,11
symbol (2),m,1,3,train,0.0,4.0,4.0,11
symbol (2),m,1,3,train,0.0,1.0,5.0,11
symbol (3),z,1,3,train,0.0,3.0,5.0,11
symbol (1),m,1,3,train,0.0,5.0,4.0,11
symbol (3),z,1,3,train,0.0,2.0,6.0,11
symbol (2),m,1,3,train,0.0,4.0,6.0,11
symbol (1),m,1,3,train,0.0,3.0,5.0,11
symbol (1),m,1,3,train,0.0,1.0,6.0,11
symbol (3),z,1,3,train,0.0,4.0,7.0,11
symbol (2),m,1,3,train,0.0,4.0,7.0,11
symbol (2),m,1,3,train,0.0,1.0,8.0,11
symbol (3),z,1,3,train,0.0,3.0,8.0,11
symbol (1),m,1,3,train,0.0,5.0,7.0,11
symbol (3),z,1,3,train,0.0,2.0,9.0,11
symbol (1),m,1,3,train,0.0,2.0,8.0,11
symbol (2),m,1,3,train,0.0,5.0,9.0,11
symbol (2),m,1,3,train,0.0,1.0,10.0,11
symbol (3),z,1,3,train,0.0,4.0,10.0,11
symbol (2),m,1,3,train,0.0,2.0,11.0,11
symbol (1),m,1,3,train,0.0,5.0,9.0,11
symbol (3),z,1,3,train,0.0,3.0,11.0,11
symbol (1),z,0,3,train,1.0,2.0,10.0,11
environment (6),m,0,6,train,0.0,0.0,0.0,11
environment (1),m,1,6,train,0.0,0.0,0.0,11
environment (5),m,1,6,train,0.0,0.0,0.0,11
environment (4),m,0,6,train,0.0,0.0,0.0,11
environment (2),m,1,6,train,0.0,0.0,0.0,11
environment (3),z,1,6,train,0.0,0.0,0.0,11
environment (3),z,1,6,train,0.0,1.0,1.0,11
environment (6),m,0,6,train,1.0,0.0,0.0,11
environment (4),z,1,6,train,0.0,0.0,0.0,11
environment (5),m,1,6,train,0.0,7.0,1.0,11
environment (1),m,1,6,train,0.0,9.0,1.0,11
environment (2),m,1,6,train,0.0,7.0,1.0,11
environment (1),z,0,6,train,0.0,2.0,2.0,11
environment (3),z,1,6,train,0.0,7.0,2.0,11
environment (2),m,1,6,train,0.0,3.0,2.0,11
environment (6),m,0,6,train,1.0,0.0,0.0,11
environment (5),z,0,6,train,0.0,7.0,2.0,11
environment (4),z,1,6,train,0.0,9.0,1.0,11
environment (5),m,1,6,train,0.0,9.0,2.0,11
environment (2),z,0,6,train,0.0,5.0,3.0,11
environment (6),z,1,6,train,0.0,0.0,0.0,11
environment (1),z,0,6,train,1.0,11.0,2.0,11
environment (4),m,0,6,train,1.0,5.0,2.0,11
environment (3),z,1,6,train,0.0,10.0,3.0,11
environment (6),m,0,6,train,1.0,4.0,1.0,11
environment (5),m,1,6,train,0.0,7.0,3.0,11
environment (2),m,1,6,train,0.0,12.0,3.0,11
environment (3),z,1,6,train,0.0,4.0,4.0,11
environment (4),m,0,6,train,1.0,11.0,2.0,11
environment (1),z,0,6,train,1.0,19.0,2.0,11
environment (6),m,0,6,train,1.0,10.0,1.0,11
environment (3),z,1,6,train,0.0,4.0,5.0,11
environment (4),z,1,6,train,0.0,15.0,2.0,11
environment (1),m,1,6,train,0.0,23.0,2.0,11
environment (2),z,0,6,train,1.0,8.0,4.0,11
environment (5),z,0,6,train,1.0,10.0,4.0,11
environment (2),m,1,6,train,0.0,10.0,4.0,11
environment (3),z,1,6,train,0.0,6.0,6.0,11
environment (5),m,1,6,train,0.0,13.0,4.0,11
environment (4),m,0,6,train,1.0,7.0,3.0,11
environment (1),z,0,6,train,1.0,7.0,3.0,11
environment (6),z,1,6,train,0.0,21.0,1.0,11
environment (2),m,1,6,train,0.0,6.0,5.0,11
environment (1),m,1,6,train,0.0,10.0,3.0,11
environment (4),z,1,6,train,0.0,12.0,3.0,11
environment (3),z,1,6,train,0.0,8.0,7.0,11
environment (5),m,1,6,train,0.0,8.0,5.0,11
environment (6),z,1,6,train,0.0,6.0,2.0,11
environment (3),z,1,6,train,0.0,3.0,8.0,11
environment (2),m,1,6,train,0.0,7.0,6.0,11
environment (6),z,1,6,train,0.0,3.0,3.0,11
environment (1),m,1,6,train,0.0,8.0,4.0,11
environment (4),z,1,6,train,0.0,8.0,4.0,11
environment (5),m,1,6,train,0.0,7.0,6.0,11
environment (2),m,1,6,train,0.0,5.0,7.0,11
environment (6),z,1,6,train,0.0,5.0,4.0,11
environment (3),z,1,6,train,0.0,8.0,9.0,11
environment (1),m,1,6,train,0.0,6.0,5.0,11
environment (4),z,1,6,train,0.0,6.0,5.0,11
environment (5),m,1,6,train,0.0,6.0,7.0,11
environment (3),z,1,6,train,0.0,4.0,10.0,11
environment (5),m,1,6,train,0.0,2.0,8.0,11
environment (2),m,1,6,train,0.0,8.0,8.0,11
environment (6),z,1,6,train,0.0,8.0,5.0,11
environment (1),m,1,6,train,0.0,7.0,6.0,11
environment (4),z,1,6,train,0.0,7.0,6.0,11
environment (5),m,1,6,train,0.0,5.0,9.0,11
environment (2),m,1,6,train,0.0,5.0,9.0,11
environment (1),m,1,6,train,0.0,4.0,7.0,11
environment (4),z,1,6,train,0.0,4.0,7.0,11
environment (3),z,1,6,train,0.0,10.0,11.0,11
environment (6),z,1,6,train,0.0,8.0,6.0,11
environment (5),m,1,6,train,0.0,6.0,10.0,11
environment (1),z,0,6,train,1.0,5.0,8.0,11
environment (2),m,1,6,train,0.0,7.0,10.0,11
environment (4),z,1,6,train,0.0,6.0,8.0,11
environment (3),z,1,6,train,0.0,6.0,12.0,11
environment (6),z,1,6,train,0.0,6.0,7.0,11
vehicle (1),m,1,3,train,0.0,0.0,0.0,11
vehicle (2),m,1,3,train,0.0,0.0,0.0,11
vehicle (3),z,1,3,train,0.0,0.0,0.0,11
vehicle (1),m,1,3,train,0.0,3.0,1.0,11
vehicle (3),z,1,3,train,0.0,2.0,1.0,11
vehicle (2),m,1,3,train,0.0,4.0,1.0,11
vehicle (2),m,1,3,train,0.0,1.0,2.0,11
vehicle (3),z,1,3,train,0.0,3.0,2.0,11
vehicle (1),m,1,3,train,0.0,5.0,2.0,11
vehicle (1),m,1,3,train,0.0,1.0,3.0,11
vehicle (2),m,1,3,train,0.0,4.0,3.0,11
vehicle (3),z,1,3,train,0.0,4.0,3.0,11
vehicle (1),m,1,3,train,0.0,3.0,4.0,11
vehicle (3),z,1,3,train,0.0,2.0,4.0,11
vehicle (2),m,1,3,train,0.0,4.0,4.0,11
vehicle (2),m,1,3,train,0.0,1.0,5.0,11
vehicle (3),z,1,3,train,0.0,3.0,5.0,11
vehicle (1),m,1,3,train,0.0,5.0,5.0,11
vehicle (3),z,1,3,train,0.0,2.0,6.0,11
vehicle (2),m,1,3,train,0.0,4.0,6.0,11
vehicle (1),m,1,3,train,0.0,3.0,6.0,11
vehicle (1),m,1,3,train,0.0,1.0,7.0,11
vehicle (3),z,1,3,train,0.0,4.0,7.0,11
vehicle (2),m,1,3,train,0.0,4.0,7.0,11
vehicle (2),m,1,3,train,0.0,1.0,8.0,11
vehicle (3),z,1,3,train,0.0,3.0,8.0,11
vehicle (1),m,1,3,train,0.0,5.0,8.0,11
vehicle (3),z,1,3,train,0.0,2.0,9.0,11
vehicle (1),m,1,3,train,0.0,2.0,9.0,11
vehicle (2),m,1,3,train,0.0,5.0,9.0,11
vehicle (2),m,1,3,train,0.0,1.0,10.0,11
vehicle (3),z,1,3,train,0.0,4.0,10.0,11
vehicle (2),m,1,3,train,0.0,2.0,11.0,11
vehicle (1),m,1,3,train,0.0,5.0,10.0,11
vehicle (3),z,1,3,train,0.0,3.0,11.0,11
vehicle (1),m,1,3,train,0.0,2.0,11.0,11
instrument (1),m,1,3,train,0.0,0.0,0.0,11
instrument (2),m,1,3,train,0.0,0.0,0.0,11
instrument (3),z,1,3,train,0.0,0.0,0.0,11
instrument (1),z,0,3,train,0.0,3.0,1.0,11
instrument (3),z,1,3,train,0.0,2.0,1.0,11
instrument (2),m,1,3,train,0.0,4.0,1.0,11
instrument (2),m,1,3,train,0.0,1.0,2.0,11
instrument (3),z,1,3,train,0.0,3.0,2.0,11
instrument (1),m,1,3,train,0.0,8.0,1.0,11
instrument (1),m,1,3,train,0.0,1.0,2.0,11
instrument (2),m,1,3,train,0.0,4.0,3.0,11
instrument (3),z,1,3,train,0.0,4.0,3.0,11
instrument (1),m,1,3,train,0.0,3.0,3.0,11
instrument (3),z,1,3,train,0.0,2.0,4.0,11
instrument (2),m,1,3,train,0.0,4.0,4.0,11
instrument (2),m,1,3,train,0.0,1.0,5.0,11
instrument (3),z,1,3,train,0.0,3.0,5.0,11
instrument (1),m,1,3,train,0.0,5.0,4.0,11
instrument (3),z,1,3,train,0.0,2.0,6.0,11
instrument (2),m,1,3,train,0.0,4.0,6.0,11
instrument (1),m,1,3,train,0.0,3.0,5.0,11
instrument (1),m,1,3,train,0.0,1.0,6.0,11
instrument (3),z,1,3,train,0.0,4.0,7.0,11
instrument (2),m,1,3,train,0.0,4.0,7.0,11
instrument (2),m,1,3,train,0.0,1.0,8.0,11
instrument (3),z,1,3,train,0.0,3.0,8.0,11
instrument (1),m,1,3,train,0.0,5.0,7.0,11
instrument (3),m,0,3,train,0.0,2.0,9.0,11
instrument (1),m,1,3,train,0.0,2.0,8.0,11
instrument (2),m,1,3,train,0.0,5.0,9.0,11
instrument (2),m,1,3,train,0.0,1.0,10.0,11
instrument (3),z,1,3,train,0.0,6.0,9.0,11
instrument (2),m,1,3,train,0.0,2.0,11.0,11
instrument (1),m,1,3,train,0.0,5.0,9.0,11
instrument (3),z,1,3,train,0.0,3.0,10.0,11
instrument (1),m,1,3,train,0.0,2.0,10.0,11
jungle2,m,0,3,train,0.0,0.0,0.0,12
jungle1,z,1,3,train,0.0,0.0,0.0,12
jungle3,z,0,3,train,0.0,0.0,0.0,12
jungle1,m,0,3,train,0.0,2.0,1.0,12
jungle3,z,0,3,train,1.0,0.0,0.0,12
jungle2,m,0,3,train,1.0,0.0,0.0,12
jungle3,z,0,3,train,1.0,0.0,0.0,12
jungle2,z,1,3,train,0.0,0.0,0.0,12
jungle1,m,0,3,train,1.0,7.0,1.0,12
jungle1,m,0,3,train,1.0,8.0,1.0,12
jungle2,z,1,3,train,0.0,3.0,1.0,12
jungle3,m,1,3,train,0.0,0.0,0.0,12
jungle3,m,1,3,train,0.0,1.0,1.0,12
jungle1,z,1,3,train,0.0,12.0,1.0,12
jungle2,m,0,3,train,1.0,4.0,2.0,12
jungle3,z,0,3,train,1.0,3.0,2.0,12
jungle1,z,1,3,train,0.0,3.0,2.0,12
jungle2,m,0,3,train,1.0,7.0,2.0,12
jungle1,z,1,3,train,0.0,2.0,3.0,12
jungle3,z,0,3,train,1.0,7.0,2.0,12
jungle2,z,1,3,train,0.0,10.0,2.0,12
jungle3,m,1,3,train,0.0,9.0,2.0,12
jungle2,z,1,3,train,0.0,2.0,3.0,12
jungle1,m,0,3,train,1.0,5.0,4.0,12
jungle2,z,1,3,train,0.0,2.0,4.0,12
jungle3,m,1,3,train,0.0,4.0,3.0,12
jungle1,z,1,3,train,0.0,8.0,4.0,12
jungle1,z,1,3,train,0.0,1.0,5.0,12
jungle2,z,1,3,train,0.0,4.0,5.0,12
jungle3,m,1,3,train,0.0,4.0,4.0,12
jungle2,z,1,3,train,0.0,2.0,6.0,12
jungle3,z,0,3,train,1.0,2.0,5.0,12
jungle1,z,1,3,train,0.0,5.0,6.0,12
jungle2,z,1,3,train,0.0,3.0,7.0,12
jungle1,z,1,3,train,0.0,2.0,7.0,12
jungle3,m,1,3,train,0.0,6.0,5.0,12
vegan (6),m,0,6,train,0.0,0.0,0.0,12
vegan (1),m,1,6,train,0.0,0.0,0.0,12
vegan (5),m,1,6,train,0.0,0.0,0.0,12
vegan (4),m,0,6,train,0.0,0.0,0.0,12
vegan (2),m,1,6,train,0.0,0.0,0.0,12
vegan (3),m,0,6,train,0.0,0.0,0.0,12
vegan (3),z,1,6,train,0.0,0.0,0.0,12
vegan (6),z,1,6,train,0.0,0.0,0.0,12
vegan (4),z,1,6,train,0.0,0.0,0.0,12
vegan (5),m,1,6,train,0.0,7.0,1.0,12
vegan (1),m,1,6,train,0.0,9.0,1.0,12
vegan (2),m,1,6,train,0.0,7.0,1.0,12
vegan (1),m,1,6,train,0.0,2.0,2.0,12
vegan (3),z,1,6,train,0.0,7.0,1.0,12
vegan (2),m,1,6,train,0.0,3.0,2.0,12
vegan (6),z,1,6,train,0.0,8.0,1.0,12
vegan (5),m,1,6,train,0.0,7.0,2.0,12
vegan (4),m,0,6,train,1.0,9.0,1.0,12
vegan (5),m,1,6,train,0.0,2.0,3.0,12
vegan (2),m,1,6,train,0.0,5.0,3.0,12
vegan (6),z,1,6,train,0.0,5.0,2.0,12
vegan (1),m,1,6,train,0.0,9.0,3.0,12
vegan (4),z,1,6,train,0.0,14.0,1.0,12
vegan (3),z,1,6,train,0.0,10.0,2.0,12
vegan (6),z,1,6,train,0.0,4.0,3.0,12
vegan (5),m,1,6,train,0.0,7.0,4.0,12
vegan (2),m,1,6,train,0.0,7.0,4.0,12
vegan (3),z,1,6,train,0.0,4.0,3.0,12
vegan (4),z,1,6,train,0.0,6.0,2.0,12
vegan (1),m,1,6,train,0.0,8.0,4.0,12
vegan (6),z,1,6,train,0.0,6.0,4.0,12
vegan (3),z,1,6,train,0.0,4.0,4.0,12
vegan (4),z,1,6,train,0.0,4.0,3.0,12
vegan (1),m,1,6,train,0.0,4.0,5.0,12
vegan (2),m,1,6,train,0.0,8.0,5.0,12
vegan (5),m,1,6,train,0.0,10.0,5.0,12
vegan (2),m,1,6,train,0.0,2.0,6.0,12
vegan (3),z,1,6,train,0.0,6.0,5.0,12
vegan (5),m,1,6,train,0.0,3.0,6.0,12
vegan (4),z,1,6,train,0.0,7.0,4.0,12
vegan (1),m,1,6,train,0.0,7.0,6.0,12
vegan (6),z,1,6,train,0.0,11.0,5.0,12
vegan (2),m,1,6,train,0.0,6.0,7.0,12
vegan (1),m,1,6,train,0.0,3.0,7.0,12
vegan (4),z,1,6,train,0.0,5.0,5.0,12
vegan (3),z,1,6,train,0.0,8.0,6.0,12
vegan (5),m,1,6,train,0.0,8.0,7.0,12
vegan (6),z,1,6,train,0.0,6.0,6.0,12
vegan (3),z,1,6,train,0.0,3.0,7.0,12
vegan (2),m,1,6,train,0.0,7.0,8.0,12
vegan (6),z,1,6,train,0.0,3.0,7.0,12
vegan (1),m,1,6,train,0.0,8.0,8.0,12
vegan (4),z,1,6,train,0.0,8.0,6.0,12
vegan (5),m,1,6,train,0.0,7.0,8.0,12
vegan (2),m,1,6,train,0.0,5.0,9.0,12
vegan (6),z,1,6,train,0.0,5.0,8.0,12
vegan (3),z,1,6,train,0.0,8.0,8.0,12
vegan (1),m,1,6,train,0.0,6.0,9.0,12
vegan (4),z,1,6,train,0.0,6.0,7.0,12
vegan (5),m,1,6,train,0.0,6.0,9.0,12
vegan (3),z,1,6,train,0.0,4.0,9.0,12
vegan (5),m,1,6,train,0.0,2.0,10.0,12
vegan (2),m,1,6,train,0.0,8.0,10.0,12
vegan (6),z,1,6,train,0.0,8.0,9.0,12
vegan (1),m,1,6,train,0.0,7.0,10.0,12
vegan (4),z,1,6,train,0.0,7.0,8.0,12
vegan (5),m,1,6,train,0.0,5.0,11.0,12
vegan (2),m,1,6,train,0.0,5.0,11.0,12
vegan (1),m,1,6,train,0.0,4.0,11.0,12
vegan (4),z,1,6,train,0.0,4.0,9.0,12
vegan (3),z,1,6,train,0.0,10.0,10.0,12
vegan (6),z,1,6,train,0.0,8.0,10.0,12
vegan (5),m,1,6,train,0.0,6.0,12.0,12
vegan (1),m,1,6,train,0.0,5.0,12.0,12
vegan (2),m,1,6,train,0.0,7.0,12.0,12
vegan (4),z,1,6,train,0.0,6.0,10.0,12
vegan (3),z,1,6,train,0.0,6.0,11.0,12
vegan (6),z,1,6,train,0.0,6.0,11.0,12
animal (1),m,0,3,train,0.0,0.0,0.0,12
animal (2),m,0,3,train,0.0,0.0,0.0,12
animal (3),m,1,3,train,0.0,0.0,0.0,12
animal (1),z,1,3,train,0.0,0.0,0.0,12
animal (3),m,1,3,train,0.0,2.0,1.0,12
animal (2),z,1,3,train,0.0,0.0,0.0,12
animal (2),z,1,3,train,0.0,1.0,1.0,12
animal (3),m,1,3,train,0.0,3.0,2.0,12
animal (1),z,1,3,train,0.0,5.0,1.0,12
animal (1),z,1,3,train,0.0,1.0,2.0,12
animal (2),z,1,3,train,0.0,4.0,2.0,12
animal (3),m,1,3,train,0.0,4.0,3.0,12
animal (1),z,1,3,train,0.0,3.0,3.0,12
animal (3),m,1,3,train,0.0,2.0,4.0,12
animal (2),z,1,3,train,0.0,4.0,3.0,12
animal (2),z,1,3,train,0.0,1.0,4.0,12
animal (3),m,1,3,train,0.0,3.0,5.0,12
animal (1),z,1,3,train,0.0,5.0,4.0,12
animal (3),m,1,3,train,0.0,2.0,6.0,12
animal (2),z,1,3,train,0.0,4.0,5.0,12
animal (1),m,0,3,train,1.0,3.0,5.0,12
animal (1),z,1,3,train,0.0,4.0,5.0,12
animal (3),m,1,3,train,0.0,4.0,7.0,12
animal (2),z,1,3,train,0.0,4.0,6.0,12
animal (2),z,1,3,train,0.0,1.0,7.0,12
animal (3),m,1,3,train,0.0,3.0,8.0,12
animal (1),z,1,3,train,0.0,5.0,6.0,12
animal (3),m,1,3,train,0.0,2.0,9.0,12
animal (1),z,1,3,train,0.0,2.0,7.0,12
animal (2),z,1,3,train,0.0,5.0,8.0,12
animal (2),z,1,3,train,0.0,1.0,9.0,12
animal (3),m,1,3,train,0.0,4.0,10.0,12
animal (2),z,1,3,train,0.0,2.0,10.0,12
animal (1),z,1,3,train,0.0,5.0,8.0,12
animal (3),m,1,3,train,0.0,3.0,11.0,12
animal (1),z,1,3,train,0.0,2.0,9.0,12
fruits (6),m,0,6,train,0.0,0.0,0.0,12
fruits (1),m,1,6,train,0.0,0.0,0.0,12
fruits (5),m,1,6,train,0.0,0.0,0.0,12
fruits (4),m,0,6,train,0.0,0.0,0.0,12
fruits (2),m,1,6,train,0.0,0.0,0.0,12
fruits (3),m,0,6,train,0.0,0.0,0.0,12
fruits (3),z,1,6,train,0.0,0.0,0.0,12
fruits (6),z,1,6,train,0.0,0.0,0.0,12
fruits (4),z,1,6,train,0.0,0.0,0.0,12
fruits (5),m,1,6,train,0.0,7.0,1.0,12
fruits (1),m,1,6,train,0.0,9.0,1.0,12
fruits (2),m,1,6,train,0.0,7.0,1.0,12
fruits (1),m,1,6,train,0.0,2.0,2.0,12
fruits (3),z,1,6,train,0.0,7.0,1.0,12
fruits (2),m,1,6,train,0.0,3.0,2.0,12
fruits (6),z,1,6,train,0.0,8.0,1.0,12
fruits (5),m,1,6,train,0.0,7.0,2.0,12
fruits (4),z,1,6,train,0.0,9.0,1.0,12
fruits (5),m,1,6,train,0.0,2.0,3.0,12
fruits (2),m,1,6,train,0.0,5.0,3.0,12
fruits (6),z,1,6,train,0.0,5.0,2.0,12
fruits (1),m,1,6,train,0.0,9.0,3.0,12
fruits (4),z,1,6,train,0.0,5.0,2.0,12
fruits (3),z,1,6,train,0.0,10.0,2.0,12
fruits (6),z,1,6,train,0.0,4.0,3.0,12
fruits (5),m,1,6,train,0.0,7.0,4.0,12
fruits (2),m,1,6,train,0.0,7.0,4.0,12
fruits (3),z,1,6,train,0.0,4.0,3.0,12
fruits (4),z,1,6,train,0.0,6.0,3.0,12
fruits (1),m,1,6,train,0.0,8.0,4.0,12
fruits (6),z,1,6,train,0.0,6.0,4.0,12
fruits (3),z,1,6,train,0.0,4.0,4.0,12
fruits (4),z,1,6,train,0.0,4.0,4.0,12
fruits (1),m,1,6,train,0.0,4.0,5.0,12
fruits (2),m,1,6,train,0.0,8.0,5.0,12
fruits (5),m,1,6,train,0.0,10.0,5.0,12
fruits (2),m,1,6,train,0.0,2.0,6.0,12
fruits (3),z,1,6,train,0.0,6.0,5.0,12
fruits (5),m,1,6,train,0.0,3.0,6.0,12
fruits (4),z,1,6,train,0.0,7.0,5.0,12
fruits (1),m,1,6,train,0.0,7.0,6.0,12
fruits (6),z,1,6,train,0.0,11.0,5.0,12
fruits (2),m,1,6,train,0.0,6.0,7.0,12
fruits (1),m,1,6,train,0.0,3.0,7.0,12
fruits (4),z,1,6,train,0.0,5.0,6.0,12
fruits (3),z,1,6,train,0.0,8.0,6.0,12
fruits (5),m,1,6,train,0.0,8.0,7.0,12
fruits (6),z,1,6,train,0.0,6.0,6.0,12
fruits (3),z,1,6,train,0.0,3.0,7.0,12
fruits (2),m,1,6,train,0.0,7.0,8.0,12
fruits (6),z,1,6,train,0.0,3.0,7.0,12
fruits (1),z,0,6,train,0.0,8.0,8.0,12
fruits (4),z,1,6,train,0.0,8.0,7.0,12
fruits (5),m,1,6,train,0.0,7.0,8.0,12
fruits (2),m,1,6,train,0.0,5.0,9.0,12
fruits (6),z,1,6,train,0.0,5.0,8.0,12
fruits (3),z,1,6,train,0.0,8.0,8.0,12
fruits (1),m,1,6,train,0.0,14.0,8.0,12
fruits (4),z,1,6,train,0.0,6.0,8.0,12
fruits (5),m,1,6,train,0.0,6.0,9.0,12
fruits (3),z,1,6,train,0.0,4.0,9.0,12
fruits (5),m,1,6,train,0.0,2.0,10.0,12
fruits (2),m,1,6,train,0.0,8.0,10.0,12
fruits (6),z,1,6,train,0.0,8.0,9.0,12
fruits (1),m,1,6,train,0.0,7.0,9.0,12
fruits (4),z,1,6,train,0.0,7.0,9.0,12
fruits (5),m,1,6,train,0.0,5.0,11.0,12
fruits (2),m,1,6,train,0.0,5.0,11.0,12
fruits (1),m,1,6,train,0.0,4.0,10.0,12
fruits (4),z,1,6,train,0.0,4.0,10.0,12
fruits (3),z,1,6,train,0.0,10.0,10.0,12
fruits (6),z,1,6,train,0.0,8.0,10.0,12
fruits (5),m,1,6,train,0.0,6.0,12.0,12
fruits (1),m,1,6,train,0.0,5.0,11.0,12
fruits (2),m,1,6,train,0.0,7.0,12.0,12
fruits (4),z,1,6,train,0.0,6.0,11.0,12
fruits (3),z,1,6,train,0.0,6.0,11.0,12
fruits (6),m,0,6,train,1.0,6.0,11.0,12
tools (1),m,0,3,train,0.0,0.0,0.0,12
tools (2),m,0,3,train,0.0,0.0,0.0,12
tools (3),m,1,3,train,0.0,0.0,0.0,12
tools (1),z,1,3,train,0.0,0.0,0.0,12
tools (3),m,1,3,train,0.0,2.0,1.0,12
tools (2),z,1,3,train,0.0,0.0,0.0,12
tools (2),z,1,3,train,0.0,1.0,1.0,12
tools (3),m,1,3,train,0.0,3.0,2.0,12
tools (1),z,1,3,train,0.0,5.0,1.0,12
tools (1),z,1,3,train,0.0,1.0,2.0,12
tools (2),z,1,3,train,0.0,4.0,2.0,12
tools (3),m,1,3,train,0.0,4.0,3.0,12
tools (1),z,1,3,train,0.0,3.0,3.0,12
tools (3),m,1,3,train,0.0,2.0,4.0,12
tools (2),z,1,3,train,0.0,4.0,3.0,12
tools (2),z,1,3,train,0.0,1.0,4.0,12
tools (3),m,1,3,train,0.0,3.0,5.0,12
tools (1),z,1,3,train,0.0,5.0,4.0,12
tools (3),m,1,3,train,0.0,2.0,6.0,12
tools (2),z,1,3,train,0.0,4.0,5.0,12
tools (1),m,0,3,train,1.0,3.0,5.0,12
tools (1),z,1,3,train,0.0,4.0,5.0,12
tools (3),m,1,3,train,0.0,4.0,7.0,12
tools (2),m,0,3,train,1.0,4.0,6.0,12
tools (2),z,1,3,train,0.0,5.0,6.0,12
tools (3),m,1,3,train,0.0,3.0,8.0,12
tools (1),z,1,3,train,0.0,5.0,6.0,12
tools (3),m,1,3,train,0.0,2.0,9.0,12
tools (1),z,1,3,train,0.0,2.0,7.0,12
tools (2),z,1,3,train,0.0,5.0,7.0,12
tools (2),z,1,3,train,0.0,1.0,8.0,12
tools (3),m,1,3,train,0.0,4.0,10.0,12
tools (2),z,1,3,train,0.0,2.0,9.0,12
tools (1),z,1,3,train,0.0,5.0,8.0,12
tools (3),m,1,3,train,0.0,3.0,11.0,12
tools (1),z,1,3,train,0.0,2.0,9.0,12
clothes (6),m,0,6,train,0.0,0.0,0.0,12
clothes (1),m,1,6,train,0.0,0.0,0.0,12
clothes (5),m,1,6,train,0.0,0.0,0.0,12
clothes (4),m,0,6,train,0.0,0.0,0.0,12
clothes (2),m,1,6,train,0.0,0.0,0.0,12
clothes (3),m,0,6,train,0.0,0.0,0.0,12
clothes (3),z,1,6,train,0.0,0.0,0.0,12
clothes (6),z,1,6,train,0.0,0.0,0.0,12
clothes (4),z,1,6,train,0.0,0.0,0.0,12
clothes (5),m,1,6,train,0.0,7.0,1.0,12
clothes (1),m,1,6,train,0.0,9.0,1.0,12
clothes (2),m,1,6,train,0.0,7.0,1.0,12
clothes (1),m,1,6,train,0.0,2.0,2.0,12
clothes (3),z,1,6,train,0.0,7.0,1.0,12
clothes (2),z,0,6,train,0.0,3.0,2.0,12
clothes (6),m,0,6,train,1.0,8.0,1.0,12
clothes (5),m,1,6,train,0.0,7.0,2.0,12
clothes (4),z,1,6,train,0.0,9.0,1.0,12
clothes (5),m,1,6,train,0.0,2.0,3.0,12
clothes (2),m,1,6,train,0.0,8.0,2.0,12
clothes (6),z,1,6,train,0.0,13.0,1.0,12
clothes (1),m,1,6,train,0.0,9.0,3.0,12
clothes (4),z,1,6,train,0.0,5.0,2.0,12
clothes (3),z,1,6,train,0.0,10.0,2.0,12
clothes (6),z,1,6,train,0.0,4.0,2.0,12
clothes (5),m,1,6,train,0.0,7.0,4.0,12
clothes (2),m,1,6,train,0.0,7.0,3.0,12
clothes (3),z,1,6,train,0.0,4.0,3.0,12
clothes (4),z,1,6,train,0.0,6.0,3.0,12
clothes (1),m,1,6,train,0.0,8.0,4.0,12
clothes (6),z,1,6,train,0.0,6.0,3.0,12
clothes (3),z,1,6,train,0.0,4.0,4.0,12
clothes (4),z,1,6,train,0.0,4.0,4.0,12
clothes (1),m,1,6,train,0.0,4.0,5.0,12
clothes (2),m,1,6,train,0.0,8.0,4.0,12
clothes (5),m,1,6,train,0.0,10.0,5.0,12
clothes (2),m,1,6,train,0.0,2.0,5.0,12
clothes (3),z,1,6,train,0.0,6.0,5.0,12
clothes (5),m,1,6,train,0.0,3.0,6.0,12
clothes (4),z,1,6,train,0.0,7.0,5.0,12
clothes (1),m,1,6,train,0.0,7.0,6.0,12
clothes (6),z,1,6,train,0.0,11.0,4.0,12
clothes (2),m,1,6,train,0.0,6.0,6.0,12
clothes (1),m,1,6,train,0.0,3.0,7.0,12
clothes (4),z,1,6,train,0.0,5.0,6.0,12
clothes (3),z,1,6,train,0.0,8.0,6.0,12
clothes (5),m,1,6,train,0.0,8.0,7.0,12
clothes (6),z,1,6,train,0.0,6.0,5.0,12
clothes (3),z,1,6,train,0.0,3.0,7.0,12
clothes (2),m,1,6,train,0.0,7.0,7.0,12
clothes (6),z,1,6,train,0.0,3.0,6.0,12
clothes (1),m,1,6,train,0.0,8.0,8.0,12
clothes (4),z,1,6,train,0.0,8.0,7.0,12
clothes (5),m,1,6,train,0.0,7.0,8.0,12
clothes (2),z,0,6,train,1.0,5.0,8.0,12
clothes (6),m,0,6,train,1.0,5.0,7.0,12
clothes (3),z,1,6,train,0.0,8.0,8.0,12
clothes (1),m,1,6,train,0.0,6.0,9.0,12
clothes (4),z,1,6,train,0.0,6.0,8.0,12
clothes (5),m,1,6,train,0.0,6.0,9.0,12
clothes (3),z,1,6,train,0.0,4.0,9.0,12
clothes (5),m,1,6,train,0.0,2.0,10.0,12
clothes (2),m,1,6,train,0.0,13.0,8.0,12
clothes (6),z,1,6,train,0.0,13.0,7.0,12
clothes (1),m,1,6,train,0.0,7.0,10.0,12
clothes (4),z,1,6,train,0.0,7.0,9.0,12
clothes (5),m,1,6,train,0.0,5.0,11.0,12
clothes (2),m,1,6,train,0.0,5.0,9.0,12
clothes (1),m,1,6,train,0.0,4.0,11.0,12
clothes (4),z,1,6,train,0.0,4.0,10.0,12
clothes (3),z,1,6,train,0.0,10.0,10.0,12
clothes (6),z,1,6,train,0.0,8.0,8.0,12
clothes (5),m,1,6,train,0.0,6.0,12.0,12
clothes (1),m,1,6,train,0.0,5.0,12.0,12
clothes (2),m,1,6,train,0.0,7.0,10.0,12
clothes (4),z,1,6,train,0.0,6.0,11.0,12
clothes (3),z,1,6,train,0.0,6.0,11.0,12
clothes (6),z,1,6,train,0.0,6.0,9.0,12
face (1),m,0,3,train,0.0,0.0,0.0,12
face (2),m,0,3,train,0.0,0.0,0.0,12
face (3),m,1,3,train,0.0,0.0,0.0,12
face (1),z,1,3,train,0.0,0.0,0.0,12
face (3),m,1,3,train,0.0,2.0,1.0,12
face (2),z,1,3,train,0.0,0.0,0.0,12
face (2),z,1,3,train,0.0,1.0,1.0,12
face (3),m,1,3,train,0.0,3.0,2.0,12
face (1),z,1,3,train,0.0,5.0,1.0,12
face (1),z,1,3,train,0.0,1.0,2.0,12
face (2),z,1,3,train,0.0,4.0,2.0,12
face (3),m,1,3,train,0.0,4.0,3.0,12
face (1),z,1,3,train,0.0,3.0,3.0,12
face (3),m,1,3,train,0.0,2.0,4.0,12
face (2),z,1,3,train,0.0,4.0,3.0,12
face (2),z,1,3,train,0.0,1.0,4.0,12
face (3),m,1,3,train,0.0,3.0,5.0,12
face (1),z,1,3,train,0.0,5.0,4.0,12
face (3),m,1,3,train,0.0,2.0,6.0,12
face (2),z,1,3,train,0.0,4.0,5.0,12
face (1),z,1,3,train,0.0,3.0,5.0,12
face (1),z,1,3,train,0.0,1.0,6.0,12
face (3),m,1,3,train,0.0,4.0,7.0,12
face (2),z,1,3,train,0.0,4.0,6.0,12
face (2),z,1,3,train,0.0,1.0,7.0,12
face (3),m,1,3,train,0.0,3.0,8.0,12
face (1),z,1,3,train,0.0,5.0,7.0,12
face (3),m,1,3,train,0.0,2.0,9.0,12
face (1),z,1,3,train,0.0,2.0,8.0,12
face (2),z,1,3,train,0.0,5.0,8.0,12
face (2),z,1,3,train,0.0,1.0,9.0,12
face (3),m,1,3,train,0.0,4.0,10.0,12
face (2),z,1,3,train,0.0,2.0,10.0,12
face (1),z,1,3,train,0.0,5.0,9.0,12
face (3),m,1,3,train,0.0,3.0,11.0,12
face (1),z,1,3,train,0.0,2.0,10.0,12
color (6),m,0,6,train,0.0,0.0,0.0,12
color (1),m,1,6,train,0.0,0.0,0.0,12
color (5),m,1,6,train,0.0,0.0,0.0,12
color (4),m,0,6,train,0.0,0.0,0.0,12
color (2),m,1,6,train,0.0,0.0,0.0,12
color (3),z,1,6,train,0.0,0.0,0.0,12
color (3),z,1,6,train,0.0,1.0,1.0,12
color (6),z,1,6,train,0.0,0.0,0.0,12
color (4),z,1,6,train,0.0,0.0,0.0,12
color (5),z,0,6,train,0.0,7.0,1.0,12
color (1),m,1,6,train,0.0,9.0,1.0,12
color (2),m,1,6,train,0.0,7.0,1.0,12
color (1),m,1,6,train,0.0,2.0,2.0,12
color (3),z,1,6,train,0.0,7.0,2.0,12
color (2),m,1,6,train,0.0,3.0,2.0,12
color (6),z,1,6,train,0.0,8.0,1.0,12
color (5),z,0,6,train,1.0,14.0,1.0,12
color (4),z,1,6,train,0.0,9.0,1.0,12
color (5),m,1,6,train,0.0,16.0,1.0,12
color (2),m,1,6,train,0.0,5.0,3.0,12
color (6),z,1,6,train,0.0,5.0,2.0,12
color (1),m,1,6,train,0.0,9.0,3.0,12
color (4),z,1,6,train,0.0,5.0,2.0,12
color (3),z,1,6,train,0.0,10.0,3.0,12
color (6),z,1,6,train,0.0,4.0,3.0,12
color (5),m,1,6,train,0.0,7.0,2.0,12
color (2),m,1,6,train,0.0,7.0,4.0,12
color (3),z,1,6,train,0.0,4.0,4.0,12
color (4),z,1,6,train,0.0,6.0,3.0,12
color (1),m,1,6,train,0.0,8.0,4.0,12
color (6),z,1,6,train,0.0,6.0,4.0,12
color (3),z,1,6,train,0.0,4.0,5.0,12
color (4),z,1,6,train,0.0,4.0,4.0,12
color (1),m,1,6,train,0.0,4.0,5.0,12
color (2),m,1,6,train,0.0,8.0,5.0,12
color (5),m,1,6,train,0.0,10.0,3.0,12
color (2),m,1,6,train,0.0,2.0,6.0,12
color (3),z,1,6,train,0.0,6.0,6.0,12
color (5),m,1,6,train,0.0,3.0,4.0,12
color (4),z,1,6,train,0.0,7.0,5.0,12
color (1),m,1,6,train,0.0,7.0,6.0,12
color (6),z,1,6,train,0.0,11.0,5.0,12
color (2),m,1,6,train,0.0,6.0,7.0,12
color (1),m,1,6,train,0.0,3.0,7.0,12
color (4),z,1,6,train,0.0,5.0,6.0,12
color (3),z,1,6,train,0.0,8.0,7.0,12
color (5),m,1,6,train,0.0,8.0,5.0,12
color (6),z,1,6,train,0.0,6.0,6.0,12
color (3),z,1,6,train,0.0,3.0,8.0,12
color (2),m,1,6,train,0.0,7.0,8.0,12
color (6),z,1,6,train,0.0,3.0,7.0,12
color (1),m,1,6,train,0.0,8.0,8.0,12
color (4),z,1,6,train,0.0,8.0,7.0,12
color (5),m,1,6,train,0.0,7.0,6.0,12
color (2),m,1,6,train,0.0,5.0,9.0,12
color (6),z,1,6,train,0.0,5.0,8.0,12
color (3),z,1,6,train,0.0,8.0,9.0,12
color (1),m,1,6,train,0.0,6.0,9.0,12
color (4),z,1,6,train,0.0,6.0,8.0,12
color (5),m,1,6,train,0.0,6.0,7.0,12
color (3),z,1,6,train,0.0,4.0,10.0,12
color (5),m,1,6,train,0.0,2.0,8.0,12
color (2),m,1,6,train,0.0,8.0,10.0,12
color (6),z,1,6,train,0.0,8.0,9.0,12
color (1),m,1,6,train,0.0,7.0,10.0,12
color (4),z,1,6,train,0.0,7.0,9.0,12
color (5),m,1,6,train,0.0,5.0,9.0,12
color (2),m,1,6,train,0.0,5.0,11.0,12
color (1),m,1,6,train,0.0,4.0,11.0,12
color (4),z,1,6,train,0.0,4.0,10.0,12
color (3),z,1,6,train,0.0,10.0,11.0,12
color (6),z,1,6,train,0.0,8.0,10.0,12
color (5),m,1,6,train,0.0,6.0,10.0,12
color (1),m,1,6,train,0.0,5.0,12.0,12
color (2),m,1,6,train,0.0,7.0,12.0,12
color (4),z,1,6,train,0.0,6.0,11.0,12
color (3),z,1,6,train,0.0,6.0,12.0,12
color (6),z,1,6,train,0.0,6.0,11.0,12
symbol (1),m,1,3,train,0.0,0.0,0.0,12
symbol (2),m,1,3,train,0.0,0.0,0.0,12
symbol (3),m,0,3,train,0.0,0.0,0.0,12
symbol (1),m,1,3,train,0.0,3.0,1.0,12
symbol (3),m,0,3,train,1.0,0.0,0.0,12
symbol (2),m,1,3,train,0.0,4.0,1.0,12
symbol (2),m,1,3,train,0.0,1.0,2.0,12
symbol (3),z,1,3,train,0.0,0.0,0.0,12
symbol (1),m,1,3,train,0.0,5.0,2.0,12
symbol (1),m,1,3,train,0.0,1.0,3.0,12
symbol (2),m,1,3,train,0.0,4.0,3.0,12
symbol (3),z,1,3,train,0.0,4.0,1.0,12
symbol (1),m,1,3,train,0.0,3.0,4.0,12
symbol (3),z,1,3,train,0.0,2.0,2.0,12
symbol (2),m,1,3,train,0.0,4.0,4.0,12
symbol (2),m,1,3,train,0.0,1.0,5.0,12
symbol (3),z,1,3,train,0.0,3.0,3.0,12
symbol (1),m,1,3,train,0.0,5.0,5.0,12
symbol (3),z,1,3,train,0.0,2.0,4.0,12
symbol (2),m,1,3,train,0.0,4.0,6.0,12
symbol (1),m,1,3,train,0.0,3.0,6.0,12
symbol (1),m,1,3,train,0.0,1.0,7.0,12
symbol (3),z,1,3,train,0.0,4.0,5.0,12
symbol (2),m,1,3,train,0.0,4.0,7.0,12
symbol (2),m,1,3,train,0.0,1.0,8.0,12
symbol (3),z,1,3,train,0.0,3.0,6.0,12
symbol (1),m,1,3,train,0.0,5.0,8.0,12
symbol (3),z,1,3,train,0.0,2.0,7.0,12
symbol (1),m,1,3,train,0.0,2.0,9.0,12
symbol (2),z,0,3,train,0.0,5.0,9.0,12
symbol (2),m,1,3,train,0.0,6.0,9.0,12
symbol (3),z,1,3,train,0.0,4.0,8.0,12
symbol (2),m,1,3,train,0.0,2.0,10.0,12
symbol (1),m,1,3,train,0.0,5.0,10.0,12
symbol (3),z,1,3,train,0.0,3.0,9.0,12
symbol (1),m,1,3,train,0.0,2.0,11.0,12
environment (6),m,0,6,train,0.0,0.0,0.0,12
environment (1),m,1,6,train,0.0,0.0,0.0,12
environment (5),m,1,6,train,0.0,0.0,0.0,12
environment (4),m,0,6,train,0.0,0.0,0.0,12
environment (2),m,1,6,train,0.0,0.0,0.0,12
environment (3),m,0,6,train,0.0,0.0,0.0,12
environment (3),z,1,6,train,0.0,0.0,0.0,12
environment (6),z,1,6,train,0.0,0.0,0.0,12
environment (4),m,0,6,train,1.0,0.0,0.0,12
environment (5),m,1,6,train,0.0,7.0,1.0,12
environment (1),m,1,6,train,0.0,9.0,1.0,12
environment (2),m,1,6,train,0.0,7.0,1.0,12
environment (1),m,1,6,train,0.0,2.0,2.0,12
environment (3),z,1,6,train,0.0,7.0,1.0,12
environment (2),m,1,6,train,0.0,3.0,2.0,12
environment (6),z,1,6,train,0.0,8.0,1.0,12
environment (5),m,1,6,train,0.0,7.0,2.0,12
environment (4),z,1,6,train,0.0,0.0,0.0,12
environment (5),m,1,6,train,0.0,2.0,3.0,12
environment (2),m,1,6,train,0.0,5.0,3.0,12
environment (6),z,1,6,train,0.0,5.0,2.0,12
environment (1),m,1,6,train,0.0,9.0,3.0,12
environment (4),z,1,6,train,0.0,5.0,1.0,12
environment (3),z,1,6,train,0.0,10.0,2.0,12
environment (6),z,1,6,train,0.0,4.0,3.0,12
environment (5),m,1,6,train,0.0,7.0,4.0,12
environment (2),m,1,6,train,0.0,7.0,4.0,12
environment (3),z,1,6,train,0.0,4.0,3.0,12
environment (4),z,1,6,train,0.0,6.0,2.0,12
environment (1),m,1,6,train,0.0,8.0,4.0,12
environment (6),z,1,6,train,0.0,6.0,4.0,12
environment (3),z,1,6,train,0.0,4.0,4.0,12
environment (4),z,1,6,train,0.0,4.0,3.0,12
environment (1),m,1,6,train,0.0,4.0,5.0,12
environment (2),m,1,6,train,0.0,8.0,5.0,12
environment (5),m,1,6,train,0.0,10.0,5.0,12
environment (2),m,1,6,train,0.0,2.0,6.0,12
environment (3),z,1,6,train,0.0,6.0,5.0,12
environment (5),m,1,6,train,0.0,3.0,6.0,12
environment (4),z,1,6,train,0.0,7.0,4.0,12
environment (1),m,1,6,train,0.0,7.0,6.0,12
environment (6),z,1,6,train,0.0,11.0,5.0,12
environment (2),m,1,6,train,0.0,6.0,7.0,12
environment (1),m,1,6,train,0.0,3.0,7.0,12
environment (4),z,1,6,train,0.0,5.0,5.0,12
environment (3),z,1,6,train,0.0,8.0,6.0,12
environment (5),m,1,6,train,0.0,8.0,7.0,12
environment (6),z,1,6,train,0.0,6.0,6.0,12
environment (3),z,1,6,train,0.0,3.0,7.0,12
environment (2),m,1,6,train,0.0,7.0,8.0,12
environment (6),z,1,6,train,0.0,3.0,7.0,12
environment (1),m,1,6,train,0.0,8.0,8.0,12
environment (4),z,1,6,train,0.0,8.0,6.0,12
environment (5),m,1,6,train,0.0,7.0,8.0,12
environment (2),m,1,6,train,0.0,5.0,9.0,12
environment (6),z,1,6,train,0.0,5.0,8.0,12
environment (3),z,1,6,train,0.0,8.0,8.0,12
environment (1),m,1,6,train,0.0,6.0,9.0,12
environment (4),z,1,6,train,0.0,6.0,7.0,12
environment (5),m,1,6,train,0.0,6.0,9.0,12
environment (3),z,1,6,train,0.0,4.0,9.0,12
environment (5),m,1,6,train,0.0,2.0,10.0,12
environment (2),m,1,6,train,0.0,8.0,10.0,12
environment (6),z,1,6,train,0.0,8.0,9.0,12
environment (1),m,1,6,train,0.0,7.0,10.0,12
environment (4),z,1,6,train,0.0,7.0,8.0,12
environment (5),m,1,6,train,0.0,5.0,11.0,12
environment (2),m,1,6,train,0.0,5.0,11.0,12
environment (1),m,1,6,train,0.0,4.0,11.0,12
environment (4),z,1,6,train,0.0,4.0,9.0,12
environment (3),z,1,6,train,0.0,10.0,10.0,12
environment (6),z,1,6,train,0.0,8.0,10.0,12
environment (5),m,1,6,train,0.0,6.0,12.0,12
environment (1),m,1,6,train,0.0,5.0,12.0,12
environment (2),m,1,6,train,0.0,7.0,12.0,12
environment (4),z,1,6,train,0.0,6.0,10.0,12
environment (3),z,1,6,train,0.0,6.0,11.0,12
environment (6),z,1,6,train,0.0,6.0,11.0,12
vehicle (1),m,1,3,train,0.0,0.0,0.0,12
vehicle (2),m,1,3,train,0.0,0.0,0.0,12
vehicle (3),m,0,3,train,0.0,0.0,0.0,12
vehicle (1),m,1,3,train,0.0,3.0,1.0,12
vehicle (3),z,1,3,train,0.0,0.0,0.0,12
vehicle (2),m,1,3,train,0.0,4.0,1.0,12
vehicle (2),m,1,3,train,0.0,1.0,2.0,12
vehicle (3),z,1,3,train,0.0,3.0,1.0,12
vehicle (1),m,1,3,train,0.0,5.0,2.0,12
vehicle (1),m,1,3,train,0.0,1.0,3.0,12
vehicle (2),m,1,3,train,0.0,4.0,3.0,12
vehicle (3),z,1,3,train,0.0,4.0,2.0,12
vehicle (1),m,1,3,train,0.0,3.0,4.0,12
vehicle (3),z,1,3,train,0.0,2.0,3.0,12
vehicle (2),m,1,3,train,0.0,4.0,4.0,12
vehicle (2),m,1,3,train,0.0,1.0,5.0,12
vehicle (3),z,1,3,train,0.0,3.0,4.0,12
vehicle (1),m,1,3,train,0.0,5.0,5.0,12
vehicle (3),z,1,3,train,0.0,2.0,5.0,12
vehicle (2),m,1,3,train,0.0,4.0,6.0,12
vehicle (1),m,1,3,train,0.0,3.0,6.0,12
vehicle (1),z,0,3,train,0.0,1.0,7.0,12
vehicle (3),z,1,3,train,0.0,4.0,6.0,12
vehicle (2),m,1,3,train,0.0,4.0,7.0,12
vehicle (2),m,1,3,train,0.0,1.0,8.0,12
vehicle (3),z,1,3,train,0.0,3.0,7.0,12
vehicle (1),m,1,3,train,0.0,6.0,7.0,12
vehicle (3),z,1,3,train,0.0,2.0,8.0,12
vehicle (1),m,1,3,train,0.0,2.0,8.0,12
vehicle (2),m,1,3,train,0.0,5.0,9.0,12
vehicle (2),m,1,3,train,0.0,1.0,10.0,12
vehicle (3),m,0,3,train,1.0,4.0,9.0,12
vehicle (2),m,1,3,train,0.0,2.0,11.0,12
vehicle (1),m,1,3,train,0.0,5.0,9.0,12
vehicle (3),z,1,3,train,0.0,7.0,9.0,12
vehicle (1),m,1,3,train,0.0,2.0,10.0,12
instrument (1),m,1,3,train,0.0,0.0,0.0,12
instrument (2),m,1,3,train,0.0,0.0,0.0,12
instrument (3),z,1,3,train,0.0,0.0,0.0,12
instrument (1),m,1,3,train,0.0,3.0,1.0,12
instrument (3),z,1,3,train,0.0,2.0,1.0,12
instrument (2),m,1,3,train,0.0,4.0,1.0,12
instrument (2),m,1,3,train,0.0,1.0,2.0,12
instrument (3),z,1,3,train,0.0,3.0,2.0,12
instrument (1),m,1,3,train,0.0,5.0,2.0,12
instrument (1),m,1,3,train,0.0,1.0,3.0,12
instrument (2),m,1,3,train,0.0,4.0,3.0,12
instrument (3),z,1,3,train,0.0,4.0,3.0,12
instrument (1),m,1,3,train,0.0,3.0,4.0,12
instrument (3),z,1,3,train,0.0,2.0,4.0,12
instrument (2),m,1,3,train,0.0,4.0,4.0,12
instrument (2),m,1,3,train,0.0,1.0,5.0,12
instrument (3),z,1,3,train,0.0,3.0,5.0,12
instrument (1),m,1,3,train,0.0,5.0,5.0,12
instrument (3),z,1,3,train,0.0,2.0,6.0,12
instrument (2),m,1,3,train,0.0,4.0,6.0,12
instrument (1),m,1,3,train,0.0,3.0,6.0,12
instrument (1),m,1,3,train,0.0,1.0,7.0,12
instrument (3),z,1,3,train,0.0,4.0,7.0,12
instrument (2),m,1,3,train,0.0,4.0,7.0,12
instrument (2),m,1,3,train,0.0,1.0,8.0,12
instrument (3),z,1,3,train,0.0,3.0,8.0,12
instrument (1),m,1,3,train,0.0,5.0,8.0,12
instrument (3),z,1,3,train,0.0,2.0,9.0,12
instrument (1),m,1,3,train,0.0,2.0,9.0,12
instrument (2),m,1,3,train,0.0,5.0,9.0,12
instrument (2),m,1,3,train,0.0,1.0,10.0,12
instrument (3),z,1,3,train,0.0,4.0,10.0,12
instrument (2),m,1,3,train,0.0,2.0,11.0,12
instrument (1),m,1,3,train,0.0,5.0,10.0,12
instrument (3),z,1,3,train,0.0,3.0,11.0,12
instrument (1),m,1,3,train,0.0,2.0,11.0,12
jungle2,z,1,3,train,0.0,0.0,0.0,13
jungle1,z,1,3,train,0.0,0.0,0.0,13
jungle3,m,1,3,train,0.0,0.0,0.0,13
jungle1,z,1,3,train,0.0,2.0,1.0,13
jungle3,z,0,3,train,0.0,2.0,1.0,13
jungle2,z,1,3,train,0.0,5.0,1.0,13
jungle3,m,1,3,train,0.0,4.0,1.0,13
jungle2,z,1,3,train,0.0,2.0,2.0,13
jungle1,z,1,3,train,0.0,5.0,2.0,13
jungle1,m,0,3,train,0.0,1.0,3.0,13
jungle2,m,0,3,train,0.0,3.0,3.0,13
jungle3,m,1,3,train,0.0,5.0,2.0,13
jungle3,m,1,3,train,0.0,1.0,3.0,13
jungle1,z,1,3,train,0.0,5.0,3.0,13
jungle2,m,0,3,train,1.0,7.0,3.0,13
jungle3,m,1,3,train,0.0,3.0,4.0,13
jungle1,z,1,3,train,0.0,3.0,4.0,13
jungle2,z,1,3,train,0.0,10.0,3.0,13
jungle1,z,1,3,train,0.0,2.0,5.0,13
jungle3,m,1,3,train,0.0,4.0,5.0,13
jungle2,z,1,3,train,0.0,3.0,4.0,13
jungle3,m,1,3,train,0.0,2.0,6.0,13
jungle2,z,1,3,train,0.0,2.0,5.0,13
jungle1,z,1,3,train,0.0,5.0,6.0,13
jungle2,z,1,3,train,0.0,2.0,6.0,13
jungle3,m,1,3,train,0.0,4.0,7.0,13
jungle1,z,1,3,train,0.0,3.0,7.0,13
jungle1,z,1,3,train,0.0,1.0,8.0,13
jungle2,z,1,3,train,0.0,4.0,7.0,13
jungle3,m,1,3,train,0.0,4.0,8.0,13
jungle2,z,1,3,train,0.0,2.0,8.0,13
jungle3,m,1,3,train,0.0,2.0,9.0,13
jungle1,z,1,3,train,0.0,5.0,9.0,13
jungle2,z,1,3,train,0.0,3.0,9.0,13
jungle1,m,0,3,train,1.0,2.0,10.0,13
jungle3,m,1,3,train,0.0,4.0,10.0,13
vegan (6),z,1,6,train,0.0,0.0,0.0,13
vegan (1),m,1,6,train,0.0,0.0,0.0,13
vegan (5),z,0,6,train,0.0,0.0,0.0,13
vegan (4),z,1,6,train,0.0,0.0,0.0,13
vegan (2),z,0,6,train,0.0,0.0,0.0,13
vegan (3),z,1,6,train,0.0,0.0,0.0,13
vegan (3),z,1,6,train,0.0,1.0,1.0,13
vegan (6),m,0,6,train,0.0,7.0,1.0,13
vegan (4),m,0,6,train,0.0,5.0,1.0,13
vegan (5),z,0,6,train,1.0,0.0,0.0,13
vegan (1),z,0,6,train,0.0,9.0,1.0,13
vegan (2),z,0,6,train,1.0,0.0,0.0,13
vegan (1),z,0,6,train,1.0,11.0,1.0,13
vegan (3),z,1,6,train,0.0,7.0,2.0,13
vegan (2),m,1,6,train,0.0,0.0,0.0,13
vegan (6),m,0,6,train,1.0,15.0,1.0,13
vegan (5),z,0,6,train,1.0,0.0,0.0,13
vegan (4),z,1,6,train,0.0,14.0,1.0,13
vegan (5),m,1,6,train,0.0,0.0,0.0,13
vegan (2),z,0,6,train,1.0,5.0,1.0,13
vegan (6),z,1,6,train,0.0,20.0,1.0,13
vegan (1),z,0,6,train,1.0,20.0,1.0,13
vegan (4),m,0,6,train,1.0,5.0,2.0,13
vegan (3),z,1,6,train,0.0,10.0,3.0,13
vegan (6),z,1,6,train,0.0,4.0,2.0,13
vegan (5),z,0,6,train,1.0,7.0,1.0,13
vegan (2),z,0,6,train,1.0,12.0,1.0,13
vegan (3),z,1,6,train,0.0,4.0,4.0,13
vegan (4),m,0,6,train,1.0,11.0,2.0,13
vegan (1),z,0,6,train,1.0,28.0,1.0,13
vegan (6),z,1,6,train,0.0,6.0,3.0,13
vegan (3),m,0,6,train,0.0,4.0,5.0,13
vegan (4),m,0,6,train,1.0,15.0,2.0,13
vegan (1),z,0,6,train,1.0,32.0,1.0,13
vegan (2),z,0,6,train,1.0,20.0,1.0,13
vegan (5),z,0,6,train,1.0,17.0,1.0,13
vegan (2),z,0,6,train,1.0,22.0,1.0,13
vegan (3),m,0,6,train,1.0,10.0,5.0,13
vegan (5),z,0,6,train,1.0,20.0,1.0,13
vegan (4),z,1,6,train,0.0,22.0,2.0,13
vegan (1),z,0,6,train,1.0,39.0,1.0,13
vegan (6),z,1,6,train,0.0,11.0,4.0,13
vegan (2),z,0,6,train,1.0,28.0,1.0,13
vegan (1),z,0,6,train,1.0,42.0,1.0,13
vegan (4),z,1,6,train,0.0,5.0,3.0,13
vegan (3),m,0,6,train,1.0,18.0,5.0,13
vegan (5),m,1,6,train,0.0,28.0,1.0,13
vegan (6),z,1,6,train,0.0,6.0,5.0,13
vegan (3),m,0,6,train,1.0,21.0,5.0,13
vegan (2),m,1,6,train,0.0,35.0,1.0,13
vegan (6),z,1,6,train,0.0,3.0,6.0,13
vegan (1),z,0,6,train,1.0,50.0,1.0,13
vegan (4),z,1,6,train,0.0,8.0,4.0,13
vegan (5),z,0,6,train,1.0,7.0,2.0,13
vegan (2),z,0,6,train,1.0,5.0,2.0,13
vegan (6),z,1,6,train,0.0,5.0,7.0,13
vegan (3),z,1,6,train,0.0,29.0,5.0,13
vegan (1),m,1,6,train,0.0,56.0,1.0,13
vegan (4),z,1,6,train,0.0,6.0,5.0,13
vegan (5),m,1,6,train,0.0,13.0,2.0,13
vegan (3),z,1,6,train,0.0,4.0,6.0,13
vegan (5),z,0,6,train,1.0,2.0,3.0,13
vegan (2),m,1,6,train,0.0,13.0,2.0,13
vegan (6),z,1,6,train,0.0,8.0,8.0,13
vegan (1),z,0,6,train,1.0,7.0,2.0,13
vegan (4),z,1,6,train,0.0,7.0,6.0,13
vegan (5),m,1,6,train,0.0,7.0,3.0,13
vegan (2),m,1,6,train,0.0,5.0,3.0,13
vegan (1),m,1,6,train,0.0,11.0,2.0,13
vegan (4),m,0,6,train,1.0,4.0,7.0,13
vegan (3),z,1,6,train,0.0,10.0,7.0,13
vegan (6),z,1,6,train,0.0,8.0,9.0,13
vegan (5),m,1,6,train,0.0,6.0,4.0,13
vegan (1),m,1,6,train,0.0,5.0,3.0,13
vegan (2),m,1,6,train,0.0,7.0,4.0,13
vegan (4),z,1,6,train,0.0,10.0,7.0,13
vegan (3),m,0,6,train,1.0,6.0,8.0,13
vegan (6),z,1,6,train,0.0,6.0,10.0,13
animal (1),z,1,3,train,0.0,0.0,0.0,13
animal (2),z,1,3,train,0.0,0.0,0.0,13
animal (3),z,0,3,train,0.0,0.0,0.0,13
animal (1),z,1,3,train,0.0,3.0,1.0,13
animal (3),m,1,3,train,0.0,0.0,0.0,13
animal (2),z,1,3,train,0.0,4.0,1.0,13
animal (2),z,1,3,train,0.0,1.0,2.0,13
animal (3),m,1,3,train,0.0,3.0,1.0,13
animal (1),z,1,3,train,0.0,5.0,2.0,13
animal (1),z,1,3,train,0.0,1.0,3.0,13
animal (2),z,1,3,train,0.0,4.0,3.0,13
animal (3),m,1,3,train,0.0,4.0,2.0,13
animal (1),z,1,3,train,0.0,3.0,4.0,13
animal (3),m,1,3,train,0.0,2.0,3.0,13
animal (2),z,1,3,train,0.0,4.0,4.0,13
animal (2),z,1,3,train,0.0,1.0,5.0,13
animal (3),m,1,3,train,0.0,3.0,4.0,13
animal (1),z,1,3,train,0.0,5.0,5.0,13
animal (3),z,0,3,train,1.0,2.0,5.0,13
animal (2),z,1,3,train,0.0,4.0,6.0,13
animal (1),z,1,3,train,0.0,3.0,6.0,13
animal (1),z,1,3,train,0.0,1.0,7.0,13
animal (3),m,1,3,train,0.0,6.0,5.0,13
animal (2),z,1,3,train,0.0,4.0,7.0,13
animal (2),z,1,3,train,0.0,1.0,8.0,13
animal (3),m,1,3,train,0.0,3.0,6.0,13
animal (1),z,1,3,train,0.0,5.0,8.0,13
animal (3),m,1,3,train,0.0,2.0,7.0,13
animal (1),z,1,3,train,0.0,2.0,9.0,13
animal (2),z,1,3,train,0.0,5.0,9.0,13
animal (2),z,1,3,train,0.0,1.0,10.0,13
animal (3),m,1,3,train,0.0,4.0,8.0,13
animal (2),z,1,3,train,0.0,2.0,11.0,13
animal (1),z,1,3,train,0.0,5.0,10.0,13
animal (3),m,1,3,train,0.0,3.0,9.0,13
animal (1),z,1,3,train,0.0,2.0,11.0,13
fruits (6),z,1,6,train,0.0,0.0,0.0,13
fruits (1),z,0,6,train,0.0,0.0,0.0,13
fruits (5),z,0,6,train,0.0,0.0,0.0,13
fruits (4),z,1,6,train,0.0,0.0,0.0,13
fruits (2),z,0,6,train,0.0,0.0,0.0,13
fruits (3),z,1,6,train,0.0,0.0,0.0,13
fruits (3),z,1,6,train,0.0,1.0,1.0,13
fruits (6),z,1,6,train,0.0,7.0,1.0,13
fruits (4),m,0,6,train,0.0,5.0,1.0,13
fruits (5),m,1,6,train,0.0,0.0,0.0,13
fruits (1),m,1,6,train,0.0,0.0,0.0,13
fruits (2),m,1,6,train,0.0,0.0,0.0,13
fruits (1),m,1,6,train,0.0,2.0,1.0,13
fruits (3),z,1,6,train,0.0,7.0,2.0,13
fruits (2),m,1,6,train,0.0,3.0,1.0,13
fruits (6),z,1,6,train,0.0,8.0,2.0,13
fruits (5),m,1,6,train,0.0,7.0,1.0,13
fruits (4),m,0,6,train,1.0,14.0,1.0,13
fruits (5),m,1,6,train,0.0,2.0,2.0,13
fruits (2),m,1,6,train,0.0,5.0,2.0,13
fruits (6),z,1,6,train,0.0,5.0,3.0,13
fruits (1),m,1,6,train,0.0,9.0,2.0,13
fruits (4),z,1,6,train,0.0,19.0,1.0,13
fruits (3),z,1,6,train,0.0,10.0,3.0,13
fruits (6),z,1,6,train,0.0,4.0,4.0,13
fruits (5),z,0,6,train,1.0,7.0,3.0,13
fruits (2),m,1,6,train,0.0,7.0,3.0,13
fruits (3),z,1,6,train,0.0,4.0,4.0,13
fruits (4),m,0,6,train,1.0,6.0,2.0,13
fruits (1),m,1,6,train,0.0,8.0,3.0,13
fruits (6),z,1,6,train,0.0,6.0,5.0,13
fruits (3),z,1,6,train,0.0,4.0,5.0,13
fruits (4),z,1,6,train,0.0,10.0,2.0,13
fruits (1),m,1,6,train,0.0,4.0,4.0,13
fruits (2),m,1,6,train,0.0,8.0,4.0,13
fruits (5),z,0,6,train,1.0,17.0,3.0,13
fruits (2),m,1,6,train,0.0,2.0,5.0,13
fruits (3),z,1,6,train,0.0,6.0,6.0,13
fruits (5),z,0,6,train,1.0,20.0,3.0,13
fruits (4),m,0,6,train,1.0,7.0,3.0,13
fruits (1),m,1,6,train,0.0,7.0,5.0,13
fruits (6),z,1,6,train,0.0,11.0,6.0,13
fruits (2),m,1,6,train,0.0,6.0,6.0,13
fruits (1),m,1,6,train,0.0,3.0,6.0,13
fruits (4),z,1,6,train,0.0,12.0,3.0,13
fruits (3),z,1,6,train,0.0,8.0,7.0,13
fruits (5),z,0,6,train,1.0,28.0,3.0,13
fruits (6),z,1,6,train,0.0,6.0,7.0,13
fruits (3),z,1,6,train,0.0,3.0,8.0,13
fruits (2),m,1,6,train,0.0,7.0,7.0,13
fruits (6),z,1,6,train,0.0,3.0,8.0,13
fruits (1),m,1,6,train,0.0,8.0,7.0,13
fruits (4),z,1,6,train,0.0,8.0,4.0,13
fruits (5),m,1,6,train,0.0,35.0,3.0,13
fruits (2),m,1,6,train,0.0,5.0,8.0,13
fruits (6),z,1,6,train,0.0,5.0,9.0,13
fruits (3),z,1,6,train,0.0,8.0,9.0,13
fruits (1),m,1,6,train,0.0,6.0,8.0,13
fruits (4),z,1,6,train,0.0,6.0,5.0,13
fruits (5),z,0,6,train,1.0,6.0,4.0,13
fruits (3),z,1,6,train,0.0,4.0,10.0,13
fruits (5),m,1,6,train,0.0,8.0,4.0,13
fruits (2),m,1,6,train,0.0,8.0,9.0,13
fruits (6),z,1,6,train,0.0,8.0,10.0,13
fruits (1),m,1,6,train,0.0,7.0,9.0,13
fruits (4),m,0,6,train,1.0,7.0,6.0,13
fruits (5),m,1,6,train,0.0,5.0,5.0,13
fruits (2),m,1,6,train,0.0,5.0,10.0,13
fruits (1),m,1,6,train,0.0,4.0,10.0,13
fruits (4),z,1,6,train,0.0,11.0,6.0,13
fruits (3),z,1,6,train,0.0,10.0,11.0,13
fruits (6),z,1,6,train,0.0,8.0,11.0,13
fruits (5),m,1,6,train,0.0,6.0,6.0,13
fruits (1),m,1,6,train,0.0,5.0,11.0,13
fruits (2),m,1,6,train,0.0,7.0,11.0,13
fruits (4),z,1,6,train,0.0,6.0,7.0,13
fruits (3),z,1,6,train,0.0,6.0,12.0,13
fruits (6),z,1,6,train,0.0,6.0,12.0,13
tools (1),z,1,3,train,0.0,0.0,0.0,13
tools (2),z,1,3,train,0.0,0.0,0.0,13
tools (3),z,0,3,train,0.0,0.0,0.0,13
tools (1),z,1,3,train,0.0,3.0,1.0,13
tools (3),m,1,3,train,0.0,0.0,0.0,13
tools (2),z,1,3,train,0.0,4.0,1.0,13
tools (2),z,1,3,train,0.0,1.0,2.0,13
tools (3),m,1,3,train,0.0,3.0,1.0,13
tools (1),z,1,3,train,0.0,5.0,2.0,13
tools (1),z,1,3,train,0.0,1.0,3.0,13
tools (2),z,1,3,train,0.0,4.0,3.0,13
tools (3),m,1,3,train,0.0,4.0,2.0,13
tools (1),z,1,3,train,0.0,3.0,4.0,13
tools (3),z,0,3,train,1.0,2.0,3.0,13
tools (2),z,1,3,train,0.0,4.0,4.0,13
tools (2),z,1,3,train,0.0,1.0,5.0,13
tools (3),m,1,3,train,0.0,5.0,3.0,13
tools (1),z,1,3,train,0.0,5.0,5.0,13
tools (3),z,0,3,train,1.0,2.0,4.0,13
tools (2),z,1,3,train,0.0,4.0,6.0,13
tools (1),z,1,3,train,0.0,3.0,6.0,13
tools (1),z,1,3,train,0.0,1.0,7.0,13
tools (3),m,1,3,train,0.0,6.0,4.0,13
tools (2),z,1,3,train,0.0,4.0,7.0,13
tools (2),z,1,3,train,0.0,1.0,8.0,13
tools (3),m,1,3,train,0.0,3.0,5.0,13
tools (1),z,1,3,train,0.0,5.0,8.0,13
tools (3),m,1,3,train,0.0,2.0,6.0,13
tools (1),z,1,3,train,0.0,2.0,9.0,13
tools (2),m,0,3,train,0.0,5.0,9.0,13
tools (2),z,1,3,train,0.0,6.0,9.0,13
tools (3),m,1,3,train,0.0,4.0,7.0,13
tools (2),z,1,3,train,0.0,2.0,10.0,13
tools (1),z,1,3,train,0.0,5.0,10.0,13
tools (3),m,1,3,train,0.0,3.0,8.0,13
tools (1),z,1,3,train,0.0,2.0,11.0,13
clothes (6),z,1,6,train,0.0,0.0,0.0,13
clothes (1),z,0,6,train,0.0,0.0,0.0,13
clothes (5),z,0,6,train,0.0,0.0,0.0,13
clothes (4),z,1,6,train,0.0,0.0,0.0,13
clothes (2),z,0,6,train,0.0,0.0,0.0,13
clothes (3),z,1,6,train,0.0,0.0,0.0,13
clothes (3),z,1,6,train,0.0,1.0,1.0,13
clothes (6),z,1,6,train,0.0,7.0,1.0,13
clothes (4),z,1,6,train,0.0,5.0,1.0,13
clothes (5),m,1,6,train,0.0,0.0,0.0,13
clothes (1),m,1,6,train,0.0,0.0,0.0,13
clothes (2),m,1,6,train,0.0,0.0,0.0,13
clothes (1),m,1,6,train,0.0,2.0,1.0,13
clothes (3),z,1,6,train,0.0,7.0,2.0,13
clothes (2),m,1,6,train,0.0,3.0,1.0,13
clothes (6),z,1,6,train,0.0,8.0,2.0,13
clothes (5),m,1,6,train,0.0,7.0,1.0,13
clothes (4),z,1,6,train,0.0,9.0,2.0,13
clothes (5),m,1,6,train,0.0,2.0,2.0,13
clothes (2),m,1,6,train,0.0,5.0,2.0,13
clothes (6),z,1,6,train,0.0,5.0,3.0,13
clothes (1),m,1,6,train,0.0,9.0,2.0,13
clothes (4),z,1,6,train,0.0,5.0,3.0,13
clothes (3),z,1,6,train,0.0,10.0,3.0,13
clothes (6),z,1,6,train,0.0,4.0,4.0,13
clothes (5),m,1,6,train,0.0,7.0,3.0,13
clothes (2),m,1,6,train,0.0,7.0,3.0,13
clothes (3),z,1,6,train,0.0,4.0,4.0,13
clothes (4),z,1,6,train,0.0,6.0,4.0,13
clothes (1),m,1,6,train,0.0,8.0,3.0,13
clothes (6),z,1,6,train,0.0,6.0,5.0,13
clothes (3),z,1,6,train,0.0,4.0,5.0,13
clothes (4),z,1,6,train,0.0,4.0,5.0,13
clothes (1),m,1,6,train,0.0,4.0,4.0,13
clothes (2),m,1,6,train,0.0,8.0,4.0,13
clothes (5),m,1,6,train,0.0,10.0,4.0,13
clothes (2),m,1,6,train,0.0,2.0,5.0,13
clothes (3),z,1,6,train,0.0,6.0,6.0,13
clothes (5),m,1,6,train,0.0,3.0,5.0,13
clothes (4),z,1,6,train,0.0,7.0,6.0,13
clothes (1),m,1,6,train,0.0,7.0,5.0,13
clothes (6),z,1,6,train,0.0,11.0,6.0,13
clothes (2),m,1,6,train,0.0,6.0,6.0,13
clothes (1),m,1,6,train,0.0,3.0,6.0,13
clothes (4),z,1,6,train,0.0,5.0,7.0,13
clothes (3),z,1,6,train,0.0,8.0,7.0,13
clothes (5),m,1,6,train,0.0,8.0,6.0,13
clothes (6),z,1,6,train,0.0,6.0,7.0,13
clothes (3),z,1,6,train,0.0,3.0,8.0,13
clothes (2),m,1,6,train,0.0,7.0,7.0,13
clothes (6),z,1,6,train,0.0,3.0,8.0,13
clothes (1),m,1,6,train,0.0,8.0,7.0,13
clothes (4),z,1,6,train,0.0,8.0,8.0,13
clothes (5),m,1,6,train,0.0,7.0,7.0,13
clothes (2),m,1,6,train,0.0,5.0,8.0,13
clothes (6),z,1,6,train,0.0,5.0,9.0,13
clothes (3),z,1,6,train,0.0,8.0,9.0,13
clothes (1),m,1,6,train,0.0,6.0,8.0,13
clothes (4),z,1,6,train,0.0,6.0,9.0,13
clothes (5),m,1,6,train,0.0,6.0,8.0,13
clothes (3),z,1,6,train,0.0,4.0,10.0,13
clothes (5),m,1,6,train,0.0,2.0,9.0,13
clothes (2),m,1,6,train,0.0,8.0,9.0,13
clothes (6),z,1,6,train,0.0,8.0,10.0,13
clothes (1),m,1,6,train,0.0,7.0,9.0,13
clothes (4),z,1,6,train,0.0,7.0,10.0,13
clothes (5),m,1,6,train,0.0,5.0,10.0,13
clothes (2),m,1,6,train,0.0,5.0,10.0,13
clothes (1),z,0,6,train,1.0,4.0,10.0,13
clothes (4),z,1,6,train,0.0,4.0,11.0,13
clothes (3),z,1,6,train,0.0,10.0,11.0,13
clothes (6),z,1,6,train,0.0,8.0,11.0,13
clothes (5),m,1,6,train,0.0,6.0,11.0,13
clothes (1),m,1,6,train,0.0,9.0,10.0,13
clothes (2),m,1,6,train,0.0,7.0,11.0,13
clothes (4),z,1,6,train,0.0,6.0,12.0,13
clothes (3),z,1,6,train,0.0,6.0,12.0,13
clothes (6),z,1,6,train,0.0,6.0,12.0,13
face (1),z,1,3,train,0.0,0.0,0.0,13
face (2),z,1,3,train,0.0,0.0,0.0,13
face (3),m,1,3,train,0.0,0.0,0.0,13
face (1),z,1,3,train,0.0,3.0,1.0,13
face (3),z,0,3,train,0.0,2.0,1.0,13
face (2),z,1,3,train,0.0,4.0,1.0,13
face (2),z,1,3,train,0.0,1.0,2.0,13
face (3),m,1,3,train,0.0,5.0,1.0,13
face (1),z,1,3,train,0.0,5.0,2.0,13
face (1),z,1,3,train,0.0,1.0,3.0,13
face (2),z,1,3,train,0.0,4.0,3.0,13
face (3),m,1,3,train,0.0,4.0,2.0,13
face (1),z,1,3,train,0.0,3.0,4.0,13
face (3),z,0,3,train,1.0,2.0,3.0,13
face (2),z,1,3,train,0.0,4.0,4.0,13
face (2),z,1,3,train,0.0,1.0,5.0,13
face (3),m,1,3,train,0.0,5.0,3.0,13
face (1),z,1,3,train,0.0,5.0,5.0,13
face (3),z,0,3,train,1.0,2.0,4.0,13
face (2),z,1,3,train,0.0,4.0,6.0,13
face (1),z,1,3,train,0.0,3.0,6.0,13
face (1),z,1,3,train,0.0,1.0,7.0,13
face (3),m,1,3,train,0.0,6.0,4.0,13
face (2),z,1,3,train,0.0,4.0,7.0,13
face (2),z,1,3,train,0.0,1.0,8.0,13
face (3),m,1,3,train,0.0,3.0,5.0,13
face (1),z,1,3,train,0.0,5.0,8.0,13
face (3),m,1,3,train,0.0,2.0,6.0,13
face (1),z,1,3,train,0.0,2.0,9.0,13
face (2),z,1,3,train,0.0,5.0,9.0,13
face (2),z,1,3,train,0.0,1.0,10.0,13
face (3),m,1,3,train,0.0,4.0,7.0,13
face (2),z,1,3,train,0.0,2.0,11.0,13
face (1),z,1,3,train,0.0,5.0,10.0,13
face (3),m,1,3,train,0.0,3.0,8.0,13
face (1),z,1,3,train,0.0,2.0,11.0,13
color (6),z,1,6,train,0.0,0.0,0.0,13
color (1),z,0,6,train,0.0,0.0,0.0,13
color (5),z,0,6,train,0.0,0.0,0.0,13
color (4),z,1,6,train,0.0,0.0,0.0,13
color (2),z,0,6,train,0.0,0.0,0.0,13
color (3),z,1,6,train,0.0,0.0,0.0,13
color (3),z,1,6,train,0.0,1.0,1.0,13
color (6),z,1,6,train,0.0,7.0,1.0,13
color (4),z,1,6,train,0.0,5.0,1.0,13
color (5),m,1,6,train,0.0,0.0,0.0,13
color (1),m,1,6,train,0.0,0.0,0.0,13
color (2),m,1,6,train,0.0,0.0,0.0,13
color (1),m,1,6,train,0.0,2.0,1.0,13
color (3),z,1,6,train,0.0,7.0,2.0,13
color (2),m,1,6,train,0.0,3.0,1.0,13
color (6),z,1,6,train,0.0,8.0,2.0,13
color (5),m,1,6,train,0.0,7.0,1.0,13
color (4),z,1,6,train,0.0,9.0,2.0,13
color (5),m,1,6,train,0.0,2.0,2.0,13
color (2),m,1,6,train,0.0,5.0,2.0,13
color (6),z,1,6,train,0.0,5.0,3.0,13
color (1),m,1,6,train,0.0,9.0,2.0,13
color (4),z,1,6,train,0.0,5.0,3.0,13
color (3),z,1,6,train,0.0,10.0,3.0,13
color (6),z,1,6,train,0.0,4.0,4.0,13
color (5),m,1,6,train,0.0,7.0,3.0,13
color (2),z,0,6,train,1.0,7.0,3.0,13
color (3),z,1,6,train,0.0,4.0,4.0,13
color (4),z,1,6,train,0.0,6.0,4.0,13
color (1),m,1,6,train,0.0,8.0,3.0,13
color (6),z,1,6,train,0.0,6.0,5.0,13
color (3),z,1,6,train,0.0,4.0,5.0,13
color (4),z,1,6,train,0.0,4.0,5.0,13
color (1),m,1,6,train,0.0,4.0,4.0,13
color (2),m,1,6,train,0.0,15.0,3.0,13
color (5),m,1,6,train,0.0,10.0,4.0,13
color (2),m,1,6,train,0.0,2.0,4.0,13
color (3),z,1,6,train,0.0,6.0,6.0,13
color (5),m,1,6,train,0.0,3.0,5.0,13
color (4),z,1,6,train,0.0,7.0,6.0,13
color (1),m,1,6,train,0.0,7.0,5.0,13
color (6),z,1,6,train,0.0,11.0,6.0,13
color (2),m,1,6,train,0.0,6.0,5.0,13
color (1),m,1,6,train,0.0,3.0,6.0,13
color (4),z,1,6,train,0.0,5.0,7.0,13
color (3),z,1,6,train,0.0,8.0,7.0,13
color (5),m,1,6,train,0.0,8.0,6.0,13
color (6),z,1,6,train,0.0,6.0,7.0,13
color (3),z,1,6,train,0.0,3.0,8.0,13
color (2),m,1,6,train,0.0,7.0,6.0,13
color (6),z,1,6,train,0.0,3.0,8.0,13
color (1),m,1,6,train,0.0,8.0,7.0,13
color (4),z,1,6,train,0.0,8.0,8.0,13
color (5),m,1,6,train,0.0,7.0,7.0,13
color (2),m,1,6,train,0.0,5.0,7.0,13
color (6),z,1,6,train,0.0,5.0,9.0,13
color (3),z,1,6,train,0.0,8.0,9.0,13
color (1),z,0,6,train,1.0,6.0,8.0,13
color (4),z,1,6,train,0.0,6.0,9.0,13
color (5),m,1,6,train,0.0,6.0,8.0,13
color (3),z,1,6,train,0.0,4.0,10.0,13
color (5),m,1,6,train,0.0,2.0,9.0,13
color (2),z,0,6,train,1.0,8.0,8.0,13
color (6),z,1,6,train,0.0,8.0,10.0,13
color (1),m,1,6,train,0.0,13.0,8.0,13
color (4),z,1,6,train,0.0,7.0,10.0,13
color (5),m,1,6,train,0.0,5.0,10.0,13
color (2),m,1,6,train,0.0,13.0,8.0,13
color (1),m,1,6,train,0.0,4.0,9.0,13
color (4),z,1,6,train,0.0,4.0,11.0,13
color (3),z,1,6,train,0.0,10.0,11.0,13
color (6),z,1,6,train,0.0,8.0,11.0,13
color (5),m,1,6,train,0.0,6.0,11.0,13
color (1),m,1,6,train,0.0,5.0,10.0,13
color (2),m,1,6,train,0.0,7.0,9.0,13
color (4),z,1,6,train,0.0,6.0,12.0,13
color (3),z,1,6,train,0.0,6.0,12.0,13
color (6),z,1,6,train,0.0,6.0,12.0,13
symbol (1),z,0,3,train,0.0,0.0,0.0,13
symbol (2),z,0,3,train,0.0,0.0,0.0,13
symbol (3),z,1,3,train,0.0,0.0,0.0,13
symbol (1),m,1,3,train,0.0,0.0,0.0,13
symbol (3),m,0,3,train,0.0,2.0,1.0,13
symbol (2),z,0,3,train,1.0,0.0,0.0,13
symbol (2),m,1,3,train,0.0,0.0,0.0,13
symbol (3),z,1,3,train,0.0,5.0,1.0,13
symbol (1),m,1,3,train,0.0,5.0,1.0,13
symbol (1),m,1,3,train,0.0,1.0,2.0,13
symbol (2),m,1,3,train,0.0,4.0,1.0,13
symbol (3),z,1,3,train,0.0,4.0,2.0,13
symbol (1),m,1,3,train,0.0,3.0,3.0,13
symbol (3),m,0,3,train,1.0,2.0,3.0,13
symbol (2),m,1,3,train,0.0,4.0,2.0,13
symbol (2),m,1,3,train,0.0,1.0,3.0,13
symbol (3),z,1,3,train,0.0,5.0,3.0,13
symbol (1),m,1,3,train,0.0,5.0,4.0,13
symbol (3),m,0,3,train,1.0,2.0,4.0,13
symbol (2),m,1,3,train,0.0,4.0,4.0,13
symbol (1),z,0,3,train,1.0,3.0,5.0,13
symbol (1),m,1,3,train,0.0,4.0,5.0,13
symbol (3),z,1,3,train,0.0,6.0,4.0,13
symbol (2),m,1,3,train,0.0,4.0,5.0,13
symbol (2),m,1,3,train,0.0,1.0,6.0,13
symbol (3),z,1,3,train,0.0,3.0,5.0,13
symbol (1),m,1,3,train,0.0,5.0,6.0,13
symbol (3),z,1,3,train,0.0,2.0,6.0,13
symbol (1),m,1,3,train,0.0,2.0,7.0,13
symbol (2),m,1,3,train,0.0,5.0,7.0,13
symbol (2),m,1,3,train,0.0,1.0,8.0,13
symbol (3),z,1,3,train,0.0,4.0,7.0,13
symbol (2),m,1,3,train,0.0,2.0,9.0,13
symbol (1),m,1,3,train,0.0,5.0,8.0,13
symbol (3),z,1,3,train,0.0,3.0,8.0,13
symbol (1),m,1,3,train,0.0,2.0,9.0,13
environment (6),z,1,6,train,0.0,0.0,0.0,13
environment (1),z,0,6,train,0.0,0.0,0.0,13
environment (5),z,0,6,train,0.0,0.0,0.0,13
environment (4),z,1,6,train,0.0,0.0,0.0,13
environment (2),z,0,6,train,0.0,0.0,0.0,13
environment (3),z,1,6,train,0.0,0.0,0.0,13
environment (3),z,1,6,train,0.0,1.0,1.0,13
environment (6),m,0,6,train,0.0,7.0,1.0,13
environment (4),z,1,6,train,0.0,5.0,1.0,13
environment (5),m,1,6,train,0.0,0.0,0.0,13
environment (1),m,1,6,train,0.0,0.0,0.0,13
environment (2),m,1,6,train,0.0,0.0,0.0,13
environment (1),m,1,6,train,0.0,2.0,1.0,13
environment (3),z,1,6,train,0.0,7.0,2.0,13
environment (2),m,1,6,train,0.0,3.0,1.0,13
environment (6),z,1,6,train,0.0,15.0,1.0,13
environment (5),m,1,6,train,0.0,7.0,1.0,13
environment (4),z,1,6,train,0.0,9.0,2.0,13
environment (5),m,1,6,train,0.0,2.0,2.0,13
environment (2),m,1,6,train,0.0,5.0,2.0,13
environment (6),z,1,6,train,0.0,5.0,2.0,13
environment (1),m,1,6,train,0.0,9.0,2.0,13
environment (4),z,1,6,train,0.0,5.0,3.0,13
environment (3),z,1,6,train,0.0,10.0,3.0,13
environment (6),z,1,6,train,0.0,4.0,3.0,13
environment (5),m,1,6,train,0.0,7.0,3.0,13
environment (2),z,0,6,train,1.0,7.0,3.0,13
environment (3),z,1,6,train,0.0,4.0,4.0,13
environment (4),z,1,6,train,0.0,6.0,4.0,13
environment (1),m,1,6,train,0.0,8.0,3.0,13
environment (6),z,1,6,train,0.0,6.0,4.0,13
environment (3),z,1,6,train,0.0,4.0,5.0,13
environment (4),z,1,6,train,0.0,4.0,5.0,13
environment (1),m,1,6,train,0.0,4.0,4.0,13
environment (2),m,1,6,train,0.0,15.0,3.0,13
environment (5),m,1,6,train,0.0,10.0,4.0,13
environment (2),m,1,6,train,0.0,2.0,4.0,13
environment (3),z,1,6,train,0.0,6.0,6.0,13
environment (5),m,1,6,train,0.0,3.0,5.0,13
environment (4),z,1,6,train,0.0,7.0,6.0,13
environment (1),m,1,6,train,0.0,7.0,5.0,13
environment (6),z,1,6,train,0.0,11.0,5.0,13
environment (2),m,1,6,train,0.0,6.0,5.0,13
environment (1),m,1,6,train,0.0,3.0,6.0,13
environment (4),z,1,6,train,0.0,5.0,7.0,13
environment (3),z,1,6,train,0.0,8.0,7.0,13
environment (5),m,1,6,train,0.0,8.0,6.0,13
environment (6),z,1,6,train,0.0,6.0,6.0,13
environment (3),z,1,6,train,0.0,3.0,8.0,13
environment (2),z,0,6,train,1.0,7.0,6.0,13
environment (6),z,1,6,train,0.0,3.0,7.0,13
environment (1),m,1,6,train,0.0,8.0,7.0,13
environment (4),z,1,6,train,0.0,8.0,8.0,13
environment (5),m,1,6,train,0.0,7.0,7.0,13
environment (2),m,1,6,train,0.0,12.0,6.0,13
environment (6),z,1,6,train,0.0,5.0,8.0,13
environment (3),z,1,6,train,0.0,8.0,9.0,13
environment (1),m,1,6,train,0.0,6.0,8.0,13
environment (4),z,1,6,train,0.0,6.0,9.0,13
environment (5),m,1,6,train,0.0,6.0,8.0,13
environment (3),z,1,6,train,0.0,4.0,10.0,13
environment (5),m,1,6,train,0.0,2.0,9.0,13
environment (2),m,1,6,train,0.0,8.0,7.0,13
environment (6),z,1,6,train,0.0,8.0,9.0,13
environment (1),m,1,6,train,0.0,7.0,9.0,13
environment (4),z,1,6,train,0.0,7.0,10.0,13
environment (5),m,1,6,train,0.0,5.0,10.0,13
environment (2),m,1,6,train,0.0,5.0,8.0,13
environment (1),m,1,6,train,0.0,4.0,10.0,13
environment (4),z,1,6,train,0.0,4.0,11.0,13
environment (3),z,1,6,train,0.0,10.0,11.0,13
environment (6),z,1,6,train,0.0,8.0,10.0,13
environment (5),m,1,6,train,0.0,6.0,11.0,13
environment (1),m,1,6,train,0.0,5.0,11.0,13
environment (2),m,1,6,train,0.0,7.0,9.0,13
environment (4),z,1,6,train,0.0,6.0,12.0,13
environment (3),z,1,6,train,0.0,6.0,12.0,13
environment (6),z,1,6,train,0.0,6.0,11.0,13
vehicle (1),m,1,3,train,0.0,0.0,0.0,13
vehicle (2),m,1,3,train,0.0,0.0,0.0,13
vehicle (3),z,1,3,train,0.0,0.0,0.0,13
vehicle (1),m,1,3,train,0.0,3.0,1.0,13
vehicle (3),z,1,3,train,0.0,2.0,1.0,13
vehicle (2),m,1,3,train,0.0,4.0,1.0,13
vehicle (2),m,1,3,train,0.0,1.0,2.0,13
vehicle (3),z,1,3,train,0.0,3.0,2.0,13
vehicle (1),m,1,3,train,0.0,5.0,2.0,13
vehicle (1),m,1,3,train,0.0,1.0,3.0,13
vehicle (2),m,1,3,train,0.0,4.0,3.0,13
vehicle (3),z,1,3,train,0.0,4.0,3.0,13
vehicle (1),m,1,3,train,0.0,3.0,4.0,13
vehicle (3),z,1,3,train,0.0,2.0,4.0,13
vehicle (2),m,1,3,train,0.0,4.0,4.0,13
vehicle (2),m,1,3,train,0.0,1.0,5.0,13
vehicle (3),z,1,3,train,0.0,3.0,5.0,13
vehicle (1),m,1,3,train,0.0,5.0,5.0,13
vehicle (3),z,1,3,train,0.0,2.0,6.0,13
vehicle (2),m,1,3,train,0.0,4.0,6.0,13
vehicle (1),m,1,3,train,0.0,3.0,6.0,13
vehicle (1),m,1,3,train,0.0,1.0,7.0,13
vehicle (3),z,1,3,train,0.0,4.0,7.0,13
vehicle (2),m,1,3,train,0.0,4.0,7.0,13
vehicle (2),m,1,3,train,0.0,1.0,8.0,13
vehicle (3),z,1,3,train,0.0,3.0,8.0,13
vehicle (1),m,1,3,train,0.0,5.0,8.0,13
vehicle (3),z,1,3,train,0.0,2.0,9.0,13
vehicle (1),m,1,3,train,0.0,2.0,9.0,13
vehicle (2),m,1,3,train,0.0,5.0,9.0,13
vehicle (2),m,1,3,train,0.0,1.0,10.0,13
vehicle (3),z,1,3,train,0.0,4.0,10.0,13
vehicle (2),m,1,3,train,0.0,2.0,11.0,13
vehicle (1),m,1,3,train,0.0,5.0,10.0,13
vehicle (3),z,1,3,train,0.0,3.0,11.0,13
vehicle (1),m,1,3,train,0.0,2.0,11.0,13
instrument (1),m,1,3,train,0.0,0.0,0.0,13
instrument (2),m,1,3,train,0.0,0.0,0.0,13
instrument (3),z,1,3,train,0.0,0.0,0.0,13
instrument (1),m,1,3,train,0.0,3.0,1.0,13
instrument (3),z,1,3,train,0.0,2.0,1.0,13
instrument (2),m,1,3,train,0.0,4.0,1.0,13
instrument (2),m,1,3,train,0.0,1.0,2.0,13
instrument (3),z,1,3,train,0.0,3.0,2.0,13
instrument (1),m,1,3,train,0.0,5.0,2.0,13
instrument (1),m,1,3,train,0.0,1.0,3.0,13
instrument (2),m,1,3,train,0.0,4.0,3.0,13
instrument (3),z,1,3,train,0.0,4.0,3.0,13
instrument (1),m,1,3,train,0.0,3.0,4.0,13
instrument (3),z,1,3,train,0.0,2.0,4.0,13
instrument (2),m,1,3,train,0.0,4.0,4.0,13
instrument (2),m,1,3,train,0.0,1.0,5.0,13
instrument (3),z,1,3,train,0.0,3.0,5.0,13
instrument (1),m,1,3,train,0.0,5.0,5.0,13
instrument (3),z,1,3,train,0.0,2.0,6.0,13
instrument (2),m,1,3,train,0.0,4.0,6.0,13
instrument (1),m,1,3,train,0.0,3.0,6.0,13
instrument (1),m,1,3,train,0.0,1.0,7.0,13
instrument (3),z,1,3,train,0.0,4.0,7.0,13
instrument (2),m,1,3,train,0.0,4.0,7.0,13
instrument (2),m,1,3,train,0.0,1.0,8.0,13
instrument (3),z,1,3,train,0.0,3.0,8.0,13
instrument (1),m,1,3,train,0.0,5.0,8.0,13
instrument (3),z,1,3,train,0.0,2.0,9.0,13
instrument (1),m,1,3,train,0.0,2.0,9.0,13
instrument (2),m,1,3,train,0.0,5.0,9.0,13
instrument (2),m,1,3,train,0.0,1.0,10.0,13
instrument (3),z,1,3,train,0.0,4.0,10.0,13
instrument (2),m,1,3,train,0.0,2.0,11.0,13
instrument (1),m,1,3,train,0.0,5.0,10.0,13
instrument (3),z,1,3,train,0.0,3.0,11.0,13
instrument (1),m,1,3,train,0.0,2.0,11.0,13
jungle2,m,0,3,train,0.0,0.0,0.0,14
jungle1,z,1,3,train,0.0,0.0,0.0,14
jungle3,m,1,3,train,0.0,0.0,0.0,14
jungle1,z,1,3,train,0.0,2.0,1.0,14
jungle3,m,1,3,train,0.0,2.0,1.0,14
jungle2,z,1,3,train,0.0,0.0,0.0,14
jungle3,m,1,3,train,0.0,2.0,2.0,14
jungle2,z,1,3,train,0.0,2.0,1.0,14
jungle1,m,0,3,train,0.0,5.0,2.0,14
jungle1,z,1,3,train,0.0,6.0,2.0,14
jungle2,z,1,3,train,0.0,3.0,2.0,14
jungle3,m,1,3,train,0.0,5.0,3.0,14
jungle3,z,0,3,train,0.0,1.0,4.0,14
jungle1,m,0,3,train,1.0,4.0,3.0,14
jungle2,z,1,3,train,0.0,4.0,3.0,14
jungle3,m,1,3,train,0.0,4.0,4.0,14
jungle1,z,1,3,train,0.0,7.0,3.0,14
jungle2,z,1,3,train,0.0,3.0,4.0,14
jungle1,z,1,3,train,0.0,2.0,4.0,14
jungle3,z,0,3,train,1.0,4.0,5.0,14
jungle2,m,0,3,train,1.0,3.0,5.0,14
jungle3,m,1,3,train,0.0,6.0,5.0,14
jungle2,z,1,3,train,0.0,5.0,5.0,14
jungle1,z,1,3,train,0.0,5.0,5.0,14
jungle2,z,1,3,train,0.0,2.0,6.0,14
jungle3,m,1,3,train,0.0,4.0,6.0,14
jungle1,z,1,3,train,0.0,3.0,6.0,14
jungle1,z,1,3,train,0.0,1.0,7.0,14
jungle2,m,0,3,train,1.0,4.0,7.0,14
jungle3,z,0,3,train,1.0,4.0,7.0,14
jungle2,m,0,3,train,1.0,6.0,7.0,14
jungle3,z,0,3,train,1.0,6.0,7.0,14
jungle1,m,0,3,train,1.0,5.0,8.0,14
jungle2,z,1,3,train,0.0,9.0,7.0,14
jungle1,z,1,3,train,0.0,7.0,8.0,14
jungle3,m,1,3,train,0.0,10.0,7.0,14
vegan (6),z,1,6,train,0.0,0.0,0.0,14
vegan (1),m,1,6,train,0.0,0.0,0.0,14
vegan (5),z,0,6,train,0.0,0.0,0.0,14
vegan (4),m,0,6,train,0.0,0.0,0.0,14
vegan (2),z,0,6,train,0.0,0.0,0.0,14
vegan (3),z,1,6,train,0.0,0.0,0.0,14
vegan (3),z,1,6,train,0.0,1.0,1.0,14
vegan (6),z,1,6,train,0.0,7.0,1.0,14
vegan (4),m,0,6,train,1.0,0.0,0.0,14
vegan (5),m,1,6,train,0.0,0.0,0.0,14
vegan (1),m,1,6,train,0.0,9.0,1.0,14
vegan (2),z,0,6,train,1.0,0.0,0.0,14
vegan (1),m,1,6,train,0.0,2.0,2.0,14
vegan (3),z,1,6,train,0.0,7.0,2.0,14
vegan (2),m,1,6,train,0.0,0.0,0.0,14
vegan (6),z,1,6,train,0.0,8.0,2.0,14
vegan (5),m,1,6,train,0.0,7.0,1.0,14
vegan (4),z,1,6,train,0.0,0.0,0.0,14
vegan (5),m,1,6,train,0.0,2.0,2.0,14
vegan (2),z,0,6,train,1.0,5.0,1.0,14
vegan (6),z,1,6,train,0.0,5.0,3.0,14
vegan (1),m,1,6,train,0.0,9.0,3.0,14
vegan (4),z,1,6,train,0.0,5.0,1.0,14
vegan (3),m,0,6,train,0.0,10.0,3.0,14
vegan (6),z,1,6,train,0.0,4.0,4.0,14
vegan (5),m,1,6,train,0.0,7.0,3.0,14
vegan (2),z,0,6,train,1.0,12.0,1.0,14
vegan (3),m,0,6,train,1.0,14.0,3.0,14
vegan (4),z,1,6,train,0.0,6.0,2.0,14
vegan (1),m,1,6,train,0.0,8.0,4.0,14
vegan (6),z,1,6,train,0.0,6.0,5.0,14
vegan (3),m,0,6,train,1.0,18.0,3.0,14
vegan (4),z,1,6,train,0.0,4.0,3.0,14
vegan (1),m,1,6,train,0.0,4.0,5.0,14
vegan (2),m,1,6,train,0.0,20.0,1.0,14
vegan (5),m,1,6,train,0.0,10.0,4.0,14
vegan (2),z,0,6,train,1.0,2.0,2.0,14
vegan (3),m,0,6,train,1.0,24.0,3.0,14
vegan (5),z,0,6,train,1.0,3.0,5.0,14
vegan (4),m,0,6,train,1.0,7.0,4.0,14
vegan (1),m,1,6,train,0.0,7.0,6.0,14
vegan (6),z,1,6,train,0.0,11.0,6.0,14
vegan (2),m,1,6,train,0.0,8.0,2.0,14
vegan (1),m,1,6,train,0.0,3.0,7.0,14
vegan (4),z,1,6,train,0.0,12.0,4.0,14
vegan (3),z,1,6,train,0.0,32.0,3.0,14
vegan (5),z,0,6,train,1.0,11.0,5.0,14
vegan (6),z,1,6,train,0.0,6.0,7.0,14
vegan (3),z,1,6,train,0.0,3.0,4.0,14
vegan (2),m,1,6,train,0.0,7.0,3.0,14
vegan (6),z,1,6,train,0.0,3.0,8.0,14
vegan (1),m,1,6,train,0.0,8.0,8.0,14
vegan (4),z,1,6,train,0.0,8.0,5.0,14
vegan (5),z,0,6,train,1.0,18.0,5.0,14
vegan (2),m,1,6,train,0.0,5.0,4.0,14
vegan (6),z,1,6,train,0.0,5.0,9.0,14
vegan (3),z,1,6,train,0.0,8.0,5.0,14
vegan (1),z,0,6,train,0.0,6.0,9.0,14
vegan (4),m,0,6,train,1.0,6.0,6.0,14
vegan (5),z,0,6,train,1.0,24.0,5.0,14
vegan (3),z,1,6,train,0.0,4.0,6.0,14
vegan (5),z,0,6,train,1.0,26.0,5.0,14
vegan (2),m,1,6,train,0.0,8.0,5.0,14
vegan (6),z,1,6,train,0.0,8.0,10.0,14
vegan (1),m,1,6,train,0.0,13.0,9.0,14
vegan (4),z,1,6,train,0.0,13.0,6.0,14
vegan (5),m,1,6,train,0.0,31.0,5.0,14
vegan (2),m,1,6,train,0.0,5.0,6.0,14
vegan (1),m,1,6,train,0.0,4.0,10.0,14
vegan (4),m,0,6,train,1.0,4.0,7.0,14
vegan (3),z,1,6,train,0.0,10.0,7.0,14
vegan (6),z,1,6,train,0.0,8.0,11.0,14
vegan (5),m,1,6,train,0.0,6.0,6.0,14
vegan (1),z,0,6,train,1.0,5.0,11.0,14
vegan (2),m,1,6,train,0.0,7.0,7.0,14
vegan (4),z,1,6,train,0.0,10.0,7.0,14
vegan (3),z,1,6,train,0.0,6.0,8.0,14
vegan (6),z,1,6,train,0.0,6.0,12.0,14
animal (1),z,1,3,train,0.0,0.0,0.0,14
animal (2),z,1,3,train,0.0,0.0,0.0,14
animal (3),m,1,3,train,0.0,0.0,0.0,14
animal (1),z,1,3,train,0.0,3.0,1.0,14
animal (3),z,0,3,train,0.0,2.0,1.0,14
animal (2),m,0,3,train,0.0,4.0,1.0,14
animal (2),z,1,3,train,0.0,5.0,1.0,14
animal (3),m,1,3,train,0.0,5.0,1.0,14
animal (1),z,1,3,train,0.0,5.0,2.0,14
animal (1),z,1,3,train,0.0,1.0,3.0,14
animal (2),m,0,3,train,1.0,4.0,2.0,14
animal (3),z,0,3,train,1.0,4.0,2.0,14
animal (1),z,1,3,train,0.0,3.0,4.0,14
animal (3),z,0,3,train,1.0,6.0,2.0,14
animal (2),m,0,3,train,1.0,8.0,2.0,14
animal (2),z,1,3,train,0.0,9.0,2.0,14
animal (3),m,1,3,train,0.0,9.0,2.0,14
animal (1),z,1,3,train,0.0,5.0,5.0,14
animal (3),z,0,3,train,1.0,2.0,3.0,14
animal (2),m,0,3,train,1.0,4.0,3.0,14
animal (1),z,1,3,train,0.0,3.0,6.0,14
animal (1),z,1,3,train,0.0,1.0,7.0,14
animal (3),m,1,3,train,0.0,6.0,3.0,14
animal (2),z,1,3,train,0.0,8.0,3.0,14
animal (2),z,1,3,train,0.0,1.0,4.0,14
animal (3),m,1,3,train,0.0,3.0,4.0,14
animal (1),z,1,3,train,0.0,5.0,8.0,14
animal (3),m,1,3,train,0.0,2.0,5.0,14
animal (1),z,1,3,train,0.0,2.0,9.0,14
animal (2),m,0,3,train,1.0,5.0,5.0,14
animal (2),z,1,3,train,0.0,6.0,5.0,14
animal (3),m,1,3,train,0.0,4.0,6.0,14
animal (2),z,1,3,train,0.0,2.0,6.0,14
animal (1),z,1,3,train,0.0,5.0,10.0,14
animal (3),m,1,3,train,0.0,3.0,7.0,14
animal (1),z,1,3,train,0.0,2.0,11.0,14
fruits (6),z,1,6,train,0.0,0.0,0.0,14
fruits (1),m,1,6,train,0.0,0.0,0.0,14
fruits (5),m,1,6,train,0.0,0.0,0.0,14
fruits (4),z,1,6,train,0.0,0.0,0.0,14
fruits (2),m,1,6,train,0.0,0.0,0.0,14
fruits (3),m,0,6,train,0.0,0.0,0.0,14
fruits (3),z,1,6,train,0.0,0.0,0.0,14
fruits (6),z,1,6,train,0.0,7.0,1.0,14
fruits (4),z,1,6,train,0.0,5.0,1.0,14
fruits (5),z,0,6,train,0.0,7.0,1.0,14
fruits (1),z,0,6,train,0.0,9.0,1.0,14
fruits (2),m,1,6,train,0.0,7.0,1.0,14
fruits (1),z,0,6,train,1.0,11.0,1.0,14
fruits (3),m,0,6,train,1.0,7.0,1.0,14
fruits (2),m,1,6,train,0.0,3.0,2.0,14
fruits (6),z,1,6,train,0.0,8.0,2.0,14
fruits (5),m,1,6,train,0.0,14.0,1.0,14
fruits (4),z,1,6,train,0.0,9.0,2.0,14
fruits (5),m,1,6,train,0.0,2.0,2.0,14
fruits (2),m,1,6,train,0.0,5.0,3.0,14
fruits (6),z,1,6,train,0.0,5.0,3.0,14
fruits (1),m,1,6,train,0.0,20.0,1.0,14
fruits (4),z,1,6,train,0.0,5.0,3.0,14
fruits (3),m,0,6,train,1.0,17.0,1.0,14
fruits (6),z,1,6,train,0.0,4.0,4.0,14
fruits (5),m,1,6,train,0.0,7.0,3.0,14
fruits (2),m,1,6,train,0.0,7.0,4.0,14
fruits (3),z,1,6,train,0.0,21.0,1.0,14
fruits (4),z,1,6,train,0.0,6.0,4.0,14
fruits (1),m,1,6,train,0.0,8.0,2.0,14
fruits (6),z,1,6,train,0.0,6.0,5.0,14
fruits (3),m,0,6,train,1.0,4.0,2.0,14
fruits (4),z,1,6,train,0.0,4.0,5.0,14
fruits (1),z,0,6,train,1.0,4.0,3.0,14
fruits (2),m,1,6,train,0.0,8.0,5.0,14
fruits (5),m,1,6,train,0.0,10.0,4.0,14
fruits (2),m,1,6,train,0.0,2.0,6.0,14
fruits (3),z,1,6,train,0.0,10.0,2.0,14
fruits (5),m,1,6,train,0.0,3.0,5.0,14
fruits (4),z,1,6,train,0.0,7.0,6.0,14
fruits (1),m,1,6,train,0.0,11.0,3.0,14
fruits (6),z,1,6,train,0.0,11.0,6.0,14
fruits (2),m,1,6,train,0.0,6.0,7.0,14
fruits (1),z,0,6,train,1.0,3.0,4.0,14
fruits (4),z,1,6,train,0.0,5.0,7.0,14
fruits (3),m,0,6,train,1.0,8.0,3.0,14
fruits (5),m,1,6,train,0.0,8.0,6.0,14
fruits (6),z,1,6,train,0.0,6.0,7.0,14
fruits (3),z,1,6,train,0.0,11.0,3.0,14
fruits (2),m,1,6,train,0.0,7.0,8.0,14
fruits (6),z,1,6,train,0.0,3.0,8.0,14
fruits (1),m,1,6,train,0.0,11.0,4.0,14
fruits (4),z,1,6,train,0.0,8.0,8.0,14
fruits (5),m,1,6,train,0.0,7.0,7.0,14
fruits (2),m,1,6,train,0.0,5.0,9.0,14
fruits (6),z,1,6,train,0.0,5.0,9.0,14
fruits (3),m,0,6,train,1.0,8.0,4.0,14
fruits (1),z,0,6,train,1.0,6.0,5.0,14
fruits (4),z,1,6,train,0.0,6.0,9.0,14
fruits (5),m,1,6,train,0.0,6.0,8.0,14
fruits (3),z,1,6,train,0.0,12.0,4.0,14
fruits (5),m,1,6,train,0.0,2.0,9.0,14
fruits (2),z,0,6,train,0.0,8.0,10.0,14
fruits (6),z,1,6,train,0.0,8.0,10.0,14
fruits (1),m,1,6,train,0.0,13.0,5.0,14
fruits (4),z,1,6,train,0.0,7.0,10.0,14
fruits (5),m,1,6,train,0.0,5.0,10.0,14
fruits (2),z,0,6,train,1.0,13.0,10.0,14
fruits (1),m,1,6,train,0.0,4.0,6.0,14
fruits (4),z,1,6,train,0.0,4.0,11.0,14
fruits (3),m,0,6,train,1.0,10.0,5.0,14
fruits (6),z,1,6,train,0.0,8.0,11.0,14
fruits (5),m,1,6,train,0.0,6.0,11.0,14
fruits (1),m,1,6,train,0.0,5.0,7.0,14
fruits (2),m,1,6,train,0.0,20.0,10.0,14
fruits (4),z,1,6,train,0.0,6.0,12.0,14
fruits (3),z,1,6,train,0.0,16.0,5.0,14
fruits (6),z,1,6,train,0.0,6.0,12.0,14
tools (1),z,1,3,train,0.0,0.0,0.0,14
tools (2),z,1,3,train,0.0,0.0,0.0,14
tools (3),m,1,3,train,0.0,0.0,0.0,14
tools (1),z,1,3,train,0.0,3.0,1.0,14
tools (3),m,1,3,train,0.0,2.0,1.0,14
tools (2),z,1,3,train,0.0,4.0,1.0,14
tools (2),m,0,3,train,0.0,1.0,2.0,14
tools (3),z,0,3,train,0.0,3.0,2.0,14
tools (1),z,1,3,train,0.0,5.0,2.0,14
tools (1),z,1,3,train,0.0,1.0,3.0,14
tools (2),z,1,3,train,0.0,5.0,2.0,14
tools (3),m,1,3,train,0.0,7.0,2.0,14
tools (1),z,1,3,train,0.0,3.0,4.0,14
tools (3),m,1,3,train,0.0,2.0,3.0,14
tools (2),z,1,3,train,0.0,4.0,3.0,14
tools (2),z,1,3,train,0.0,1.0,4.0,14
tools (3),m,1,3,train,0.0,3.0,4.0,14
tools (1),z,1,3,train,0.0,5.0,5.0,14
tools (3),m,1,3,train,0.0,2.0,5.0,14
tools (2),z,1,3,train,0.0,4.0,5.0,14
tools (1),z,1,3,train,0.0,3.0,6.0,14
tools (1),m,0,3,train,0.0,1.0,7.0,14
tools (3),z,0,3,train,1.0,4.0,6.0,14
tools (2),z,1,3,train,0.0,4.0,6.0,14
tools (2),z,1,3,train,0.0,1.0,7.0,14
tools (3),m,1,3,train,0.0,7.0,6.0,14
tools (1),z,1,3,train,0.0,6.0,7.0,14
tools (3),m,1,3,train,0.0,2.0,7.0,14
tools (1),z,1,3,train,0.0,2.0,8.0,14
tools (2),z,1,3,train,0.0,5.0,8.0,14
tools (2),z,1,3,train,0.0,1.0,9.0,14
tools (3),m,1,3,train,0.0,4.0,8.0,14
tools (2),z,1,3,train,0.0,2.0,10.0,14
tools (1),z,1,3,train,0.0,5.0,9.0,14
tools (3),m,1,3,train,0.0,3.0,9.0,14
tools (1),z,1,3,train,0.0,2.0,10.0,14
clothes (6),z,1,6,train,0.0,0.0,0.0,14
clothes (1),m,1,6,train,0.0,0.0,0.0,14
clothes (5),z,0,6,train,0.0,0.0,0.0,14
clothes (4),z,1,6,train,0.0,0.0,0.0,14
clothes (2),m,1,6,train,0.0,0.0,0.0,14
clothes (3),z,1,6,train,0.0,0.0,0.0,14
clothes (3),z,1,6,train,0.0,1.0,1.0,14
clothes (6),m,0,6,train,0.0,7.0,1.0,14
clothes (4),z,1,6,train,0.0,5.0,1.0,14
clothes (5),z,0,6,train,1.0,0.0,0.0,14
clothes (1),m,1,6,train,0.0,9.0,1.0,14
clothes (2),m,1,6,train,0.0,7.0,1.0,14
clothes (1),z,0,6,train,0.0,2.0,2.0,14
clothes (3),z,1,6,train,0.0,7.0,2.0,14
clothes (2),z,0,6,train,0.0,3.0,2.0,14
clothes (6),z,1,6,train,0.0,15.0,1.0,14
clothes (5),m,1,6,train,0.0,0.0,0.0,14
clothes (4),z,1,6,train,0.0,9.0,2.0,14
clothes (5),m,1,6,train,0.0,2.0,1.0,14
clothes (2),z,0,6,train,1.0,8.0,2.0,14
clothes (6),z,1,6,train,0.0,5.0,2.0,14
clothes (1),m,1,6,train,0.0,11.0,2.0,14
clothes (4),z,1,6,train,0.0,5.0,3.0,14
clothes (3),m,0,6,train,0.0,10.0,3.0,14
clothes (6),z,1,6,train,0.0,4.0,3.0,14
clothes (5),m,1,6,train,0.0,7.0,2.0,14
clothes (2),m,1,6,train,0.0,15.0,2.0,14
clothes (3),z,1,6,train,0.0,14.0,3.0,14
clothes (4),z,1,6,train,0.0,6.0,4.0,14
clothes (1),m,1,6,train,0.0,8.0,3.0,14
clothes (6),z,1,6,train,0.0,6.0,4.0,14
clothes (3),m,0,6,train,1.0,4.0,4.0,14
clothes (4),z,1,6,train,0.0,4.0,5.0,14
clothes (1),m,1,6,train,0.0,4.0,4.0,14
clothes (2),z,0,6,train,1.0,8.0,3.0,14
clothes (5),z,0,6,train,1.0,10.0,3.0,14
clothes (2),z,0,6,train,1.0,10.0,3.0,14
clothes (3),z,1,6,train,0.0,10.0,4.0,14
clothes (5),m,1,6,train,0.0,13.0,3.0,14
clothes (4),z,1,6,train,0.0,7.0,6.0,14
clothes (1),m,1,6,train,0.0,7.0,5.0,14
clothes (6),z,1,6,train,0.0,11.0,5.0,14
clothes (2),m,1,6,train,0.0,16.0,3.0,14
clothes (1),m,1,6,train,0.0,3.0,6.0,14
clothes (4),z,1,6,train,0.0,5.0,7.0,14
clothes (3),z,1,6,train,0.0,8.0,5.0,14
clothes (5),m,1,6,train,0.0,8.0,4.0,14
clothes (6),z,1,6,train,0.0,6.0,6.0,14
clothes (3),z,1,6,train,0.0,3.0,6.0,14
clothes (2),m,1,6,train,0.0,7.0,4.0,14
clothes (6),z,1,6,train,0.0,3.0,7.0,14
clothes (1),m,1,6,train,0.0,8.0,7.0,14
clothes (4),z,1,6,train,0.0,8.0,8.0,14
clothes (5),z,0,6,train,1.0,7.0,5.0,14
clothes (2),z,0,6,train,1.0,5.0,5.0,14
clothes (6),z,1,6,train,0.0,5.0,8.0,14
clothes (3),m,0,6,train,1.0,8.0,7.0,14
clothes (1),m,1,6,train,0.0,6.0,8.0,14
clothes (4),z,1,6,train,0.0,6.0,9.0,14
clothes (5),m,1,6,train,0.0,13.0,5.0,14
clothes (3),z,1,6,train,0.0,12.0,7.0,14
clothes (5),m,1,6,train,0.0,2.0,6.0,14
clothes (2),z,0,6,train,1.0,13.0,5.0,14
clothes (6),z,1,6,train,0.0,8.0,9.0,14
clothes (1),m,1,6,train,0.0,7.0,9.0,14
clothes (4),z,1,6,train,0.0,7.0,10.0,14
clothes (5),m,1,6,train,0.0,5.0,7.0,14
clothes (2),z,0,6,train,1.0,18.0,5.0,14
clothes (1),m,1,6,train,0.0,4.0,10.0,14
clothes (4),z,1,6,train,0.0,4.0,11.0,14
clothes (3),z,1,6,train,0.0,10.0,8.0,14
clothes (6),z,1,6,train,0.0,8.0,10.0,14
clothes (5),m,1,6,train,0.0,6.0,8.0,14
clothes (1),m,1,6,train,0.0,5.0,11.0,14
clothes (2),m,1,6,train,0.0,25.0,5.0,14
clothes (4),z,1,6,train,0.0,6.0,12.0,14
clothes (3),z,1,6,train,0.0,6.0,9.0,14
clothes (6),z,1,6,train,0.0,6.0,11.0,14
face (1),z,1,3,train,0.0,0.0,0.0,14
face (2),m,0,3,train,0.0,0.0,0.0,14
face (3),z,0,3,train,0.0,0.0,0.0,14
face (1),z,1,3,train,0.0,3.0,1.0,14
face (3),z,0,3,train,1.0,0.0,0.0,14
face (2),m,0,3,train,1.0,0.0,0.0,14
face (2),m,0,3,train,1.0,0.0,0.0,14
face (3),m,1,3,train,0.0,0.0,0.0,14
face (1),z,1,3,train,0.0,5.0,2.0,14
face (1),z,1,3,train,0.0,1.0,3.0,14
face (2),m,0,3,train,1.0,0.0,0.0,14
face (3),m,1,3,train,0.0,4.0,1.0,14
face (1),z,1,3,train,0.0,3.0,4.0,14
face (3),m,1,3,train,0.0,2.0,2.0,14
face (2),m,0,3,train,1.0,0.0,0.0,14
face (2),z,1,3,train,0.0,0.0,0.0,14
face (3),m,1,3,train,0.0,3.0,3.0,14
face (1),z,1,3,train,0.0,5.0,5.0,14
face (3),m,1,3,train,0.0,2.0,4.0,14
face (2),z,1,3,train,0.0,4.0,1.0,14
face (1),z,1,3,train,0.0,3.0,6.0,14
face (1),z,1,3,train,0.0,1.0,7.0,14
face (3),m,1,3,train,0.0,4.0,5.0,14
face (2),z,1,3,train,0.0,4.0,2.0,14
face (2),z,1,3,train,0.0,1.0,3.0,14
face (3),m,1,3,train,0.0,3.0,6.0,14
face (1),z,1,3,train,0.0,5.0,8.0,14
face (3),m,1,3,train,0.0,2.0,7.0,14
face (1),z,1,3,train,0.0,2.0,9.0,14
face (2),m,0,3,train,1.0,5.0,4.0,14
face (2),z,1,3,train,0.0,6.0,4.0,14
face (3),m,1,3,train,0.0,4.0,8.0,14
face (2),z,1,3,train,0.0,2.0,5.0,14
face (1),m,0,3,train,0.0,5.0,10.0,14
face (3),m,1,3,train,0.0,3.0,9.0,14
face (1),z,1,3,train,0.0,7.0,10.0,14
color (6),z,1,6,train,0.0,0.0,0.0,14
color (1),m,1,6,train,0.0,0.0,0.0,14
color (5),m,1,6,train,0.0,0.0,0.0,14
color (4),z,1,6,train,0.0,0.0,0.0,14
color (2),z,0,6,train,0.0,0.0,0.0,14
color (3),m,0,6,train,0.0,0.0,0.0,14
color (3),z,1,6,train,0.0,0.0,0.0,14
color (6),z,1,6,train,0.0,7.0,1.0,14
color (4),m,0,6,train,0.0,5.0,1.0,14
color (5),z,0,6,train,0.0,7.0,1.0,14
color (1),z,0,6,train,0.0,9.0,1.0,14
color (2),m,1,6,train,0.0,0.0,0.0,14
color (1),z,0,6,train,1.0,11.0,1.0,14
color (3),z,1,6,train,0.0,7.0,1.0,14
color (2),m,1,6,train,0.0,3.0,1.0,14
color (6),z,1,6,train,0.0,8.0,2.0,14
color (5),m,1,6,train,0.0,14.0,1.0,14
color (4),m,0,6,train,1.0,14.0,1.0,14
color (5),m,1,6,train,0.0,2.0,2.0,14
color (2),z,0,6,train,1.0,5.0,2.0,14
color (6),z,1,6,train,0.0,5.0,3.0,14
color (1),m,1,6,train,0.0,20.0,1.0,14
color (4),m,0,6,train,1.0,19.0,1.0,14
color (3),z,1,6,train,0.0,10.0,2.0,14
color (6),z,1,6,train,0.0,4.0,4.0,14
color (5),z,0,6,train,1.0,7.0,3.0,14
color (2),m,1,6,train,0.0,12.0,2.0,14
color (3),z,1,6,train,0.0,4.0,3.0,14
color (4),z,1,6,train,0.0,25.0,1.0,14
color (1),m,1,6,train,0.0,8.0,2.0,14
color (6),m,0,6,train,0.0,6.0,5.0,14
color (3),z,1,6,train,0.0,4.0,4.0,14
color (4),z,1,6,train,0.0,4.0,2.0,14
color (1),m,1,6,train,0.0,4.0,3.0,14
color (2),m,1,6,train,0.0,8.0,3.0,14
color (5),z,0,6,train,1.0,17.0,3.0,14
color (2),m,1,6,train,0.0,2.0,4.0,14
color (3),m,0,6,train,1.0,6.0,5.0,14
color (5),z,0,6,train,1.0,20.0,3.0,14
color (4),m,0,6,train,1.0,7.0,3.0,14
color (1),m,1,6,train,0.0,7.0,4.0,14
color (6),z,1,6,train,0.0,17.0,5.0,14
color (2),m,1,6,train,0.0,6.0,5.0,14
color (1),m,1,6,train,0.0,3.0,5.0,14
color (4),z,1,6,train,0.0,12.0,3.0,14
color (3),m,0,6,train,1.0,14.0,5.0,14
color (5),z,0,6,train,1.0,28.0,3.0,14
color (6),z,1,6,train,0.0,6.0,6.0,14
color (3),z,1,6,train,0.0,17.0,5.0,14
color (2),m,1,6,train,0.0,7.0,6.0,14
color (6),z,1,6,train,0.0,3.0,7.0,14
color (1),z,0,6,train,1.0,8.0,6.0,14
color (4),m,0,6,train,1.0,8.0,4.0,14
color (5),z,0,6,train,1.0,35.0,3.0,14
color (2),z,0,6,train,1.0,5.0,7.0,14
color (6),m,0,6,train,1.0,5.0,8.0,14
color (3),z,1,6,train,0.0,8.0,6.0,14
color (1),m,1,6,train,0.0,14.0,6.0,14
color (4),z,1,6,train,0.0,14.0,4.0,14
color (5),z,0,6,train,1.0,41.0,3.0,14
color (3),z,1,6,train,0.0,4.0,7.0,14
color (5),z,0,6,train,1.0,43.0,3.0,14
color (2),m,1,6,train,0.0,13.0,7.0,14
color (6),z,1,6,train,0.0,13.0,8.0,14
color (1),m,1,6,train,0.0,7.0,7.0,14
color (4),z,1,6,train,0.0,7.0,5.0,14
color (5),m,1,6,train,0.0,48.0,3.0,14
color (2),m,1,6,train,0.0,5.0,8.0,14
color (1),m,1,6,train,0.0,4.0,8.0,14
color (4),z,1,6,train,0.0,4.0,6.0,14
color (3),z,1,6,train,0.0,10.0,8.0,14
color (6),z,1,6,train,0.0,8.0,9.0,14
color (5),m,1,6,train,0.0,6.0,4.0,14
color (1),z,0,6,train,1.0,5.0,9.0,14
color (2),m,1,6,train,0.0,7.0,9.0,14
color (4),z,1,6,train,0.0,6.0,7.0,14
color (3),z,1,6,train,0.0,6.0,9.0,14
color (6),m,0,6,train,1.0,6.0,10.0,14
symbol (1),z,0,3,train,0.0,0.0,0.0,14
symbol (2),m,1,3,train,0.0,0.0,0.0,14
symbol (3),m,0,3,train,0.0,0.0,0.0,14
symbol (1),m,1,3,train,0.0,0.0,0.0,14
symbol (3),z,1,3,train,0.0,0.0,0.0,14
symbol (2),z,0,3,train,0.0,4.0,1.0,14
symbol (2),m,1,3,train,0.0,5.0,1.0,14
symbol (3),m,0,3,train,1.0,3.0,1.0,14
symbol (1),m,1,3,train,0.0,5.0,1.0,14
symbol (1),m,1,3,train,0.0,1.0,2.0,14
symbol (2),z,0,3,train,1.0,4.0,2.0,14
symbol (3),z,1,3,train,0.0,7.0,1.0,14
symbol (1),m,1,3,train,0.0,3.0,3.0,14
symbol (3),z,1,3,train,0.0,2.0,2.0,14
symbol (2),m,1,3,train,0.0,8.0,2.0,14
symbol (2),m,1,3,train,0.0,1.0,3.0,14
symbol (3),z,1,3,train,0.0,3.0,3.0,14
symbol (1),m,1,3,train,0.0,5.0,4.0,14
symbol (3),z,1,3,train,0.0,2.0,4.0,14
symbol (2),m,1,3,train,0.0,4.0,4.0,14
symbol (1),m,1,3,train,0.0,3.0,5.0,14
symbol (1),m,1,3,train,0.0,1.0,6.0,14
symbol (3),z,1,3,train,0.0,4.0,5.0,14
symbol (2),m,1,3,train,0.0,4.0,5.0,14
symbol (2),m,1,3,train,0.0,1.0,6.0,14
symbol (3),z,1,3,train,0.0,3.0,6.0,14
symbol (1),m,1,3,train,0.0,5.0,7.0,14
symbol (3),z,1,3,train,0.0,2.0,7.0,14
symbol (1),z,0,3,train,1.0,2.0,8.0,14
symbol (2),m,1,3,train,0.0,5.0,7.0,14
symbol (2),z,0,3,train,1.0,1.0,8.0,14
symbol (3),z,1,3,train,0.0,4.0,8.0,14
symbol (2),m,1,3,train,0.0,3.0,8.0,14
symbol (1),m,1,3,train,0.0,7.0,8.0,14
symbol (3),z,1,3,train,0.0,3.0,9.0,14
symbol (1),m,1,3,train,0.0,2.0,9.0,14
environment (6),z,1,6,train,0.0,0.0,0.0,14
environment (1),m,1,6,train,0.0,0.0,0.0,14
environment (5),m,1,6,train,0.0,0.0,0.0,14
environment (4),z,1,6,train,0.0,0.0,0.0,14
environment (2),z,0,6,train,0.0,0.0,0.0,14
environment (3),m,0,6,train,0.0,0.0,0.0,14
environment (3),z,1,6,train,0.0,0.0,0.0,14
environment (6),z,1,6,train,0.0,7.0,1.0,14
environment (4),m,0,6,train,0.0,5.0,1.0,14
environment (5),z,0,6,train,0.0,7.0,1.0,14
environment (1),m,1,6,train,0.0,9.0,1.0,14
environment (2),m,1,6,train,0.0,0.0,0.0,14
environment (1),m,1,6,train,0.0,2.0,2.0,14
environment (3),m,0,6,train,1.0,7.0,1.0,14
environment (2),m,1,6,train,0.0,3.0,1.0,14
environment (6),z,1,6,train,0.0,8.0,2.0,14
environment (5),z,0,6,train,1.0,14.0,1.0,14
environment (4),m,0,6,train,1.0,14.0,1.0,14
environment (5),z,0,6,train,1.0,16.0,1.0,14
environment (2),m,1,6,train,0.0,5.0,2.0,14
environment (6),z,1,6,train,0.0,5.0,3.0,14
environment (1),z,0,6,train,0.0,9.0,3.0,14
environment (4),z,1,6,train,0.0,19.0,1.0,14
environment (3),z,1,6,train,0.0,17.0,1.0,14
environment (6),z,1,6,train,0.0,4.0,4.0,14
environment (5),m,1,6,train,0.0,23.0,1.0,14
environment (2),m,1,6,train,0.0,7.0,3.0,14
environment (3),z,1,6,train,0.0,4.0,2.0,14
environment (4),z,1,6,train,0.0,6.0,2.0,14
environment (1),z,0,6,train,1.0,17.0,3.0,14
environment (6),z,1,6,train,0.0,6.0,5.0,14
environment (3),z,1,6,train,0.0,4.0,3.0,14
environment (4),z,1,6,train,0.0,4.0,3.0,14
environment (1),m,1,6,train,0.0,21.0,3.0,14
environment (2),m,1,6,train,0.0,8.0,4.0,14
environment (5),z,0,6,train,1.0,10.0,2.0,14
environment (2),z,0,6,train,1.0,2.0,5.0,14
environment (3),m,0,6,train,1.0,6.0,4.0,14
environment (5),z,0,6,train,1.0,13.0,2.0,14
environment (4),m,0,6,train,1.0,7.0,4.0,14
environment (1),m,1,6,train,0.0,7.0,4.0,14
environment (6),z,1,6,train,0.0,11.0,6.0,14
environment (2),m,1,6,train,0.0,8.0,5.0,14
environment (1),z,0,6,train,1.0,3.0,5.0,14
environment (4),m,0,6,train,1.0,12.0,4.0,14
environment (3),z,1,6,train,0.0,14.0,4.0,14
environment (5),z,0,6,train,1.0,21.0,2.0,14
environment (6),z,1,6,train,0.0,6.0,7.0,14
environment (3),z,1,6,train,0.0,3.0,5.0,14
environment (2),m,1,6,train,0.0,7.0,6.0,14
environment (6),z,1,6,train,0.0,3.0,8.0,14
environment (1),m,1,6,train,0.0,11.0,5.0,14
environment (4),m,0,6,train,1.0,20.0,4.0,14
environment (5),m,1,6,train,0.0,28.0,2.0,14
environment (2),m,1,6,train,0.0,5.0,7.0,14
environment (6),z,1,6,train,0.0,5.0,9.0,14
environment (3),z,1,6,train,0.0,8.0,6.0,14
environment (1),m,1,6,train,0.0,6.0,6.0,14
environment (4),z,1,6,train,0.0,26.0,4.0,14
environment (5),m,1,6,train,0.0,6.0,3.0,14
environment (3),z,1,6,train,0.0,4.0,7.0,14
environment (5),m,1,6,train,0.0,2.0,4.0,14
environment (2),m,1,6,train,0.0,8.0,8.0,14
environment (6),z,1,6,train,0.0,8.0,10.0,14
environment (1),z,0,6,train,1.0,7.0,7.0,14
environment (4),z,1,6,train,0.0,7.0,5.0,14
environment (5),m,1,6,train,0.0,5.0,5.0,14
environment (2),m,1,6,train,0.0,5.0,9.0,14
environment (1),z,0,6,train,1.0,11.0,7.0,14
environment (4),z,1,6,train,0.0,4.0,6.0,14
environment (3),z,1,6,train,0.0,10.0,8.0,14
environment (6),z,1,6,train,0.0,8.0,11.0,14
environment (5),m,1,6,train,0.0,6.0,6.0,14
environment (1),m,1,6,train,0.0,16.0,7.0,14
environment (2),m,1,6,train,0.0,7.0,10.0,14
environment (4),m,0,6,train,1.0,6.0,7.0,14
environment (3),z,1,6,train,0.0,6.0,9.0,14
environment (6),m,0,6,train,0.0,6.0,12.0,14
vehicle (1),z,0,3,train,0.0,0.0,0.0,14
vehicle (2),m,1,3,train,0.0,0.0,0.0,14
vehicle (3),m,0,3,train,0.0,0.0,0.0,14
vehicle (1),z,0,3,train,1.0,0.0,0.0,14
vehicle (3),z,1,3,train,0.0,0.0,0.0,14
vehicle (2),z,0,3,train,0.0,4.0,1.0,14
vehicle (2),m,1,3,train,0.0,5.0,1.0,14
vehicle (3),z,1,3,train,0.0,3.0,1.0,14
vehicle (1),z,0,3,train,1.0,0.0,0.0,14
vehicle (1),m,1,3,train,0.0,0.0,0.0,14
vehicle (2),m,1,3,train,0.0,4.0,2.0,14
vehicle (3),m,0,3,train,1.0,4.0,2.0,14
vehicle (1),z,0,3,train,1.0,3.0,1.0,14
vehicle (3),z,1,3,train,0.0,6.0,2.0,14
vehicle (2),m,1,3,train,0.0,4.0,3.0,14
vehicle (2),m,1,3,train,0.0,1.0,4.0,14
vehicle (3),z,1,3,train,0.0,3.0,3.0,14
vehicle (1),m,1,3,train,0.0,8.0,1.0,14
vehicle (3),z,1,3,train,0.0,2.0,4.0,14
vehicle (2),m,1,3,train,0.0,4.0,5.0,14
vehicle (1),m,1,3,train,0.0,3.0,2.0,14
vehicle (1),m,1,3,train,0.0,1.0,3.0,14
vehicle (3),z,1,3,train,0.0,4.0,5.0,14
vehicle (2),m,1,3,train,0.0,4.0,6.0,14
vehicle (2),m,1,3,train,0.0,1.0,7.0,14
vehicle (3),z,1,3,train,0.0,3.0,6.0,14
vehicle (1),m,1,3,train,0.0,5.0,4.0,14
vehicle (3),z,1,3,train,0.0,2.0,7.0,14
vehicle (1),m,1,3,train,0.0,2.0,5.0,14
vehicle (2),z,0,3,train,1.0,5.0,8.0,14
vehicle (2),m,1,3,train,0.0,6.0,8.0,14
vehicle (3),z,1,3,train,0.0,4.0,8.0,14
vehicle (2),m,1,3,train,0.0,2.0,9.0,14
vehicle (1),m,1,3,train,0.0,5.0,6.0,14
vehicle (3),z,1,3,train,0.0,3.0,9.0,14
vehicle (1),m,1,3,train,0.0,2.0,7.0,14
instrument (1),z,0,3,train,0.0,0.0,0.0,14
instrument (2),z,0,3,train,0.0,0.0,0.0,14
instrument (3),z,1,3,train,0.0,0.0,0.0,14
instrument (1),m,1,3,train,0.0,0.0,0.0,14
instrument (3),m,0,3,train,0.0,2.0,1.0,14
instrument (2),z,0,3,train,1.0,0.0,0.0,14
instrument (2),z,0,3,train,1.0,0.0,0.0,14
instrument (3),m,0,3,train,1.0,5.0,1.0,14
instrument (1),z,0,3,train,1.0,5.0,1.0,14
instrument (1),m,1,3,train,0.0,6.0,1.0,14
instrument (2),m,1,3,train,0.0,0.0,0.0,14
instrument (3),z,1,3,train,0.0,9.0,1.0,14
instrument (1),m,1,3,train,0.0,3.0,2.0,14
instrument (3),m,0,3,train,1.0,2.0,2.0,14
instrument (2),m,1,3,train,0.0,4.0,1.0,14
instrument (2),m,1,3,train,0.0,1.0,2.0,14
instrument (3),z,1,3,train,0.0,5.0,2.0,14
instrument (1),z,0,3,train,1.0,5.0,3.0,14
instrument (3),z,1,3,train,0.0,2.0,3.0,14
instrument (2),m,1,3,train,0.0,4.0,3.0,14
instrument (1),m,1,3,train,0.0,8.0,3.0,14
instrument (1),m,1,3,train,0.0,1.0,4.0,14
instrument (3),z,1,3,train,0.0,4.0,4.0,14
instrument (2),m,1,3,train,0.0,4.0,4.0,14
instrument (2),m,1,3,train,0.0,1.0,5.0,14
instrument (3),z,1,3,train,0.0,3.0,5.0,14
instrument (1),z,0,3,train,1.0,5.0,5.0,14
instrument (3),m,0,3,train,1.0,2.0,6.0,14
instrument (1),z,0,3,train,1.0,7.0,5.0,14
instrument (2),m,1,3,train,0.0,5.0,6.0,14
instrument (2),m,1,3,train,0.0,1.0,7.0,14
instrument (3),z,1,3,train,0.0,6.0,6.0,14
instrument (2),m,1,3,train,0.0,2.0,8.0,14
instrument (1),m,1,3,train,0.0,12.0,5.0,14
instrument (3),z,1,3,train,0.0,3.0,7.0,14
instrument (1),m,1,3,train,0.0,2.0,6.0,14
jungle2,m,0,3,train,0.0,0.0,0.0,15
jungle1,m,0,3,train,0.0,0.0,0.0,15
jungle3,m,1,3,train,0.0,0.0,0.0,15
jungle1,z,1,3,train,0.0,0.0,0.0,15
jungle3,m,1,3,train,0.0,2.0,1.0,15
jungle2,z,1,3,train,0.0,0.0,0.0,15
jungle3,m,1,3,train,0.0,2.0,2.0,15
jungle2,z,1,3,train,0.0,2.0,1.0,15
jungle1,z,1,3,train,0.0,5.0,1.0,15
jungle1,z,1,3,train,0.0,1.0,2.0,15
jungle2,z,1,3,train,0.0,3.0,2.0,15
jungle3,m,1,3,train,0.0,5.0,3.0,15
jungle3,m,1,3,train,0.0,1.0,4.0,15
jungle1,z,1,3,train,0.0,4.0,3.0,15
jungle2,z,1,3,train,0.0,4.0,3.0,15
jungle3,m,1,3,train,0.0,3.0,5.0,15
jungle1,z,1,3,train,0.0,3.0,4.0,15
jungle2,z,1,3,train,0.0,3.0,4.0,15
jungle1,m,0,3,train,1.0,2.0,5.0,15
jungle3,m,1,3,train,0.0,4.0,6.0,15
jungle2,z,1,3,train,0.0,3.0,5.0,15
jungle3,m,1,3,train,0.0,2.0,7.0,15
jungle2,z,1,3,train,0.0,2.0,6.0,15
jungle1,z,1,3,train,0.0,7.0,5.0,15
jungle2,z,1,3,train,0.0,2.0,7.0,15
jungle3,m,1,3,train,0.0,4.0,8.0,15
jungle1,z,1,3,train,0.0,3.0,6.0,15
jungle1,z,1,3,train,0.0,1.0,7.0,15
jungle2,z,1,3,train,0.0,4.0,8.0,15
jungle3,m,1,3,train,0.0,4.0,9.0,15
jungle2,z,1,3,train,0.0,2.0,9.0,15
jungle3,m,1,3,train,0.0,2.0,10.0,15
jungle1,z,1,3,train,0.0,5.0,8.0,15
jungle2,z,1,3,train,0.0,3.0,10.0,15
jungle1,z,1,3,train,0.0,2.0,9.0,15
jungle3,m,1,3,train,0.0,4.0,11.0,15
vegan (6),z,1,6,train,0.0,0.0,0.0,15
vegan (1),z,0,6,train,0.0,0.0,0.0,15
vegan (5),z,0,6,train,0.0,0.0,0.0,15
vegan (4),z,1,6,train,0.0,0.0,0.0,15
vegan (2),z,0,6,train,0.0,0.0,0.0,15
vegan (3),z,1,6,train,0.0,0.0,0.0,15
vegan (3),z,1,6,train,0.0,1.0,1.0,15
vegan (6),z,1,6,train,0.0,7.0,1.0,15
vegan (4),m,0,6,train,0.0,5.0,1.0,15
vegan (5),m,1,6,train,0.0,0.0,0.0,15
vegan (1),m,1,6,train,0.0,0.0,0.0,15
vegan (2),m,1,6,train,0.0,0.0,0.0,15
vegan (1),m,1,6,train,0.0,2.0,1.0,15
vegan (3),z,1,6,train,0.0,7.0,2.0,15
vegan (2),m,1,6,train,0.0,3.0,1.0,15
vegan (6),z,1,6,train,0.0,8.0,2.0,15
vegan (5),m,1,6,train,0.0,7.0,1.0,15
vegan (4),m,0,6,train,1.0,14.0,1.0,15
vegan (5),z,0,6,train,1.0,2.0,2.0,15
vegan (2),z,0,6,train,1.0,5.0,2.0,15
vegan (6),z,1,6,train,0.0,5.0,3.0,15
vegan (1),m,1,6,train,0.0,9.0,2.0,15
vegan (4),m,0,6,train,1.0,19.0,1.0,15
vegan (3),z,1,6,train,0.0,10.0,3.0,15
vegan (6),z,1,6,train,0.0,4.0,4.0,15
vegan (5),m,1,6,train,0.0,9.0,2.0,15
vegan (2),m,1,6,train,0.0,12.0,2.0,15
vegan (3),z,1,6,train,0.0,4.0,4.0,15
vegan (4),m,0,6,train,1.0,25.0,1.0,15
vegan (1),z,0,6,train,1.0,8.0,3.0,15
vegan (6),z,1,6,train,0.0,6.0,5.0,15
vegan (3),z,1,6,train,0.0,4.0,5.0,15
vegan (4),z,1,6,train,0.0,29.0,1.0,15
vegan (1),m,1,6,train,0.0,12.0,3.0,15
vegan (2),m,1,6,train,0.0,8.0,3.0,15
vegan (5),m,1,6,train,0.0,10.0,3.0,15
vegan (2),m,1,6,train,0.0,2.0,4.0,15
vegan (3),z,1,6,train,0.0,6.0,6.0,15
vegan (5),m,1,6,train,0.0,3.0,4.0,15
vegan (4),z,1,6,train,0.0,7.0,2.0,15
vegan (1),m,1,6,train,0.0,7.0,4.0,15
vegan (6),z,1,6,train,0.0,11.0,6.0,15
vegan (2),m,1,6,train,0.0,6.0,5.0,15
vegan (1),m,1,6,train,0.0,3.0,5.0,15
vegan (4),z,1,6,train,0.0,5.0,3.0,15
vegan (3),z,1,6,train,0.0,8.0,7.0,15
vegan (5),m,1,6,train,0.0,8.0,5.0,15
vegan (6),z,1,6,train,0.0,6.0,7.0,15
vegan (3),z,1,6,train,0.0,3.0,8.0,15
vegan (2),m,1,6,train,0.0,7.0,6.0,15
vegan (6),z,1,6,train,0.0,3.0,8.0,15
vegan (1),z,0,6,train,1.0,8.0,6.0,15
vegan (4),m,0,6,train,1.0,8.0,4.0,15
vegan (5),m,1,6,train,0.0,7.0,6.0,15
vegan (2),m,1,6,train,0.0,5.0,7.0,15
vegan (6),z,1,6,train,0.0,5.0,9.0,15
vegan (3),z,1,6,train,0.0,8.0,9.0,15
vegan (1),m,1,6,train,0.0,14.0,6.0,15
vegan (4),m,0,6,train,1.0,14.0,4.0,15
vegan (5),m,1,6,train,0.0,6.0,7.0,15
vegan (3),z,1,6,train,0.0,4.0,10.0,15
vegan (5),z,0,6,train,1.0,2.0,8.0,15
vegan (2),m,1,6,train,0.0,8.0,8.0,15
vegan (6),z,1,6,train,0.0,8.0,10.0,15
vegan (1),m,1,6,train,0.0,7.0,7.0,15
vegan (4),z,1,6,train,0.0,21.0,4.0,15
vegan (5),z,0,6,train,1.0,7.0,8.0,15
vegan (2),m,1,6,train,0.0,5.0,9.0,15
vegan (1),m,1,6,train,0.0,4.0,8.0,15
vegan (4),z,1,6,train,0.0,4.0,5.0,15
vegan (3),z,1,6,train,0.0,10.0,11.0,15
vegan (6),z,1,6,train,0.0,8.0,11.0,15
vegan (5),m,1,6,train,0.0,13.0,8.0,15
vegan (1),z,0,6,train,1.0,5.0,9.0,15
vegan (2),m,1,6,train,0.0,7.0,10.0,15
vegan (4),m,0,6,train,1.0,6.0,6.0,15
vegan (3),z,1,6,train,0.0,6.0,12.0,15
vegan (6),z,1,6,train,0.0,6.0,12.0,15
animal (1),m,0,3,train,0.0,0.0,0.0,15
animal (2),m,0,3,train,0.0,0.0,0.0,15
animal (3),m,1,3,train,0.0,0.0,0.0,15
animal (1),z,1,3,train,0.0,0.0,0.0,15
animal (3),m,1,3,train,0.0,2.0,1.0,15
animal (2),z,1,3,train,0.0,0.0,0.0,15
animal (2),z,1,3,train,0.0,1.0,1.0,15
animal (3),m,1,3,train,0.0,3.0,2.0,15
animal (1),z,1,3,train,0.0,5.0,1.0,15
animal (1),z,1,3,train,0.0,1.0,2.0,15
animal (2),z,1,3,train,0.0,4.0,2.0,15
animal (3),m,1,3,train,0.0,4.0,3.0,15
animal (1),z,1,3,train,0.0,3.0,3.0,15
animal (3),z,0,3,train,0.0,2.0,4.0,15
animal (2),z,1,3,train,0.0,4.0,3.0,15
animal (2),z,1,3,train,0.0,1.0,4.0,15
animal (3),m,1,3,train,0.0,5.0,4.0,15
animal (1),z,1,3,train,0.0,5.0,4.0,15
animal (3),m,1,3,train,0.0,2.0,5.0,15
animal (2),z,1,3,train,0.0,4.0,5.0,15
animal (1),z,1,3,train,0.0,3.0,5.0,15
animal (1),m,0,3,train,1.0,1.0,6.0,15
animal (3),m,1,3,train,0.0,4.0,6.0,15
animal (2),z,1,3,train,0.0,4.0,6.0,15
animal (2),z,1,3,train,0.0,1.0,7.0,15
animal (3),z,0,3,train,1.0,3.0,7.0,15
animal (1),z,1,3,train,0.0,6.0,6.0,15
animal (3),m,1,3,train,0.0,5.0,7.0,15
animal (1),z,1,3,train,0.0,2.0,7.0,15
animal (2),z,1,3,train,0.0,5.0,8.0,15
animal (2),z,1,3,train,0.0,1.0,9.0,15
animal (3),m,1,3,train,0.0,4.0,8.0,15
animal (2),z,1,3,train,0.0,2.0,10.0,15
animal (1),z,1,3,train,0.0,5.0,8.0,15
animal (3),m,1,3,train,0.0,3.0,9.0,15
animal (1),z,1,3,train,0.0,2.0,9.0,15
fruits (6),m,0,6,train,0.0,0.0,0.0,15
fruits (1),m,1,6,train,0.0,0.0,0.0,15
fruits (5),m,1,6,train,0.0,0.0,0.0,15
fruits (4),m,0,6,train,0.0,0.0,0.0,15
fruits (2),m,1,6,train,0.0,0.0,0.0,15
fruits (3),m,0,6,train,0.0,0.0,0.0,15
fruits (3),z,1,6,train,0.0,0.0,0.0,15
fruits (6),z,1,6,train,0.0,0.0,0.0,15
fruits (4),m,0,6,train,1.0,0.0,0.0,15
fruits (5),m,1,6,train,0.0,7.0,1.0,15
fruits (1),m,1,6,train,0.0,9.0,1.0,15
fruits (2),z,0,6,train,0.0,7.0,1.0,15
fruits (1),z,0,6,train,0.0,2.0,2.0,15
fruits (3),z,1,6,train,0.0,7.0,1.0,15
fruits (2),m,1,6,train,0.0,10.0,1.0,15
fruits (6),z,1,6,train,0.0,8.0,1.0,15
fruits (5),m,1,6,train,0.0,7.0,2.0,15
fruits (4),z,1,6,train,0.0,0.0,0.0,15
fruits (5),m,1,6,train,0.0,2.0,3.0,15
fruits (2),m,1,6,train,0.0,5.0,2.0,15
fruits (6),z,1,6,train,0.0,5.0,2.0,15
fruits (1),z,0,6,train,1.0,11.0,2.0,15
fruits (4),m,0,6,train,1.0,5.0,1.0,15
fruits (3),z,1,6,train,0.0,10.0,2.0,15
fruits (6),z,1,6,train,0.0,4.0,3.0,15
fruits (5),m,1,6,train,0.0,7.0,4.0,15
fruits (2),m,1,6,train,0.0,7.0,3.0,15
fruits (3),m,0,6,train,1.0,4.0,3.0,15
fruits (4),z,1,6,train,0.0,11.0,1.0,15
fruits (1),m,1,6,train,0.0,19.0,2.0,15
fruits (6),z,1,6,train,0.0,6.0,4.0,15
fruits (3),m,0,6,train,1.0,8.0,3.0,15
fruits (4),m,0,6,train,1.0,4.0,2.0,15
fruits (1),z,0,6,train,1.0,4.0,3.0,15
fruits (2),m,1,6,train,0.0,8.0,4.0,15
fruits (5),z,0,6,train,0.0,10.0,5.0,15
fruits (2),m,1,6,train,0.0,2.0,5.0,15
fruits (3),z,1,6,train,0.0,14.0,3.0,15
fruits (5),m,1,6,train,0.0,13.0,5.0,15
fruits (4),z,1,6,train,0.0,11.0,2.0,15
fruits (1),m,1,6,train,0.0,11.0,3.0,15
fruits (6),z,1,6,train,0.0,11.0,5.0,15
fruits (2),m,1,6,train,0.0,6.0,6.0,15
fruits (1),z,0,6,train,1.0,3.0,4.0,15
fruits (4),m,0,6,train,1.0,5.0,3.0,15
fruits (3),z,1,6,train,0.0,8.0,4.0,15
fruits (5),m,1,6,train,0.0,8.0,6.0,15
fruits (6),m,0,6,train,1.0,6.0,6.0,15
fruits (3),z,1,6,train,0.0,3.0,5.0,15
fruits (2),z,0,6,train,1.0,7.0,7.0,15
fruits (6),m,0,6,train,1.0,9.0,6.0,15
fruits (1),z,0,6,train,1.0,11.0,4.0,15
fruits (4),z,1,6,train,0.0,13.0,3.0,15
fruits (5),m,1,6,train,0.0,7.0,7.0,15
fruits (2),m,1,6,train,0.0,12.0,7.0,15
fruits (6),z,1,6,train,0.0,14.0,6.0,15
fruits (3),z,1,6,train,0.0,8.0,6.0,15
fruits (1),m,1,6,train,0.0,17.0,4.0,15
fruits (4),z,1,6,train,0.0,6.0,4.0,15
fruits (5),m,1,6,train,0.0,6.0,8.0,15
fruits (3),z,1,6,train,0.0,4.0,7.0,15
fruits (5),m,1,6,train,0.0,2.0,9.0,15
fruits (2),m,1,6,train,0.0,8.0,8.0,15
fruits (6),z,1,6,train,0.0,8.0,7.0,15
fruits (1),m,1,6,train,0.0,7.0,5.0,15
fruits (4),z,1,6,train,0.0,7.0,5.0,15
fruits (5),z,0,6,train,1.0,5.0,10.0,15
fruits (2),m,1,6,train,0.0,5.0,9.0,15
fruits (1),z,0,6,train,1.0,4.0,6.0,15
fruits (4),z,1,6,train,0.0,4.0,6.0,15
fruits (3),m,0,6,train,1.0,10.0,8.0,15
fruits (6),z,1,6,train,0.0,8.0,8.0,15
fruits (5),m,1,6,train,0.0,11.0,10.0,15
fruits (1),m,1,6,train,0.0,9.0,6.0,15
fruits (2),m,1,6,train,0.0,7.0,10.0,15
fruits (4),z,1,6,train,0.0,6.0,7.0,15
fruits (3),z,1,6,train,0.0,16.0,8.0,15
fruits (6),z,1,6,train,0.0,6.0,9.0,15
tools (1),z,1,3,train,0.0,0.0,0.0,15
tools (2),z,1,3,train,0.0,0.0,0.0,15
tools (3),m,1,3,train,0.0,0.0,0.0,15
tools (1),z,1,3,train,0.0,3.0,1.0,15
tools (3),z,0,3,train,0.0,2.0,1.0,15
tools (2),z,1,3,train,0.0,4.0,1.0,15
tools (2),z,1,3,train,0.0,1.0,2.0,15
tools (3),m,1,3,train,0.0,5.0,1.0,15
tools (1),z,1,3,train,0.0,5.0,2.0,15
tools (1),z,1,3,train,0.0,1.0,3.0,15
tools (2),z,1,3,train,0.0,4.0,3.0,15
tools (3),m,1,3,train,0.0,4.0,2.0,15
tools (1),z,1,3,train,0.0,3.0,4.0,15
tools (3),z,0,3,train,1.0,2.0,3.0,15
tools (2),m,0,3,train,0.0,4.0,4.0,15
tools (2),m,0,3,train,1.0,5.0,4.0,15
tools (3),m,1,3,train,0.0,5.0,3.0,15
tools (1),z,1,3,train,0.0,5.0,5.0,15
tools (3),m,1,3,train,0.0,2.0,4.0,15
tools (2),z,1,3,train,0.0,9.0,4.0,15
tools (1),z,1,3,train,0.0,3.0,6.0,15
tools (1),m,0,3,train,0.0,1.0,7.0,15
tools (3),m,1,3,train,0.0,4.0,5.0,15
tools (2),z,1,3,train,0.0,4.0,5.0,15
tools (2),z,1,3,train,0.0,1.0,6.0,15
tools (3),m,1,3,train,0.0,3.0,6.0,15
tools (1),z,1,3,train,0.0,6.0,7.0,15
tools (3),m,1,3,train,0.0,2.0,7.0,15
tools (1),z,1,3,train,0.0,2.0,8.0,15
tools (2),z,1,3,train,0.0,5.0,7.0,15
tools (2),z,1,3,train,0.0,1.0,8.0,15
tools (3),m,1,3,train,0.0,4.0,8.0,15
tools (2),z,1,3,train,0.0,2.0,9.0,15
tools (1),z,1,3,train,0.0,5.0,9.0,15
tools (3),m,1,3,train,0.0,3.0,9.0,15
tools (1),z,1,3,train,0.0,2.0,10.0,15
clothes (6),m,0,6,train,0.0,0.0,0.0,15
clothes (1),z,0,6,train,0.0,0.0,0.0,15
clothes (5),m,1,6,train,0.0,0.0,0.0,15
clothes (4),m,0,6,train,0.0,0.0,0.0,15
clothes (2),m,1,6,train,0.0,0.0,0.0,15
clothes (3),m,0,6,train,0.0,0.0,0.0,15
clothes (3),m,0,6,train,1.0,0.0,0.0,15
clothes (6),m,0,6,train,1.0,0.0,0.0,15
clothes (4),z,1,6,train,0.0,0.0,0.0,15
clothes (5),z,0,6,train,0.0,7.0,1.0,15
clothes (1),m,1,6,train,0.0,0.0,0.0,15
clothes (2),z,0,6,train,0.0,7.0,1.0,15
clothes (1),m,1,6,train,0.0,2.0,1.0,15
clothes (3),z,1,6,train,0.0,0.0,0.0,15
clothes (2),z,0,6,train,1.0,10.0,1.0,15
clothes (6),z,1,6,train,0.0,0.0,0.0,15
clothes (5),m,1,6,train,0.0,14.0,1.0,15
clothes (4),z,1,6,train,0.0,9.0,1.0,15
clothes (5),m,1,6,train,0.0,2.0,2.0,15
clothes (2),m,1,6,train,0.0,15.0,1.0,15
clothes (6),z,1,6,train,0.0,5.0,1.0,15
clothes (1),m,1,6,train,0.0,9.0,2.0,15
clothes (4),z,1,6,train,0.0,5.0,2.0,15
clothes (3),m,0,6,train,1.0,10.0,1.0,15
clothes (6),z,1,6,train,0.0,4.0,2.0,15
clothes (5),m,1,6,train,0.0,7.0,3.0,15
clothes (2),z,0,6,train,1.0,7.0,2.0,15
clothes (3),m,0,6,train,1.0,14.0,1.0,15
clothes (4),m,0,6,train,1.0,6.0,3.0,15
clothes (1),m,1,6,train,0.0,8.0,3.0,15
clothes (6),z,1,6,train,0.0,6.0,3.0,15
clothes (3),m,0,6,train,1.0,18.0,1.0,15
clothes (4),m,0,6,train,1.0,10.0,3.0,15
clothes (1),z,0,6,train,1.0,4.0,4.0,15
clothes (2),m,1,6,train,0.0,15.0,2.0,15
clothes (5),m,1,6,train,0.0,10.0,4.0,15
clothes (2),z,0,6,train,1.0,2.0,3.0,15
clothes (3),m,0,6,train,1.0,24.0,1.0,15
clothes (5),m,1,6,train,0.0,3.0,5.0,15
clothes (4),m,0,6,train,1.0,17.0,3.0,15
clothes (1),z,0,6,train,1.0,11.0,4.0,15
clothes (6),m,0,6,train,1.0,11.0,4.0,15
clothes (2),m,1,6,train,0.0,8.0,3.0,15
clothes (1),m,1,6,train,0.0,14.0,4.0,15
clothes (4),m,0,6,train,1.0,22.0,3.0,15
clothes (3),z,1,6,train,0.0,32.0,1.0,15
clothes (5),m,1,6,train,0.0,8.0,6.0,15
clothes (6),m,0,6,train,1.0,17.0,4.0,15
clothes (3),z,1,6,train,0.0,3.0,2.0,15
clothes (2),m,1,6,train,0.0,7.0,4.0,15
clothes (6),z,1,6,train,0.0,20.0,4.0,15
clothes (1),z,0,6,train,1.0,8.0,5.0,15
clothes (4),m,0,6,train,1.0,30.0,3.0,15
clothes (5),m,1,6,train,0.0,7.0,7.0,15
clothes (2),m,1,6,train,0.0,5.0,5.0,15
clothes (6),z,1,6,train,0.0,5.0,5.0,15
clothes (3),m,0,6,train,1.0,8.0,3.0,15
clothes (1),m,1,6,train,0.0,14.0,5.0,15
clothes (4),z,1,6,train,0.0,36.0,3.0,15
clothes (5),z,0,6,train,1.0,6.0,8.0,15
clothes (3),m,0,6,train,1.0,12.0,3.0,15
clothes (5),m,1,6,train,0.0,8.0,8.0,15
clothes (2),m,1,6,train,0.0,8.0,6.0,15
clothes (6),m,0,6,train,1.0,8.0,6.0,15
clothes (1),z,0,6,train,1.0,7.0,6.0,15
clothes (4),m,0,6,train,1.0,7.0,4.0,15
clothes (5),z,0,6,train,1.0,5.0,9.0,15
clothes (2),m,1,6,train,0.0,5.0,7.0,15
clothes (1),z,0,6,train,1.0,11.0,6.0,15
clothes (4),z,1,6,train,0.0,11.0,4.0,15
clothes (3),m,0,6,train,1.0,22.0,3.0,15
clothes (6),z,1,6,train,0.0,16.0,6.0,15
clothes (5),z,0,6,train,1.0,11.0,9.0,15
clothes (1),m,1,6,train,0.0,16.0,6.0,15
clothes (2),z,0,6,train,1.0,7.0,8.0,15
clothes (4),z,1,6,train,0.0,6.0,5.0,15
clothes (3),m,0,6,train,1.0,28.0,3.0,15
clothes (6),z,1,6,train,0.0,6.0,7.0,15
face (1),m,0,3,train,0.0,0.0,0.0,15
face (2),m,0,3,train,0.0,0.0,0.0,15
face (3),m,1,3,train,0.0,0.0,0.0,15
face (1),z,1,3,train,0.0,0.0,0.0,15
face (3),m,1,3,train,0.0,2.0,1.0,15
face (2),z,1,3,train,0.0,0.0,0.0,15
face (2),m,0,3,train,1.0,1.0,1.0,15
face (3),m,1,3,train,0.0,3.0,2.0,15
face (1),z,1,3,train,0.0,5.0,1.0,15
face (1),z,1,3,train,0.0,1.0,2.0,15
face (2),z,1,3,train,0.0,5.0,1.0,15
face (3),m,1,3,train,0.0,4.0,3.0,15
face (1),z,1,3,train,0.0,3.0,3.0,15
face (3),m,1,3,train,0.0,2.0,4.0,15
face (2),z,1,3,train,0.0,4.0,2.0,15
face (2),z,1,3,train,0.0,1.0,3.0,15
face (3),m,1,3,train,0.0,3.0,5.0,15
face (1),z,1,3,train,0.0,5.0,4.0,15
face (3),m,1,3,train,0.0,2.0,6.0,15
face (2),z,1,3,train,0.0,4.0,4.0,15
face (1),z,1,3,train,0.0,3.0,5.0,15
face (1),z,1,3,train,0.0,1.0,6.0,15
face (3),m,1,3,train,0.0,4.0,7.0,15
face (2),z,1,3,train,0.0,4.0,5.0,15
face (2),z,1,3,train,0.0,1.0,6.0,15
face (3),m,1,3,train,0.0,3.0,8.0,15
face (1),z,1,3,train,0.0,5.0,7.0,15
face (3),z,0,3,train,0.0,2.0,9.0,15
face (1),z,1,3,train,0.0,2.0,8.0,15
face (2),z,1,3,train,0.0,5.0,7.0,15
face (2),z,1,3,train,0.0,1.0,8.0,15
face (3),m,1,3,train,0.0,6.0,9.0,15
face (2),z,1,3,train,0.0,2.0,9.0,15
face (1),m,0,3,train,1.0,5.0,9.0,15
face (3),m,1,3,train,0.0,3.0,10.0,15
face (1),z,1,3,train,0.0,7.0,9.0,15
color (6),m,0,6,train,0.0,0.0,0.0,15
color (1),m,1,6,train,0.0,0.0,0.0,15
color (5),m,1,6,train,0.0,0.0,0.0,15
color (4),m,0,6,train,0.0,0.0,0.0,15
color (2),m,1,6,train,0.0,0.0,0.0,15
color (3),z,1,6,train,0.0,0.0,0.0,15
color (3),z,1,6,train,0.0,1.0,1.0,15
color (6),m,0,6,train,1.0,0.0,0.0,15
color (4),m,0,6,train,1.0,0.0,0.0,15
color (5),z,0,6,train,0.0,7.0,1.0,15
color (1),z,0,6,train,0.0,9.0,1.0,15
color (2),m,1,6,train,0.0,7.0,1.0,15
color (1),z,0,6,train,1.0,11.0,1.0,15
color (3),z,1,6,train,0.0,7.0,2.0,15
color (2),z,0,6,train,0.0,3.0,2.0,15
color (6),m,0,6,train,1.0,0.0,0.0,15
color (5),m,1,6,train,0.0,14.0,1.0,15
color (4),z,1,6,train,0.0,0.0,0.0,15
color (5),m,1,6,train,0.0,2.0,2.0,15
color (2),m,1,6,train,0.0,8.0,2.0,15
color (6),z,1,6,train,0.0,0.0,0.0,15
color (1),m,1,6,train,0.0,20.0,1.0,15
color (4),m,0,6,train,1.0,5.0,1.0,15
color (3),m,0,6,train,0.0,10.0,3.0,15
color (6),z,1,6,train,0.0,4.0,1.0,15
color (5),m,1,6,train,0.0,7.0,3.0,15
color (2),z,0,6,train,1.0,7.0,3.0,15
color (3),m,0,6,train,1.0,14.0,3.0,15
color (4),z,1,6,train,0.0,11.0,1.0,15
color (1),m,1,6,train,0.0,8.0,2.0,15
color (6),z,1,6,train,0.0,6.0,2.0,15
color (3),z,1,6,train,0.0,18.0,3.0,15
color (4),z,1,6,train,0.0,4.0,2.0,15
color (1),m,1,6,train,0.0,4.0,3.0,15
color (2),m,1,6,train,0.0,15.0,3.0,15
color (5),m,1,6,train,0.0,10.0,4.0,15
color (2),m,1,6,train,0.0,2.0,4.0,15
color (3),z,1,6,train,0.0,6.0,4.0,15
color (5),m,1,6,train,0.0,3.0,5.0,15
color (4),z,1,6,train,0.0,7.0,3.0,15
color (1),m,1,6,train,0.0,7.0,4.0,15
color (6),z,1,6,train,0.0,11.0,3.0,15
color (2),m,1,6,train,0.0,6.0,5.0,15
color (1),m,1,6,train,0.0,3.0,5.0,15
color (4),z,1,6,train,0.0,5.0,4.0,15
color (3),z,1,6,train,0.0,8.0,5.0,15
color (5),m,1,6,train,0.0,8.0,6.0,15
color (6),z,1,6,train,0.0,6.0,4.0,15
color (3),z,1,6,train,0.0,3.0,6.0,15
color (2),m,1,6,train,0.0,7.0,6.0,15
color (6),z,1,6,train,0.0,3.0,5.0,15
color (1),m,1,6,train,0.0,8.0,6.0,15
color (4),z,1,6,train,0.0,8.0,5.0,15
color (5),m,1,6,train,0.0,7.0,7.0,15
color (2),m,1,6,train,0.0,5.0,7.0,15
color (6),z,1,6,train,0.0,5.0,6.0,15
color (3),z,1,6,train,0.0,8.0,7.0,15
color (1),m,1,6,train,0.0,6.0,7.0,15
color (4),z,1,6,train,0.0,6.0,6.0,15
color (5),m,1,6,train,0.0,6.0,8.0,15
color (3),z,1,6,train,0.0,4.0,8.0,15
color (5),m,1,6,train,0.0,2.0,9.0,15
color (2),z,0,6,train,1.0,8.0,8.0,15
color (6),z,1,6,train,0.0,8.0,7.0,15
color (1),m,1,6,train,0.0,7.0,8.0,15
color (4),z,1,6,train,0.0,7.0,7.0,15
color (5),m,1,6,train,0.0,5.0,10.0,15
color (2),m,1,6,train,0.0,13.0,8.0,15
color (1),m,1,6,train,0.0,4.0,9.0,15
color (4),z,1,6,train,0.0,4.0,8.0,15
color (3),z,1,6,train,0.0,10.0,9.0,15
color (6),z,1,6,train,0.0,8.0,8.0,15
color (5),m,1,6,train,0.0,6.0,11.0,15
color (1),m,1,6,train,0.0,5.0,10.0,15
color (2),m,1,6,train,0.0,7.0,9.0,15
color (4),z,1,6,train,0.0,6.0,9.0,15
color (3),z,1,6,train,0.0,6.0,10.0,15
color (6),z,1,6,train,0.0,6.0,9.0,15
symbol (1),z,0,3,train,0.0,0.0,0.0,15
symbol (2),z,0,3,train,0.0,0.0,0.0,15
symbol (3),z,1,3,train,0.0,0.0,0.0,15
symbol (1),m,1,3,train,0.0,0.0,0.0,15
symbol (3),z,1,3,train,0.0,2.0,1.0,15
symbol (2),m,1,3,train,0.0,0.0,0.0,15
symbol (2),m,1,3,train,0.0,1.0,1.0,15
symbol (3),z,1,3,train,0.0,3.0,2.0,15
symbol (1),m,1,3,train,0.0,5.0,1.0,15
symbol (1),m,1,3,train,0.0,1.0,2.0,15
symbol (2),m,1,3,train,0.0,4.0,2.0,15
symbol (3),z,1,3,train,0.0,4.0,3.0,15
symbol (1),m,1,3,train,0.0,3.0,3.0,15
symbol (3),m,0,3,train,0.0,2.0,4.0,15
symbol (2),m,1,3,train,0.0,4.0,3.0,15
symbol (2),m,1,3,train,0.0,1.0,4.0,15
symbol (3),z,1,3,train,0.0,5.0,4.0,15
symbol (1),m,1,3,train,0.0,5.0,4.0,15
symbol (3),z,1,3,train,0.0,2.0,5.0,15
symbol (2),z,0,3,train,1.0,4.0,5.0,15
symbol (1),m,1,3,train,0.0,3.0,5.0,15
symbol (1),m,1,3,train,0.0,1.0,6.0,15
symbol (3),z,1,3,train,0.0,4.0,6.0,15
symbol (2),z,0,3,train,1.0,8.0,5.0,15
symbol (2),m,1,3,train,0.0,9.0,5.0,15
symbol (3),z,1,3,train,0.0,3.0,7.0,15
symbol (1),m,1,3,train,0.0,5.0,7.0,15
symbol (3),z,1,3,train,0.0,2.0,8.0,15
symbol (1),m,1,3,train,0.0,2.0,8.0,15
symbol (2),m,1,3,train,0.0,5.0,6.0,15
symbol (2),m,1,3,train,0.0,1.0,7.0,15
symbol (3),z,1,3,train,0.0,4.0,9.0,15
symbol (2),m,1,3,train,0.0,2.0,8.0,15
symbol (1),z,0,3,train,1.0,5.0,9.0,15
symbol (3),z,1,3,train,0.0,3.0,10.0,15
symbol (1),m,1,3,train,0.0,7.0,9.0,15
environment (6),m,0,6,train,0.0,0.0,0.0,15
environment (1),m,1,6,train,0.0,0.0,0.0,15
environment (5),m,1,6,train,0.0,0.0,0.0,15
environment (4),m,0,6,train,0.0,0.0,0.0,15
environment (2),m,1,6,train,0.0,0.0,0.0,15
environment (3),z,1,6,train,0.0,0.0,0.0,15
environment (3),z,1,6,train,0.0,1.0,1.0,15
environment (6),z,1,6,train,0.0,0.0,0.0,15
environment (4),m,0,6,train,1.0,0.0,0.0,15
environment (5),m,1,6,train,0.0,7.0,1.0,15
environment (1),z,0,6,train,0.0,9.0,1.0,15
environment (2),m,1,6,train,0.0,7.0,1.0,15
environment (1),m,1,6,train,0.0,11.0,1.0,15
environment (3),z,1,6,train,0.0,7.0,2.0,15
environment (2),m,1,6,train,0.0,3.0,2.0,15
environment (6),z,1,6,train,0.0,8.0,1.0,15
environment (5),m,1,6,train,0.0,7.0,2.0,15
environment (4),m,0,6,train,1.0,0.0,0.0,15
environment (5),m,1,6,train,0.0,2.0,3.0,15
environment (2),m,1,6,train,0.0,5.0,3.0,15
environment (6),z,1,6,train,0.0,5.0,2.0,15
environment (1),m,1,6,train,0.0,9.0,2.0,15
environment (4),m,0,6,train,1.0,0.0,0.0,15
environment (3),z,1,6,train,0.0,10.0,3.0,15
environment (6),z,1,6,train,0.0,4.0,3.0,15
environment (5),m,1,6,train,0.0,7.0,4.0,15
environment (2),z,0,6,train,0.0,7.0,4.0,15
environment (3),z,1,6,train,0.0,4.0,4.0,15
environment (4),z,1,6,train,0.0,0.0,0.0,15
environment (1),m,1,6,train,0.0,8.0,3.0,15
environment (6),z,1,6,train,0.0,6.0,4.0,15
environment (3),z,1,6,train,0.0,4.0,5.0,15
environment (4),z,1,6,train,0.0,4.0,1.0,15
environment (1),m,1,6,train,0.0,4.0,4.0,15
environment (2),m,1,6,train,0.0,15.0,4.0,15
environment (5),z,0,6,train,0.0,10.0,5.0,15
environment (2),m,1,6,train,0.0,2.0,5.0,15
environment (3),z,1,6,train,0.0,6.0,6.0,15
environment (5),m,1,6,train,0.0,13.0,5.0,15
environment (4),z,1,6,train,0.0,7.0,2.0,15
environment (1),m,1,6,train,0.0,7.0,5.0,15
environment (6),z,1,6,train,0.0,11.0,5.0,15
environment (2),m,1,6,train,0.0,6.0,6.0,15
environment (1),m,1,6,train,0.0,3.0,6.0,15
environment (4),z,1,6,train,0.0,5.0,3.0,15
environment (3),z,1,6,train,0.0,8.0,7.0,15
environment (5),m,1,6,train,0.0,8.0,6.0,15
environment (6),z,1,6,train,0.0,6.0,6.0,15
environment (3),m,0,6,train,0.0,3.0,8.0,15
environment (2),m,1,6,train,0.0,7.0,7.0,15
environment (6),z,1,6,train,0.0,3.0,7.0,15
environment (1),m,1,6,train,0.0,8.0,7.0,15
environment (4),z,1,6,train,0.0,8.0,4.0,15
environment (5),m,1,6,train,0.0,7.0,7.0,15
environment (2),m,1,6,train,0.0,5.0,8.0,15
environment (6),z,1,6,train,0.0,5.0,8.0,15
environment (3),z,1,6,train,0.0,11.0,8.0,15
environment (1),m,1,6,train,0.0,6.0,8.0,15
environment (4),z,1,6,train,0.0,6.0,5.0,15
environment (5),m,1,6,train,0.0,6.0,8.0,15
environment (3),z,1,6,train,0.0,4.0,9.0,15
environment (5),m,1,6,train,0.0,2.0,9.0,15
environment (2),m,1,6,train,0.0,8.0,9.0,15
environment (6),z,1,6,train,0.0,8.0,9.0,15
environment (1),m,1,6,train,0.0,7.0,9.0,15
environment (4),z,1,6,train,0.0,7.0,6.0,15
environment (5),m,1,6,train,0.0,5.0,10.0,15
environment (2),m,1,6,train,0.0,5.0,10.0,15
environment (1),m,1,6,train,0.0,4.0,10.0,15
environment (4),z,1,6,train,0.0,4.0,7.0,15
environment (3),z,1,6,train,0.0,10.0,10.0,15
environment (6),z,1,6,train,0.0,8.0,10.0,15
environment (5),m,1,6,train,0.0,6.0,11.0,15
environment (1),m,1,6,train,0.0,5.0,11.0,15
environment (2),m,1,6,train,0.0,7.0,11.0,15
environment (4),z,1,6,train,0.0,6.0,8.0,15
environment (3),z,1,6,train,0.0,6.0,11.0,15
environment (6),m,0,6,train,1.0,6.0,11.0,15
vehicle (1),z,0,3,train,0.0,0.0,0.0,15
vehicle (2),z,0,3,train,0.0,0.0,0.0,15
vehicle (3),m,0,3,train,0.0,0.0,0.0,15
vehicle (1),m,1,3,train,0.0,0.0,0.0,15
vehicle (3),z,1,3,train,0.0,0.0,0.0,15
vehicle (2),m,1,3,train,0.0,0.0,0.0,15
vehicle (2),m,1,3,train,0.0,1.0,1.0,15
vehicle (3),z,1,3,train,0.0,3.0,1.0,15
vehicle (1),m,1,3,train,0.0,5.0,1.0,15
vehicle (1),m,1,3,train,0.0,1.0,2.0,15
vehicle (2),m,1,3,train,0.0,4.0,2.0,15
vehicle (3),z,1,3,train,0.0,4.0,2.0,15
vehicle (1),m,1,3,train,0.0,3.0,3.0,15
vehicle (3),m,0,3,train,1.0,2.0,3.0,15
vehicle (2),m,1,3,train,0.0,4.0,3.0,15
vehicle (2),m,1,3,train,0.0,1.0,4.0,15
vehicle (3),z,1,3,train,0.0,5.0,3.0,15
vehicle (1),m,1,3,train,0.0,5.0,4.0,15
vehicle (3),z,1,3,train,0.0,2.0,4.0,15
vehicle (2),m,1,3,train,0.0,4.0,5.0,15
vehicle (1),m,1,3,train,0.0,3.0,5.0,15
vehicle (1),m,1,3,train,0.0,1.0,6.0,15
vehicle (3),z,1,3,train,0.0,4.0,5.0,15
vehicle (2),m,1,3,train,0.0,4.0,6.0,15
vehicle (2),m,1,3,train,0.0,1.0,7.0,15
vehicle (3),z,1,3,train,0.0,3.0,6.0,15
vehicle (1),m,1,3,train,0.0,5.0,7.0,15
vehicle (3),z,1,3,train,0.0,2.0,7.0,15
vehicle (1),m,1,3,train,0.0,2.0,8.0,15
vehicle (2),m,1,3,train,0.0,5.0,8.0,15
vehicle (2),m,1,3,train,0.0,1.0,9.0,15
vehicle (3),z,1,3,train,0.0,4.0,8.0,15
vehicle (2),m,1,3,train,0.0,2.0,10.0,15
vehicle (1),m,1,3,train,0.0,5.0,9.0,15
vehicle (3),z,1,3,train,0.0,3.0,9.0,15
vehicle (1),m,1,3,train,0.0,2.0,10.0,15
instrument (1),z,0,3,train,0.0,0.0,0.0,15
instrument (2),z,0,3,train,0.0,0.0,0.0,15
instrument (3),z,1,3,train,0.0,0.0,0.0,15
instrument (1),m,1,3,train,0.0,0.0,0.0,15
instrument (3),z,1,3,train,0.0,2.0,1.0,15
instrument (2),m,1,3,train,0.0,0.0,0.0,15
instrument (2),m,1,3,train,0.0,1.0,1.0,15
instrument (3),z,1,3,train,0.0,3.0,2.0,15
instrument (1),m,1,3,train,0.0,5.0,1.0,15
instrument (1),m,1,3,train,0.0,1.0,2.0,15
instrument (2),z,0,3,train,1.0,4.0,2.0,15
instrument (3),z,1,3,train,0.0,4.0,3.0,15
instrument (1),m,1,3,train,0.0,3.0,3.0,15
instrument (3),z,1,3,train,0.0,2.0,4.0,15
instrument (2),m,1,3,train,0.0,8.0,2.0,15
instrument (2),m,1,3,train,0.0,1.0,3.0,15
instrument (3),m,0,3,train,0.0,3.0,5.0,15
instrument (1),m,1,3,train,0.0,5.0,4.0,15
instrument (3),z,1,3,train,0.0,5.0,5.0,15
instrument (2),m,1,3,train,0.0,4.0,4.0,15
instrument (1),m,1,3,train,0.0,3.0,5.0,15
instrument (1),m,1,3,train,0.0,1.0,6.0,15
instrument (3),z,1,3,train,0.0,4.0,6.0,15
instrument (2),m,1,3,train,0.0,4.0,5.0,15
instrument (2),m,1,3,train,0.0,1.0,6.0,15
instrument (3),z,1,3,train,0.0,3.0,7.0,15
instrument (1),m,1,3,train,0.0,5.0,7.0,15
instrument (3),z,1,3,train,0.0,2.0,8.0,15
instrument (1),m,1,3,train,0.0,2.0,8.0,15
instrument (2),m,1,3,train,0.0,5.0,7.0,15
instrument (2),m,1,3,train,0.0,1.0,8.0,15
instrument (3),z,1,3,train,0.0,4.0,9.0,15
instrument (2),m,1,3,train,0.0,2.0,9.0,15
instrument (1),m,1,3,train,0.0,5.0,9.0,15
instrument (3),z,1,3,train,0.0,3.0,10.0,15
instrument (1),m,1,3,train,0.0,2.0,10.0,15
jungle2,m,0,3,train,0.0,0.0,0.0,16
jungle1,m,0,3,train,0.0,0.0,0.0,16
jungle3,m,1,3,train,0.0,0.0,0.0,16
jungle1,z,1,3,train,0.0,0.0,0.0,16
jungle3,m,1,3,train,0.0,2.0,1.0,16
jungle2,m,0,3,train,1.0,0.0,0.0,16
jungle3,z,0,3,train,0.0,2.0,2.0,16
jungle2,m,0,3,train,1.0,0.0,0.0,16
jungle1,z,1,3,train,0.0,5.0,1.0,16
jungle1,z,1,3,train,0.0,1.0,2.0,16
jungle2,z,1,3,train,0.0,0.0,0.0,16
jungle3,z,0,3,train,1.0,7.0,2.0,16
jungle3,m,1,3,train,0.0,8.0,2.0,16
jungle1,z,1,3,train,0.0,4.0,3.0,16
jungle2,m,0,3,train,1.0,4.0,1.0,16
jungle3,m,1,3,train,0.0,3.0,3.0,16
jungle1,z,1,3,train,0.0,3.0,4.0,16
jungle2,z,1,3,train,0.0,7.0,1.0,16
jungle1,z,1,3,train,0.0,2.0,5.0,16
jungle3,m,1,3,train,0.0,4.0,4.0,16
jungle2,z,1,3,train,0.0,3.0,2.0,16
jungle3,m,1,3,train,0.0,2.0,5.0,16
jungle2,z,1,3,train,0.0,2.0,3.0,16
jungle1,z,1,3,train,0.0,5.0,6.0,16
jungle2,z,1,3,train,0.0,2.0,4.0,16
jungle3,m,1,3,train,0.0,4.0,6.0,16
jungle1,z,1,3,train,0.0,3.0,7.0,16
jungle1,z,1,3,train,0.0,1.0,8.0,16
jungle2,m,0,3,train,1.0,4.0,5.0,16
jungle3,m,1,3,train,0.0,4.0,7.0,16
jungle2,z,1,3,train,0.0,6.0,5.0,16
jungle3,m,1,3,train,0.0,2.0,8.0,16
jungle1,z,1,3,train,0.0,5.0,9.0,16
jungle2,z,1,3,train,0.0,3.0,6.0,16
jungle1,z,1,3,train,0.0,2.0,10.0,16
jungle3,m,1,3,train,0.0,4.0,9.0,16
vegan (6),m,0,6,train,0.0,0.0,0.0,16
vegan (1),z,0,6,train,0.0,0.0,0.0,16
vegan (5),m,1,6,train,0.0,0.0,0.0,16
vegan (4),m,0,6,train,0.0,0.0,0.0,16
vegan (2),z,0,6,train,0.0,0.0,0.0,16
vegan (3),m,0,6,train,0.0,0.0,0.0,16
vegan (3),z,1,6,train,0.0,0.0,0.0,16
vegan (6),z,1,6,train,0.0,0.0,0.0,16
vegan (4),z,1,6,train,0.0,0.0,0.0,16
vegan (5),m,1,6,train,0.0,7.0,1.0,16
vegan (1),m,1,6,train,0.0,0.0,0.0,16
vegan (2),m,1,6,train,0.0,0.0,0.0,16
vegan (1),m,1,6,train,0.0,2.0,1.0,16
vegan (3),m,0,6,train,1.0,7.0,1.0,16
vegan (2),m,1,6,train,0.0,3.0,1.0,16
vegan (6),m,0,6,train,1.0,8.0,1.0,16
vegan (5),m,1,6,train,0.0,7.0,2.0,16
vegan (4),z,1,6,train,0.0,9.0,1.0,16
vegan (5),m,1,6,train,0.0,2.0,3.0,16
vegan (2),m,1,6,train,0.0,5.0,2.0,16
vegan (6),z,1,6,train,0.0,13.0,1.0,16
vegan (1),m,1,6,train,0.0,9.0,2.0,16
vegan (4),z,1,6,train,0.0,5.0,2.0,16
vegan (3),z,1,6,train,0.0,17.0,1.0,16
vegan (6),z,1,6,train,0.0,4.0,2.0,16
vegan (5),m,1,6,train,0.0,7.0,4.0,16
vegan (2),m,1,6,train,0.0,7.0,3.0,16
vegan (3),z,1,6,train,0.0,4.0,2.0,16
vegan (4),z,1,6,train,0.0,6.0,3.0,16
vegan (1),m,1,6,train,0.0,8.0,3.0,16
vegan (6),z,1,6,train,0.0,6.0,3.0,16
vegan (3),z,1,6,train,0.0,4.0,3.0,16
vegan (4),z,1,6,train,0.0,4.0,4.0,16
vegan (1),m,1,6,train,0.0,4.0,4.0,16
vegan (2),z,0,6,train,1.0,8.0,4.0,16
vegan (5),m,1,6,train,0.0,10.0,5.0,16
vegan (2),m,1,6,train,0.0,10.0,4.0,16
vegan (3),z,1,6,train,0.0,6.0,4.0,16
vegan (5),m,1,6,train,0.0,3.0,6.0,16
vegan (4),z,1,6,train,0.0,7.0,5.0,16
vegan (1),m,1,6,train,0.0,7.0,5.0,16
vegan (6),z,1,6,train,0.0,11.0,4.0,16
vegan (2),m,1,6,train,0.0,6.0,5.0,16
vegan (1),m,1,6,train,0.0,3.0,6.0,16
vegan (4),z,1,6,train,0.0,5.0,6.0,16
vegan (3),z,1,6,train,0.0,8.0,5.0,16
vegan (5),m,1,6,train,0.0,8.0,7.0,16
vegan (6),z,1,6,train,0.0,6.0,5.0,16
vegan (3),z,1,6,train,0.0,3.0,6.0,16
vegan (2),m,1,6,train,0.0,7.0,6.0,16
vegan (6),z,1,6,train,0.0,3.0,6.0,16
vegan (1),m,1,6,train,0.0,8.0,7.0,16
vegan (4),z,1,6,train,0.0,8.0,7.0,16
vegan (5),m,1,6,train,0.0,7.0,8.0,16
vegan (2),m,1,6,train,0.0,5.0,7.0,16
vegan (6),z,1,6,train,0.0,5.0,7.0,16
vegan (3),z,1,6,train,0.0,8.0,7.0,16
vegan (1),z,0,6,train,1.0,6.0,8.0,16
vegan (4),z,1,6,train,0.0,6.0,8.0,16
vegan (5),m,1,6,train,0.0,6.0,9.0,16
vegan (3),z,1,6,train,0.0,4.0,8.0,16
vegan (5),m,1,6,train,0.0,2.0,10.0,16
vegan (2),m,1,6,train,0.0,8.0,8.0,16
vegan (6),z,1,6,train,0.0,8.0,8.0,16
vegan (1),m,1,6,train,0.0,13.0,8.0,16
vegan (4),z,1,6,train,0.0,7.0,9.0,16
vegan (5),m,1,6,train,0.0,5.0,11.0,16
vegan (2),z,0,6,train,1.0,5.0,9.0,16
vegan (1),m,1,6,train,0.0,4.0,9.0,16
vegan (4),z,1,6,train,0.0,4.0,10.0,16
vegan (3),z,1,6,train,0.0,10.0,9.0,16
vegan (6),z,1,6,train,0.0,8.0,9.0,16
vegan (5),m,1,6,train,0.0,6.0,12.0,16
vegan (1),m,1,6,train,0.0,5.0,10.0,16
vegan (2),z,0,6,train,1.0,12.0,9.0,16
vegan (4),m,0,6,train,1.0,6.0,11.0,16
vegan (3),z,1,6,train,0.0,6.0,10.0,16
vegan (6),z,1,6,train,0.0,6.0,10.0,16
animal (1),z,1,3,train,0.0,0.0,0.0,16
animal (2),z,1,3,train,0.0,0.0,0.0,16
animal (3),m,1,3,train,0.0,0.0,0.0,16
animal (1),z,1,3,train,0.0,3.0,1.0,16
animal (3),m,1,3,train,0.0,2.0,1.0,16
animal (2),z,1,3,train,0.0,4.0,1.0,16
animal (2),z,1,3,train,0.0,1.0,2.0,16
animal (3),m,1,3,train,0.0,3.0,2.0,16
animal (1),z,1,3,train,0.0,5.0,2.0,16
animal (1),z,1,3,train,0.0,1.0,3.0,16
animal (2),z,1,3,train,0.0,4.0,3.0,16
animal (3),m,1,3,train,0.0,4.0,3.0,16
animal (1),z,1,3,train,0.0,3.0,4.0,16
animal (3),m,1,3,train,0.0,2.0,4.0,16
animal (2),z,1,3,train,0.0,4.0,4.0,16
animal (2),z,1,3,train,0.0,1.0,5.0,16
animal (3),m,1,3,train,0.0,3.0,5.0,16
animal (1),z,1,3,train,0.0,5.0,5.0,16
animal (3),m,1,3,train,0.0,2.0,6.0,16
animal (2),z,1,3,train,0.0,4.0,6.0,16
animal (1),z,1,3,train,0.0,3.0,6.0,16
animal (1),z,1,3,train,0.0,1.0,7.0,16
animal (3),m,1,3,train,0.0,4.0,7.0,16
animal (2),z,1,3,train,0.0,4.0,7.0,16
animal (2),z,1,3,train,0.0,1.0,8.0,16
animal (3),m,1,3,train,0.0,3.0,8.0,16
animal (1),z,1,3,train,0.0,5.0,8.0,16
animal (3),m,1,3,train,0.0,2.0,9.0,16
animal (1),z,1,3,train,0.0,2.0,9.0,16
animal (2),z,1,3,train,0.0,5.0,9.0,16
animal (2),z,1,3,train,0.0,1.0,10.0,16
animal (3),z,0,3,train,0.0,4.0,10.0,16
animal (2),z,1,3,train,0.0,2.0,11.0,16
animal (1),z,1,3,train,0.0,5.0,10.0,16
animal (3),m,1,3,train,0.0,7.0,10.0,16
animal (1),z,1,3,train,0.0,2.0,11.0,16
fruits (6),m,0,6,train,0.0,0.0,0.0,16
fruits (1),m,1,6,train,0.0,0.0,0.0,16
fruits (5),z,0,6,train,0.0,0.0,0.0,16
fruits (4),z,1,6,train,0.0,0.0,0.0,16
fruits (2),m,1,6,train,0.0,0.0,0.0,16
fruits (3),m,0,6,train,0.0,0.0,0.0,16
fruits (3),z,1,6,train,0.0,0.0,0.0,16
fruits (6),m,0,6,train,1.0,0.0,0.0,16
fruits (4),m,0,6,train,0.0,5.0,1.0,16
fruits (5),z,0,6,train,1.0,0.0,0.0,16
fruits (1),m,1,6,train,0.0,9.0,1.0,16
fruits (2),m,1,6,train,0.0,7.0,1.0,16
fruits (1),m,1,6,train,0.0,2.0,2.0,16
fruits (3),z,1,6,train,0.0,7.0,1.0,16
fruits (2),m,1,6,train,0.0,3.0,2.0,16
fruits (6),z,1,6,train,0.0,0.0,0.0,16
fruits (5),z,0,6,train,1.0,0.0,0.0,16
fruits (4),m,0,6,train,1.0,14.0,1.0,16
fruits (5),z,0,6,train,1.0,0.0,0.0,16
fruits (2),z,0,6,train,0.0,5.0,3.0,16
fruits (6),z,1,6,train,0.0,5.0,1.0,16
fruits (1),m,1,6,train,0.0,9.0,3.0,16
fruits (4),z,1,6,train,0.0,19.0,1.0,16
fruits (3),m,0,6,train,1.0,10.0,2.0,16
fruits (6),m,0,6,train,1.0,4.0,2.0,16
fruits (5),m,1,6,train,0.0,0.0,0.0,16
fruits (2),z,0,6,train,1.0,12.0,3.0,16
fruits (3),m,0,6,train,1.0,14.0,2.0,16
fruits (4),m,0,6,train,1.0,6.0,2.0,16
fruits (1),m,1,6,train,0.0,8.0,4.0,16
fruits (6),m,0,6,train,1.0,10.0,2.0,16
fruits (3),m,0,6,train,1.0,18.0,2.0,16
fruits (4),z,1,6,train,0.0,10.0,2.0,16
fruits (1),z,0,6,train,0.0,4.0,5.0,16
fruits (2),m,1,6,train,0.0,20.0,3.0,16
fruits (5),m,1,6,train,0.0,10.0,1.0,16
fruits (2),m,1,6,train,0.0,2.0,4.0,16
fruits (3),z,1,6,train,0.0,24.0,2.0,16
fruits (5),m,1,6,train,0.0,3.0,2.0,16
fruits (4),z,1,6,train,0.0,7.0,3.0,16
fruits (1),m,1,6,train,0.0,11.0,5.0,16
fruits (6),z,1,6,train,0.0,21.0,2.0,16
fruits (2),m,1,6,train,0.0,6.0,5.0,16
fruits (1),m,1,6,train,0.0,3.0,6.0,16
fruits (4),z,1,6,train,0.0,5.0,4.0,16
fruits (3),z,1,6,train,0.0,8.0,3.0,16
fruits (5),m,1,6,train,0.0,8.0,3.0,16
fruits (6),z,1,6,train,0.0,6.0,3.0,16
fruits (3),z,1,6,train,0.0,3.0,4.0,16
fruits (2),m,1,6,train,0.0,7.0,6.0,16
fruits (6),z,1,6,train,0.0,3.0,4.0,16
fruits (1),m,1,6,train,0.0,8.0,7.0,16
fruits (4),z,1,6,train,0.0,8.0,5.0,16
fruits (5),m,1,6,train,0.0,7.0,4.0,16
fruits (2),m,1,6,train,0.0,5.0,7.0,16
fruits (6),z,1,6,train,0.0,5.0,5.0,16
fruits (3),z,1,6,train,0.0,8.0,5.0,16
fruits (1),m,1,6,train,0.0,6.0,8.0,16
fruits (4),z,1,6,train,0.0,6.0,6.0,16
fruits (5),m,1,6,train,0.0,6.0,5.0,16
fruits (3),z,1,6,train,0.0,4.0,6.0,16
fruits (5),m,1,6,train,0.0,2.0,6.0,16
fruits (2),m,1,6,train,0.0,8.0,8.0,16
fruits (6),z,1,6,train,0.0,8.0,6.0,16
fruits (1),m,1,6,train,0.0,7.0,9.0,16
fruits (4),z,1,6,train,0.0,7.0,7.0,16
fruits (5),m,1,6,train,0.0,5.0,7.0,16
fruits (2),m,1,6,train,0.0,5.0,9.0,16
fruits (1),m,1,6,train,0.0,4.0,10.0,16
fruits (4),z,1,6,train,0.0,4.0,8.0,16
fruits (3),z,1,6,train,0.0,10.0,7.0,16
fruits (6),z,1,6,train,0.0,8.0,7.0,16
fruits (5),m,1,6,train,0.0,6.0,8.0,16
fruits (1),m,1,6,train,0.0,5.0,11.0,16
fruits (2),z,0,6,train,1.0,7.0,10.0,16
fruits (4),z,1,6,train,0.0,6.0,9.0,16
fruits (3),z,1,6,train,0.0,6.0,8.0,16
fruits (6),m,0,6,train,1.0,6.0,8.0,16
tools (1),m,0,3,train,0.0,0.0,0.0,16
tools (2),m,0,3,train,0.0,0.0,0.0,16
tools (3),m,1,3,train,0.0,0.0,0.0,16
tools (1),z,1,3,train,0.0,0.0,0.0,16
tools (3),m,1,3,train,0.0,2.0,1.0,16
tools (2),z,1,3,train,0.0,0.0,0.0,16
tools (2),z,1,3,train,0.0,1.0,1.0,16
tools (3),m,1,3,train,0.0,3.0,2.0,16
tools (1),z,1,3,train,0.0,5.0,1.0,16
tools (1),z,1,3,train,0.0,1.0,2.0,16
tools (2),z,1,3,train,0.0,4.0,2.0,16
tools (3),m,1,3,train,0.0,4.0,3.0,16
tools (1),z,1,3,train,0.0,3.0,3.0,16
tools (3),m,1,3,train,0.0,2.0,4.0,16
tools (2),z,1,3,train,0.0,4.0,3.0,16
tools (2),z,1,3,train,0.0,1.0,4.0,16
tools (3),m,1,3,train,0.0,3.0,5.0,16
tools (1),z,1,3,train,0.0,5.0,4.0,16
tools (3),m,1,3,train,0.0,2.0,6.0,16
tools (2),z,1,3,train,0.0,4.0,5.0,16
tools (1),z,1,3,train,0.0,3.0,5.0,16
tools (1),z,1,3,train,0.0,1.0,6.0,16
tools (3),m,1,3,train,0.0,4.0,7.0,16
tools (2),z,1,3,train,0.0,4.0,6.0,16
tools (2),z,1,3,train,0.0,1.0,7.0,16
tools (3),m,1,3,train,0.0,3.0,8.0,16
tools (1),m,0,3,train,1.0,5.0,7.0,16
tools (3),z,0,3,train,0.0,2.0,9.0,16
tools (1),z,1,3,train,0.0,7.0,7.0,16
tools (2),z,1,3,train,0.0,5.0,8.0,16
tools (2),z,1,3,train,0.0,1.0,9.0,16
tools (3),m,1,3,train,0.0,6.0,9.0,16
tools (2),z,1,3,train,0.0,2.0,10.0,16
tools (1),z,1,3,train,0.0,5.0,8.0,16
tools (3),m,1,3,train,0.0,3.0,10.0,16
tools (1),z,1,3,train,0.0,2.0,9.0,16
clothes (6),m,0,6,train,0.0,0.0,0.0,16
clothes (1),m,1,6,train,0.0,0.0,0.0,16
clothes (5),m,1,6,train,0.0,0.0,0.0,16
clothes (4),m,0,6,train,0.0,0.0,0.0,16
clothes (2),z,0,6,train,0.0,0.0,0.0,16
clothes (3),z,1,6,train,0.0,0.0,0.0,16
clothes (3),z,1,6,train,0.0,1.0,1.0,16
clothes (6),m,0,6,train,1.0,0.0,0.0,16
clothes (4),z,1,6,train,0.0,0.0,0.0,16
clothes (5),m,1,6,train,0.0,7.0,1.0,16
clothes (1),m,1,6,train,0.0,9.0,1.0,16
clothes (2),z,0,6,train,1.0,0.0,0.0,16
clothes (1),m,1,6,train,0.0,2.0,2.0,16
clothes (3),z,1,6,train,0.0,7.0,2.0,16
clothes (2),z,0,6,train,1.0,0.0,0.0,16
clothes (6),m,0,6,train,1.0,0.0,0.0,16
clothes (5),z,0,6,train,0.0,7.0,2.0,16
clothes (4),z,1,6,train,0.0,9.0,1.0,16
clothes (5),m,1,6,train,0.0,9.0,2.0,16
clothes (2),z,0,6,train,1.0,0.0,0.0,16
clothes (6),m,0,6,train,1.0,0.0,0.0,16
clothes (1),m,1,6,train,0.0,9.0,3.0,16
clothes (4),z,1,6,train,0.0,5.0,2.0,16
clothes (3),z,1,6,train,0.0,10.0,3.0,16
clothes (6),m,0,6,train,1.0,0.0,0.0,16
clothes (5),m,1,6,train,0.0,7.0,3.0,16
clothes (2),z,0,6,train,1.0,0.0,0.0,16
clothes (3),z,1,6,train,0.0,4.0,4.0,16
clothes (4),z,1,6,train,0.0,6.0,3.0,16
clothes (1),m,1,6,train,0.0,8.0,4.0,16
clothes (6),m,0,6,train,1.0,0.0,0.0,16
clothes (3),z,1,6,train,0.0,4.0,5.0,16
clothes (4),z,1,6,train,0.0,4.0,4.0,16
clothes (1),m,1,6,train,0.0,4.0,5.0,16
clothes (2),z,0,6,train,1.0,0.0,0.0,16
clothes (5),m,1,6,train,0.0,10.0,4.0,16
clothes (2),m,1,6,train,0.0,0.0,0.0,16
clothes (3),z,1,6,train,0.0,6.0,6.0,16
clothes (5),m,1,6,train,0.0,3.0,5.0,16
clothes (4),z,1,6,train,0.0,7.0,5.0,16
clothes (1),m,1,6,train,0.0,7.0,6.0,16
clothes (6),z,1,6,train,0.0,0.0,0.0,16
clothes (2),m,1,6,train,0.0,6.0,1.0,16
clothes (1),m,1,6,train,0.0,3.0,7.0,16
clothes (4),z,1,6,train,0.0,5.0,6.0,16
clothes (3),z,1,6,train,0.0,8.0,7.0,16
clothes (5),m,1,6,train,0.0,8.0,6.0,16
clothes (6),m,0,6,train,1.0,6.0,1.0,16
clothes (3),z,1,6,train,0.0,3.0,8.0,16
clothes (2),m,1,6,train,0.0,7.0,2.0,16
clothes (6),z,1,6,train,0.0,9.0,1.0,16
clothes (1),m,1,6,train,0.0,8.0,8.0,16
clothes (4),z,1,6,train,0.0,8.0,7.0,16
clothes (5),m,1,6,train,0.0,7.0,7.0,16
clothes (2),m,1,6,train,0.0,5.0,3.0,16
clothes (6),z,1,6,train,0.0,5.0,2.0,16
clothes (3),z,1,6,train,0.0,8.0,9.0,16
clothes (1),m,1,6,train,0.0,6.0,9.0,16
clothes (4),z,1,6,train,0.0,6.0,8.0,16
clothes (5),m,1,6,train,0.0,6.0,8.0,16
clothes (3),z,1,6,train,0.0,4.0,10.0,16
clothes (5),m,1,6,train,0.0,2.0,9.0,16
clothes (2),z,0,6,train,1.0,8.0,4.0,16
clothes (6),z,1,6,train,0.0,8.0,3.0,16
clothes (1),m,1,6,train,0.0,7.0,10.0,16
clothes (4),z,1,6,train,0.0,7.0,9.0,16
clothes (5),m,1,6,train,0.0,5.0,10.0,16
clothes (2),z,0,6,train,1.0,13.0,4.0,16
clothes (1),m,1,6,train,0.0,4.0,11.0,16
clothes (4),z,1,6,train,0.0,4.0,10.0,16
clothes (3),z,1,6,train,0.0,10.0,11.0,16
clothes (6),m,0,6,train,1.0,8.0,4.0,16
clothes (5),m,1,6,train,0.0,6.0,11.0,16
clothes (1),m,1,6,train,0.0,5.0,12.0,16
clothes (2),m,1,6,train,0.0,20.0,4.0,16
clothes (4),z,1,6,train,0.0,6.0,11.0,16
clothes (3),z,1,6,train,0.0,6.0,12.0,16
clothes (6),z,1,6,train,0.0,14.0,4.0,16
face (1),m,0,3,train,0.0,0.0,0.0,16
face (2),m,0,3,train,0.0,0.0,0.0,16
face (3),z,0,3,train,0.0,0.0,0.0,16
face (1),z,1,3,train,0.0,0.0,0.0,16
face (3),m,1,3,train,0.0,0.0,0.0,16
face (2),z,1,3,train,0.0,0.0,0.0,16
face (2),z,1,3,train,0.0,1.0,1.0,16
face (3),m,1,3,train,0.0,3.0,1.0,16
face (1),z,1,3,train,0.0,5.0,1.0,16
face (1),z,1,3,train,0.0,1.0,2.0,16
face (2),z,1,3,train,0.0,4.0,2.0,16
face (3),m,1,3,train,0.0,4.0,2.0,16
face (1),z,1,3,train,0.0,3.0,3.0,16
face (3),m,1,3,train,0.0,2.0,3.0,16
face (2),z,1,3,train,0.0,4.0,3.0,16
face (2),z,1,3,train,0.0,1.0,4.0,16
face (3),z,0,3,train,1.0,3.0,4.0,16
face (1),z,1,3,train,0.0,5.0,4.0,16
face (3),m,1,3,train,0.0,5.0,4.0,16
face (2),z,1,3,train,0.0,4.0,5.0,16
face (1),z,1,3,train,0.0,3.0,5.0,16
face (1),z,1,3,train,0.0,1.0,6.0,16
face (3),m,1,3,train,0.0,4.0,5.0,16
face (2),z,1,3,train,0.0,4.0,6.0,16
face (2),z,1,3,train,0.0,1.0,7.0,16
face (3),m,1,3,train,0.0,3.0,6.0,16
face (1),z,1,3,train,0.0,5.0,7.0,16
face (3),m,1,3,train,0.0,2.0,7.0,16
face (1),z,1,3,train,0.0,2.0,8.0,16
face (2),z,1,3,train,0.0,5.0,8.0,16
face (2),z,1,3,train,0.0,1.0,9.0,16
face (3),m,1,3,train,0.0,4.0,8.0,16
face (2),z,1,3,train,0.0,2.0,10.0,16
face (1),z,1,3,train,0.0,5.0,9.0,16
face (3),m,1,3,train,0.0,3.0,9.0,16
face (1),z,1,3,train,0.0,2.0,10.0,16
color (6),m,0,6,train,0.0,0.0,0.0,16
color (1),m,1,6,train,0.0,0.0,0.0,16
color (5),m,1,6,train,0.0,0.0,0.0,16
color (4),m,0,6,train,0.0,0.0,0.0,16
color (2),m,1,6,train,0.0,0.0,0.0,16
color (3),z,1,6,train,0.0,0.0,0.0,16
color (3),z,1,6,train,0.0,1.0,1.0,16
color (6),z,1,6,train,0.0,0.0,0.0,16
color (4),z,1,6,train,0.0,0.0,0.0,16
color (5),m,1,6,train,0.0,7.0,1.0,16
color (1),m,1,6,train,0.0,9.0,1.0,16
color (2),m,1,6,train,0.0,7.0,1.0,16
color (1),m,1,6,train,0.0,2.0,2.0,16
color (3),z,1,6,train,0.0,7.0,2.0,16
color (2),m,1,6,train,0.0,3.0,2.0,16
color (6),z,1,6,train,0.0,8.0,1.0,16
color (5),m,1,6,train,0.0,7.0,2.0,16
color (4),z,1,6,train,0.0,9.0,1.0,16
color (5),m,1,6,train,0.0,2.0,3.0,16
color (2),m,1,6,train,0.0,5.0,3.0,16
color (6),z,1,6,train,0.0,5.0,2.0,16
color (1),m,1,6,train,0.0,9.0,3.0,16
color (4),z,1,6,train,0.0,5.0,2.0,16
color (3),z,1,6,train,0.0,10.0,3.0,16
color (6),z,1,6,train,0.0,4.0,3.0,16
color (5),m,1,6,train,0.0,7.0,4.0,16
color (2),m,1,6,train,0.0,7.0,4.0,16
color (3),z,1,6,train,0.0,4.0,4.0,16
color (4),z,1,6,train,0.0,6.0,3.0,16
color (1),m,1,6,train,0.0,8.0,4.0,16
color (6),z,1,6,train,0.0,6.0,4.0,16
color (3),z,1,6,train,0.0,4.0,5.0,16
color (4),z,1,6,train,0.0,4.0,4.0,16
color (1),m,1,6,train,0.0,4.0,5.0,16
color (2),m,1,6,train,0.0,8.0,5.0,16
color (5),m,1,6,train,0.0,10.0,5.0,16
color (2),m,1,6,train,0.0,2.0,6.0,16
color (3),z,1,6,train,0.0,6.0,6.0,16
color (5),m,1,6,train,0.0,3.0,6.0,16
color (4),z,1,6,train,0.0,7.0,5.0,16
color (1),m,1,6,train,0.0,7.0,6.0,16
color (6),z,1,6,train,0.0,11.0,5.0,16
color (2),m,1,6,train,0.0,6.0,7.0,16
color (1),m,1,6,train,0.0,3.0,7.0,16
color (4),z,1,6,train,0.0,5.0,6.0,16
color (3),z,1,6,train,0.0,8.0,7.0,16
color (5),m,1,6,train,0.0,8.0,7.0,16
color (6),z,1,6,train,0.0,6.0,6.0,16
color (3),z,1,6,train,0.0,3.0,8.0,16
color (2),m,1,6,train,0.0,7.0,8.0,16
color (6),z,1,6,train,0.0,3.0,7.0,16
color (1),m,1,6,train,0.0,8.0,8.0,16
color (4),z,1,6,train,0.0,8.0,7.0,16
color (5),m,1,6,train,0.0,7.0,8.0,16
color (2),m,1,6,train,0.0,5.0,9.0,16
color (6),z,1,6,train,0.0,5.0,8.0,16
color (3),z,1,6,train,0.0,8.0,9.0,16
color (1),m,1,6,train,0.0,6.0,9.0,16
color (4),z,1,6,train,0.0,6.0,8.0,16
color (5),m,1,6,train,0.0,6.0,9.0,16
color (3),z,1,6,train,0.0,4.0,10.0,16
color (5),m,1,6,train,0.0,2.0,10.0,16
color (2),m,1,6,train,0.0,8.0,10.0,16
color (6),z,1,6,train,0.0,8.0,9.0,16
color (1),m,1,6,train,0.0,7.0,10.0,16
color (4),z,1,6,train,0.0,7.0,9.0,16
color (5),m,1,6,train,0.0,5.0,11.0,16
color (2),m,1,6,train,0.0,5.0,11.0,16
color (1),m,1,6,train,0.0,4.0,11.0,16
color (4),z,1,6,train,0.0,4.0,10.0,16
color (3),z,1,6,train,0.0,10.0,11.0,16
color (6),z,1,6,train,0.0,8.0,10.0,16
color (5),m,1,6,train,0.0,6.0,12.0,16
color (1),m,1,6,train,0.0,5.0,12.0,16
color (2),m,1,6,train,0.0,7.0,12.0,16
color (4),z,1,6,train,0.0,6.0,11.0,16
color (3),z,1,6,train,0.0,6.0,12.0,16
color (6),z,1,6,train,0.0,6.0,11.0,16
symbol (1),m,1,3,train,0.0,0.0,0.0,16
symbol (2),m,1,3,train,0.0,0.0,0.0,16
symbol (3),z,1,3,train,0.0,0.0,0.0,16
symbol (1),m,1,3,train,0.0,3.0,1.0,16
symbol (3),z,1,3,train,0.0,2.0,1.0,16
symbol (2),m,1,3,train,0.0,4.0,1.0,16
symbol (2),m,1,3,train,0.0,1.0,2.0,16
symbol (3),z,1,3,train,0.0,3.0,2.0,16
symbol (1),m,1,3,train,0.0,5.0,2.0,16
symbol (1),z,0,3,train,0.0,1.0,3.0,16
symbol (2),m,1,3,train,0.0,4.0,3.0,16
symbol (3),z,1,3,train,0.0,4.0,3.0,16
symbol (1),m,1,3,train,0.0,4.0,3.0,16
symbol (3),z,1,3,train,0.0,2.0,4.0,16
symbol (2),m,1,3,train,0.0,4.0,4.0,16
symbol (2),m,1,3,train,0.0,1.0,5.0,16
symbol (3),z,1,3,train,0.0,3.0,5.0,16
symbol (1),m,1,3,train,0.0,5.0,4.0,16
symbol (3),z,1,3,train,0.0,2.0,6.0,16
symbol (2),m,1,3,train,0.0,4.0,6.0,16
symbol (1),m,1,3,train,0.0,3.0,5.0,16
symbol (1),m,1,3,train,0.0,1.0,6.0,16
symbol (3),z,1,3,train,0.0,4.0,7.0,16
symbol (2),m,1,3,train,0.0,4.0,7.0,16
symbol (2),m,1,3,train,0.0,1.0,8.0,16
symbol (3),z,1,3,train,0.0,3.0,8.0,16
symbol (1),m,1,3,train,0.0,5.0,7.0,16
symbol (3),z,1,3,train,0.0,2.0,9.0,16
symbol (1),m,1,3,train,0.0,2.0,8.0,16
symbol (2),m,1,3,train,0.0,5.0,9.0,16
symbol (2),m,1,3,train,0.0,1.0,10.0,16
symbol (3),z,1,3,train,0.0,4.0,10.0,16
symbol (2),m,1,3,train,0.0,2.0,11.0,16
symbol (1),m,1,3,train,0.0,5.0,9.0,16
symbol (3),z,1,3,train,0.0,3.0,11.0,16
symbol (1),m,1,3,train,0.0,2.0,10.0,16
environment (6),m,0,6,train,0.0,0.0,0.0,16
environment (1),z,0,6,train,0.0,0.0,0.0,16
environment (5),m,1,6,train,0.0,0.0,0.0,16
environment (4),m,0,6,train,0.0,0.0,0.0,16
environment (2),m,1,6,train,0.0,0.0,0.0,16
environment (3),m,0,6,train,0.0,0.0,0.0,16
environment (3),z,1,6,train,0.0,0.0,0.0,16
environment (6),m,0,6,train,1.0,0.0,0.0,16
environment (4),m,0,6,train,1.0,0.0,0.0,16
environment (5),m,1,6,train,0.0,7.0,1.0,16
environment (1),m,1,6,train,0.0,0.0,0.0,16
environment (2),m,1,6,train,0.0,7.0,1.0,16
environment (1),m,1,6,train,0.0,2.0,1.0,16
environment (3),z,1,6,train,0.0,7.0,1.0,16
environment (2),m,1,6,train,0.0,3.0,2.0,16
environment (6),z,1,6,train,0.0,0.0,0.0,16
environment (5),m,1,6,train,0.0,7.0,2.0,16
environment (4),m,0,6,train,1.0,0.0,0.0,16
environment (5),m,1,6,train,0.0,2.0,3.0,16
environment (2),m,1,6,train,0.0,5.0,3.0,16
environment (6),z,1,6,train,0.0,5.0,1.0,16
environment (1),m,1,6,train,0.0,9.0,2.0,16
environment (4),m,0,6,train,1.0,0.0,0.0,16
environment (3),z,1,6,train,0.0,10.0,2.0,16
environment (6),z,1,6,train,0.0,4.0,2.0,16
environment (5),m,1,6,train,0.0,7.0,4.0,16
environment (2),m,1,6,train,0.0,7.0,4.0,16
environment (3),z,1,6,train,0.0,4.0,3.0,16
environment (4),z,1,6,train,0.0,0.0,0.0,16
environment (1),m,1,6,train,0.0,8.0,3.0,16
environment (6),z,1,6,train,0.0,6.0,3.0,16
environment (3),z,1,6,train,0.0,4.0,4.0,16
environment (4),z,1,6,train,0.0,4.0,1.0,16
environment (1),m,1,6,train,0.0,4.0,4.0,16
environment (2),m,1,6,train,0.0,8.0,5.0,16
environment (5),m,1,6,train,0.0,10.0,5.0,16
environment (2),m,1,6,train,0.0,2.0,6.0,16
environment (3),z,1,6,train,0.0,6.0,5.0,16
environment (5),m,1,6,train,0.0,3.0,6.0,16
environment (4),z,1,6,train,0.0,7.0,2.0,16
environment (1),m,1,6,train,0.0,7.0,5.0,16
environment (6),z,1,6,train,0.0,11.0,4.0,16
environment (2),m,1,6,train,0.0,6.0,7.0,16
environment (1),m,1,6,train,0.0,3.0,6.0,16
environment (4),z,1,6,train,0.0,5.0,3.0,16
environment (3),z,1,6,train,0.0,8.0,6.0,16
environment (5),m,1,6,train,0.0,8.0,7.0,16
environment (6),z,1,6,train,0.0,6.0,5.0,16
environment (3),z,1,6,train,0.0,3.0,7.0,16
environment (2),m,1,6,train,0.0,7.0,8.0,16
environment (6),z,1,6,train,0.0,3.0,6.0,16
environment (1),m,1,6,train,0.0,8.0,7.0,16
environment (4),z,1,6,train,0.0,8.0,4.0,16
environment (5),m,1,6,train,0.0,7.0,8.0,16
environment (2),m,1,6,train,0.0,5.0,9.0,16
environment (6),z,1,6,train,0.0,5.0,7.0,16
environment (3),z,1,6,train,0.0,8.0,8.0,16
environment (1),m,1,6,train,0.0,6.0,8.0,16
environment (4),z,1,6,train,0.0,6.0,5.0,16
environment (5),m,1,6,train,0.0,6.0,9.0,16
environment (3),z,1,6,train,0.0,4.0,9.0,16
environment (5),m,1,6,train,0.0,2.0,10.0,16
environment (2),m,1,6,train,0.0,8.0,10.0,16
environment (6),z,1,6,train,0.0,8.0,8.0,16
environment (1),m,1,6,train,0.0,7.0,9.0,16
environment (4),z,1,6,train,0.0,7.0,6.0,16
environment (5),m,1,6,train,0.0,5.0,11.0,16
environment (2),m,1,6,train,0.0,5.0,11.0,16
environment (1),m,1,6,train,0.0,4.0,10.0,16
environment (4),z,1,6,train,0.0,4.0,7.0,16
environment (3),z,1,6,train,0.0,10.0,10.0,16
environment (6),z,1,6,train,0.0,8.0,9.0,16
environment (5),m,1,6,train,0.0,6.0,12.0,16
environment (1),m,1,6,train,0.0,5.0,11.0,16
environment (2),m,1,6,train,0.0,7.0,12.0,16
environment (4),z,1,6,train,0.0,6.0,8.0,16
environment (3),z,1,6,train,0.0,6.0,11.0,16
environment (6),z,1,6,train,0.0,6.0,10.0,16
vehicle (1),z,0,3,train,0.0,0.0,0.0,16
vehicle (2),m,1,3,train,0.0,0.0,0.0,16
vehicle (3),z,1,3,train,0.0,0.0,0.0,16
vehicle (1),m,1,3,train,0.0,0.0,0.0,16
vehicle (3),z,1,3,train,0.0,2.0,1.0,16
vehicle (2),m,1,3,train,0.0,4.0,1.0,16
vehicle (2),m,1,3,train,0.0,1.0,2.0,16
vehicle (3),z,1,3,train,0.0,3.0,2.0,16
vehicle (1),m,1,3,train,0.0,5.0,1.0,16
vehicle (1),m,1,3,train,0.0,1.0,2.0,16
vehicle (2),m,1,3,train,0.0,4.0,3.0,16
vehicle (3),z,1,3,train,0.0,4.0,3.0,16
vehicle (1),m,1,3,train,0.0,3.0,3.0,16
vehicle (3),z,1,3,train,0.0,2.0,4.0,16
vehicle (2),m,1,3,train,0.0,4.0,4.0,16
vehicle (2),m,1,3,train,0.0,1.0,5.0,16
vehicle (3),z,1,3,train,0.0,3.0,5.0,16
vehicle (1),m,1,3,train,0.0,5.0,4.0,16
vehicle (3),z,1,3,train,0.0,2.0,6.0,16
vehicle (2),m,1,3,train,0.0,4.0,6.0,16
vehicle (1),m,1,3,train,0.0,3.0,5.0,16
vehicle (1),m,1,3,train,0.0,1.0,6.0,16
vehicle (3),z,1,3,train,0.0,4.0,7.0,16
vehicle (2),m,1,3,train,0.0,4.0,7.0,16
vehicle (2),m,1,3,train,0.0,1.0,8.0,16
vehicle (3),z,1,3,train,0.0,3.0,8.0,16
vehicle (1),m,1,3,train,0.0,5.0,7.0,16
vehicle (3),z,1,3,train,0.0,2.0,9.0,16
vehicle (1),m,1,3,train,0.0,2.0,8.0,16
vehicle (2),m,1,3,train,0.0,5.0,9.0,16
vehicle (2),m,1,3,train,0.0,1.0,10.0,16
vehicle (3),z,1,3,train,0.0,4.0,10.0,16
vehicle (2),m,1,3,train,0.0,2.0,11.0,16
vehicle (1),m,1,3,train,0.0,5.0,9.0,16
vehicle (3),z,1,3,train,0.0,3.0,11.0,16
vehicle (1),m,1,3,train,0.0,2.0,10.0,16
instrument (1),m,1,3,train,0.0,0.0,0.0,16
instrument (2),z,0,3,train,0.0,0.0,0.0,16
instrument (3),z,1,3,train,0.0,0.0,0.0,16
instrument (1),m,1,3,train,0.0,3.0,1.0,16
instrument (3),z,1,3,train,0.0,2.0,1.0,16
instrument (2),m,1,3,train,0.0,0.0,0.0,16
instrument (2),m,1,3,train,0.0,1.0,1.0,16
instrument (3),z,1,3,train,0.0,3.0,2.0,16
instrument (1),m,1,3,train,0.0,5.0,2.0,16
instrument (1),m,1,3,train,0.0,1.0,3.0,16
instrument (2),m,1,3,train,0.0,4.0,2.0,16
instrument (3),m,0,3,train,0.0,4.0,3.0,16
instrument (1),m,1,3,train,0.0,3.0,4.0,16
instrument (3),z,1,3,train,0.0,6.0,3.0,16
instrument (2),m,1,3,train,0.0,4.0,3.0,16
instrument (2),z,0,3,train,1.0,1.0,4.0,16
instrument (3),z,1,3,train,0.0,3.0,4.0,16
instrument (1),m,1,3,train,0.0,5.0,5.0,16
instrument (3),z,1,3,train,0.0,2.0,5.0,16
instrument (2),m,1,3,train,0.0,5.0,4.0,16
instrument (1),z,0,3,train,0.0,3.0,6.0,16
instrument (1),m,1,3,train,0.0,4.0,6.0,16
instrument (3),z,1,3,train,0.0,4.0,6.0,16
instrument (2),m,1,3,train,0.0,4.0,5.0,16
instrument (2),m,1,3,train,0.0,1.0,6.0,16
instrument (3),z,1,3,train,0.0,3.0,7.0,16
instrument (1),z,0,3,train,1.0,5.0,7.0,16
instrument (3),z,1,3,train,0.0,2.0,8.0,16
instrument (1),m,1,3,train,0.0,7.0,7.0,16
instrument (2),m,1,3,train,0.0,5.0,7.0,16
instrument (2),m,1,3,train,0.0,1.0,8.0,16
instrument (3),z,1,3,train,0.0,4.0,9.0,16
instrument (2),m,1,3,train,0.0,2.0,9.0,16
instrument (1),m,1,3,train,0.0,5.0,8.0,16
instrument (3),z,1,3,train,0.0,3.0,10.0,16
instrument (1),m,1,3,train,0.0,2.0,9.0,16
jungle2,m,0,3,train,0.0,0.0,0.0,17
jungle1,m,0,3,train,0.0,0.0,0.0,17
jungle3,m,1,3,train,0.0,0.0,0.0,17
jungle1,z,1,3,train,0.0,0.0,0.0,17
jungle3,m,1,3,train,0.0,2.0,1.0,17
jungle2,z,1,3,train,0.0,0.0,0.0,17
jungle3,z,0,3,train,0.0,2.0,2.0,17
jungle2,m,0,3,train,1.0,2.0,1.0,17
jungle1,z,1,3,train,0.0,5.0,1.0,17
jungle1,z,1,3,train,0.0,1.0,2.0,17
jungle2,z,1,3,train,0.0,5.0,1.0,17
jungle3,m,1,3,train,0.0,7.0,2.0,17
jungle3,m,1,3,train,0.0,1.0,3.0,17
jungle1,z,1,3,train,0.0,4.0,3.0,17
jungle2,z,1,3,train,0.0,4.0,2.0,17
jungle3,m,1,3,train,0.0,3.0,4.0,17
jungle1,z,1,3,train,0.0,3.0,4.0,17
jungle2,z,1,3,train,0.0,3.0,3.0,17
jungle1,z,1,3,train,0.0,2.0,5.0,17
jungle3,m,1,3,train,0.0,4.0,5.0,17
jungle2,z,1,3,train,0.0,3.0,4.0,17
jungle3,m,1,3,train,0.0,2.0,6.0,17
jungle2,z,1,3,train,0.0,2.0,5.0,17
jungle1,z,1,3,train,0.0,5.0,6.0,17
jungle2,z,1,3,train,0.0,2.0,6.0,17
jungle3,m,1,3,train,0.0,4.0,7.0,17
jungle1,z,1,3,train,0.0,3.0,7.0,17
jungle1,z,1,3,train,0.0,1.0,8.0,17
jungle2,z,1,3,train,0.0,4.0,7.0,17
jungle3,m,1,3,train,0.0,4.0,8.0,17
jungle2,z,1,3,train,0.0,2.0,8.0,17
jungle3,m,1,3,train,0.0,2.0,9.0,17
jungle1,m,0,3,train,1.0,5.0,9.0,17
jungle2,z,1,3,train,0.0,3.0,9.0,17
jungle1,z,1,3,train,0.0,7.0,9.0,17
jungle3,m,1,3,train,0.0,4.0,10.0,17
vegan (6),z,1,6,train,0.0,0.0,0.0,17
vegan (1),m,1,6,train,0.0,0.0,0.0,17
vegan (5),z,0,6,train,0.0,0.0,0.0,17
vegan (4),z,1,6,train,0.0,0.0,0.0,17
vegan (2),m,1,6,train,0.0,0.0,0.0,17
vegan (3),z,1,6,train,0.0,0.0,0.0,17
vegan (3),z,1,6,train,0.0,1.0,1.0,17
vegan (6),z,1,6,train,0.0,7.0,1.0,17
vegan (4),m,0,6,train,0.0,5.0,1.0,17
vegan (5),z,0,6,train,1.0,0.0,0.0,17
vegan (1),m,1,6,train,0.0,9.0,1.0,17
vegan (2),m,1,6,train,0.0,7.0,1.0,17
vegan (1),m,1,6,train,0.0,2.0,2.0,17
vegan (3),z,1,6,train,0.0,7.0,2.0,17
vegan (2),m,1,6,train,0.0,3.0,2.0,17
vegan (6),z,1,6,train,0.0,8.0,2.0,17
vegan (5),m,1,6,train,0.0,0.0,0.0,17
vegan (4),m,0,6,train,1.0,14.0,1.0,17
vegan (5),m,1,6,train,0.0,2.0,1.0,17
vegan (2),m,1,6,train,0.0,5.0,3.0,17
vegan (6),z,1,6,train,0.0,5.0,3.0,17
vegan (1),m,1,6,train,0.0,9.0,3.0,17
vegan (4),z,1,6,train,0.0,19.0,1.0,17
vegan (3),z,1,6,train,0.0,10.0,3.0,17
vegan (6),z,1,6,train,0.0,4.0,4.0,17
vegan (5),m,1,6,train,0.0,7.0,2.0,17
vegan (2),m,1,6,train,0.0,7.0,4.0,17
vegan (3),z,1,6,train,0.0,4.0,4.0,17
vegan (4),z,1,6,train,0.0,6.0,2.0,17
vegan (1),m,1,6,train,0.0,8.0,4.0,17
vegan (6),z,1,6,train,0.0,6.0,5.0,17
vegan (3),z,1,6,train,0.0,4.0,5.0,17
vegan (4),m,0,6,train,1.0,4.0,3.0,17
vegan (1),m,1,6,train,0.0,4.0,5.0,17
vegan (2),m,1,6,train,0.0,8.0,5.0,17
vegan (5),m,1,6,train,0.0,10.0,3.0,17
vegan (2),m,1,6,train,0.0,2.0,6.0,17
vegan (3),z,1,6,train,0.0,6.0,6.0,17
vegan (5),z,0,6,train,1.0,3.0,4.0,17
vegan (4),z,1,6,train,0.0,11.0,3.0,17
vegan (1),m,1,6,train,0.0,7.0,6.0,17
vegan (6),z,1,6,train,0.0,11.0,6.0,17
vegan (2),m,1,6,train,0.0,6.0,7.0,17
vegan (1),m,1,6,train,0.0,3.0,7.0,17
vegan (4),m,0,6,train,1.0,5.0,4.0,17
vegan (3),z,1,6,train,0.0,8.0,7.0,17
vegan (5),m,1,6,train,0.0,11.0,4.0,17
vegan (6),z,1,6,train,0.0,6.0,7.0,17
vegan (3),z,1,6,train,0.0,3.0,8.0,17
vegan (2),m,1,6,train,0.0,7.0,8.0,17
vegan (6),z,1,6,train,0.0,3.0,8.0,17
vegan (1),m,1,6,train,0.0,8.0,8.0,17
vegan (4),z,1,6,train,0.0,13.0,4.0,17
vegan (5),m,1,6,train,0.0,7.0,5.0,17
vegan (2),m,1,6,train,0.0,5.0,9.0,17
vegan (6),z,1,6,train,0.0,5.0,9.0,17
vegan (3),z,1,6,train,0.0,8.0,9.0,17
vegan (1),m,1,6,train,0.0,6.0,9.0,17
vegan (4),z,1,6,train,0.0,6.0,5.0,17
vegan (5),m,1,6,train,0.0,6.0,6.0,17
vegan (3),z,1,6,train,0.0,4.0,10.0,17
vegan (5),m,1,6,train,0.0,2.0,7.0,17
vegan (2),m,1,6,train,0.0,8.0,10.0,17
vegan (6),z,1,6,train,0.0,8.0,10.0,17
vegan (1),m,1,6,train,0.0,7.0,10.0,17
vegan (4),z,1,6,train,0.0,7.0,6.0,17
vegan (5),m,1,6,train,0.0,5.0,8.0,17
vegan (2),m,1,6,train,0.0,5.0,11.0,17
vegan (1),m,1,6,train,0.0,4.0,11.0,17
vegan (4),z,1,6,train,0.0,4.0,7.0,17
vegan (3),z,1,6,train,0.0,10.0,11.0,17
vegan (6),z,1,6,train,0.0,8.0,11.0,17
vegan (5),m,1,6,train,0.0,6.0,9.0,17
vegan (1),m,1,6,train,0.0,5.0,12.0,17
vegan (2),m,1,6,train,0.0,7.0,12.0,17
vegan (4),z,1,6,train,0.0,6.0,8.0,17
vegan (3),z,1,6,train,0.0,6.0,12.0,17
vegan (6),z,1,6,train,0.0,6.0,12.0,17
animal (1),m,0,3,train,0.0,0.0,0.0,17
animal (2),m,0,3,train,0.0,0.0,0.0,17
animal (3),m,1,3,train,0.0,0.0,0.0,17
animal (1),z,1,3,train,0.0,0.0,0.0,17
animal (3),m,1,3,train,0.0,2.0,1.0,17
animal (2),z,1,3,train,0.0,0.0,0.0,17
animal (2),z,1,3,train,0.0,1.0,1.0,17
animal (3),m,1,3,train,0.0,3.0,2.0,17
animal (1),z,1,3,train,0.0,5.0,1.0,17
animal (1),z,1,3,train,0.0,1.0,2.0,17
animal (2),z,1,3,train,0.0,4.0,2.0,17
animal (3),m,1,3,train,0.0,4.0,3.0,17
animal (1),z,1,3,train,0.0,3.0,3.0,17
animal (3),z,0,3,train,0.0,2.0,4.0,17
animal (2),z,1,3,train,0.0,4.0,3.0,17
animal (2),z,1,3,train,0.0,1.0,4.0,17
animal (3),m,1,3,train,0.0,5.0,4.0,17
animal (1),z,1,3,train,0.0,5.0,4.0,17
animal (3),m,1,3,train,0.0,2.0,5.0,17
animal (2),z,1,3,train,0.0,4.0,5.0,17
animal (1),z,1,3,train,0.0,3.0,5.0,17
animal (1),z,1,3,train,0.0,1.0,6.0,17
animal (3),m,1,3,train,0.0,4.0,6.0,17
animal (2),m,0,3,train,1.0,4.0,6.0,17
animal (2),z,1,3,train,0.0,5.0,6.0,17
animal (3),m,1,3,train,0.0,3.0,7.0,17
animal (1),z,1,3,train,0.0,5.0,7.0,17
animal (3),m,1,3,train,0.0,2.0,8.0,17
animal (1),z,1,3,train,0.0,2.0,8.0,17
animal (2),z,1,3,train,0.0,5.0,7.0,17
animal (2),z,1,3,train,0.0,1.0,8.0,17
animal (3),z,0,3,train,1.0,4.0,9.0,17
animal (2),z,1,3,train,0.0,2.0,9.0,17
animal (1),z,1,3,train,0.0,5.0,9.0,17
animal (3),m,1,3,train,0.0,7.0,9.0,17
animal (1),z,1,3,train,0.0,2.0,10.0,17
fruits (6),m,0,6,train,0.0,0.0,0.0,17
fruits (1),m,1,6,train,0.0,0.0,0.0,17
fruits (5),z,0,6,train,0.0,0.0,0.0,17
fruits (4),z,1,6,train,0.0,0.0,0.0,17
fruits (2),m,1,6,train,0.0,0.0,0.0,17
fruits (3),m,0,6,train,0.0,0.0,0.0,17
fruits (3),z,1,6,train,0.0,0.0,0.0,17
fruits (6),z,1,6,train,0.0,0.0,0.0,17
fruits (4),m,0,6,train,0.0,5.0,1.0,17
fruits (5),m,1,6,train,0.0,0.0,0.0,17
fruits (1),m,1,6,train,0.0,9.0,1.0,17
fruits (2),z,0,6,train,0.0,7.0,1.0,17
fruits (1),m,1,6,train,0.0,2.0,2.0,17
fruits (3),z,1,6,train,0.0,7.0,1.0,17
fruits (2),m,1,6,train,0.0,10.0,1.0,17
fruits (6),m,0,6,train,1.0,8.0,1.0,17
fruits (5),m,1,6,train,0.0,7.0,1.0,17
fruits (4),m,0,6,train,1.0,14.0,1.0,17
fruits (5),m,1,6,train,0.0,2.0,2.0,17
fruits (2),m,1,6,train,0.0,5.0,2.0,17
fruits (6),z,1,6,train,0.0,13.0,1.0,17
fruits (1),m,1,6,train,0.0,9.0,3.0,17
fruits (4),z,1,6,train,0.0,19.0,1.0,17
fruits (3),z,1,6,train,0.0,10.0,2.0,17
fruits (6),z,1,6,train,0.0,4.0,2.0,17
fruits (5),m,1,6,train,0.0,7.0,3.0,17
fruits (2),m,1,6,train,0.0,7.0,3.0,17
fruits (3),z,1,6,train,0.0,4.0,3.0,17
fruits (4),z,1,6,train,0.0,6.0,2.0,17
fruits (1),m,1,6,train,0.0,8.0,4.0,17
fruits (6),z,1,6,train,0.0,6.0,3.0,17
fruits (3),z,1,6,train,0.0,4.0,4.0,17
fruits (4),z,1,6,train,0.0,4.0,3.0,17
fruits (1),z,0,6,train,0.0,4.0,5.0,17
fruits (2),m,1,6,train,0.0,8.0,4.0,17
fruits (5),m,1,6,train,0.0,10.0,4.0,17
fruits (2),m,1,6,train,0.0,2.0,5.0,17
fruits (3),z,1,6,train,0.0,6.0,5.0,17
fruits (5),m,1,6,train,0.0,3.0,5.0,17
fruits (4),z,1,6,train,0.0,7.0,4.0,17
fruits (1),m,1,6,train,0.0,11.0,5.0,17
fruits (6),z,1,6,train,0.0,11.0,4.0,17
fruits (2),m,1,6,train,0.0,6.0,6.0,17
fruits (1),m,1,6,train,0.0,3.0,6.0,17
fruits (4),z,1,6,train,0.0,5.0,5.0,17
fruits (3),z,1,6,train,0.0,8.0,6.0,17
fruits (5),m,1,6,train,0.0,8.0,6.0,17
fruits (6),z,1,6,train,0.0,6.0,5.0,17
fruits (3),z,1,6,train,0.0,3.0,7.0,17
fruits (2),m,1,6,train,0.0,7.0,7.0,17
fruits (6),m,0,6,train,1.0,3.0,6.0,17
fruits (1),m,1,6,train,0.0,8.0,7.0,17
fruits (4),z,1,6,train,0.0,8.0,6.0,17
fruits (5),z,0,6,train,1.0,7.0,7.0,17
fruits (2),m,1,6,train,0.0,5.0,8.0,17
fruits (6),m,0,6,train,1.0,8.0,6.0,17
fruits (3),z,1,6,train,0.0,8.0,8.0,17
fruits (1),m,1,6,train,0.0,6.0,8.0,17
fruits (4),z,1,6,train,0.0,6.0,7.0,17
fruits (5),m,1,6,train,0.0,13.0,7.0,17
fruits (3),z,1,6,train,0.0,4.0,9.0,17
fruits (5),m,1,6,train,0.0,2.0,8.0,17
fruits (2),z,0,6,train,1.0,8.0,9.0,17
fruits (6),z,1,6,train,0.0,16.0,6.0,17
fruits (1),m,1,6,train,0.0,7.0,9.0,17
fruits (4),z,1,6,train,0.0,7.0,8.0,17
fruits (5),m,1,6,train,0.0,5.0,9.0,17
fruits (2),m,1,6,train,0.0,13.0,9.0,17
fruits (1),z,0,6,train,1.0,4.0,10.0,17
fruits (4),z,1,6,train,0.0,4.0,9.0,17
fruits (3),z,1,6,train,0.0,10.0,10.0,17
fruits (6),m,0,6,train,1.0,8.0,7.0,17
fruits (5),m,1,6,train,0.0,6.0,10.0,17
fruits (1),m,1,6,train,0.0,9.0,10.0,17
fruits (2),m,1,6,train,0.0,7.0,10.0,17
fruits (4),z,1,6,train,0.0,6.0,10.0,17
fruits (3),z,1,6,train,0.0,6.0,11.0,17
fruits (6),z,1,6,train,0.0,14.0,7.0,17
tools (1),m,0,3,train,0.0,0.0,0.0,17
tools (2),z,1,3,train,0.0,0.0,0.0,17
tools (3),z,0,3,train,0.0,0.0,0.0,17
tools (1),z,1,3,train,0.0,0.0,0.0,17
tools (3),m,1,3,train,0.0,0.0,0.0,17
tools (2),z,1,3,train,0.0,4.0,1.0,17
tools (2),z,1,3,train,0.0,1.0,2.0,17
tools (3),m,1,3,train,0.0,3.0,1.0,17
tools (1),z,1,3,train,0.0,5.0,1.0,17
tools (1),z,1,3,train,0.0,1.0,2.0,17
tools (2),z,1,3,train,0.0,4.0,3.0,17
tools (3),m,1,3,train,0.0,4.0,2.0,17
tools (1),z,1,3,train,0.0,3.0,3.0,17
tools (3),m,1,3,train,0.0,2.0,3.0,17
tools (2),z,1,3,train,0.0,4.0,4.0,17
tools (2),z,1,3,train,0.0,1.0,5.0,17
tools (3),m,1,3,train,0.0,3.0,4.0,17
tools (1),z,1,3,train,0.0,5.0,4.0,17
tools (3),m,1,3,train,0.0,2.0,5.0,17
tools (2),z,1,3,train,0.0,4.0,6.0,17
tools (1),z,1,3,train,0.0,3.0,5.0,17
tools (1),m,0,3,train,1.0,1.0,6.0,17
tools (3),m,1,3,train,0.0,4.0,6.0,17
tools (2),z,1,3,train,0.0,4.0,7.0,17
tools (2),z,1,3,train,0.0,1.0,8.0,17
tools (3),m,1,3,train,0.0,3.0,7.0,17
tools (1),z,1,3,train,0.0,6.0,6.0,17
tools (3),z,0,3,train,1.0,2.0,8.0,17
tools (1),z,1,3,train,0.0,2.0,7.0,17
tools (2),z,1,3,train,0.0,5.0,9.0,17
tools (2),z,1,3,train,0.0,1.0,10.0,17
tools (3),m,1,3,train,0.0,6.0,8.0,17
tools (2),z,1,3,train,0.0,2.0,11.0,17
tools (1),z,1,3,train,0.0,5.0,8.0,17
tools (3),m,1,3,train,0.0,3.0,9.0,17
tools (1),m,0,3,train,1.0,2.0,9.0,17
clothes (6),m,0,6,train,0.0,0.0,0.0,17
clothes (1),m,1,6,train,0.0,0.0,0.0,17
clothes (5),m,1,6,train,0.0,0.0,0.0,17
clothes (4),m,0,6,train,0.0,0.0,0.0,17
clothes (2),m,1,6,train,0.0,0.0,0.0,17
clothes (3),m,0,6,train,0.0,0.0,0.0,17
clothes (3),z,1,6,train,0.0,0.0,0.0,17
clothes (6),z,1,6,train,0.0,0.0,0.0,17
clothes (4),m,0,6,train,1.0,0.0,0.0,17
clothes (5),m,1,6,train,0.0,7.0,1.0,17
clothes (1),m,1,6,train,0.0,9.0,1.0,17
clothes (2),z,0,6,train,0.0,7.0,1.0,17
clothes (1),m,1,6,train,0.0,2.0,2.0,17
clothes (3),z,1,6,train,0.0,7.0,1.0,17
clothes (2),m,1,6,train,0.0,10.0,1.0,17
clothes (6),z,1,6,train,0.0,8.0,1.0,17
clothes (5),m,1,6,train,0.0,7.0,2.0,17
clothes (4),z,1,6,train,0.0,0.0,0.0,17
clothes (5),m,1,6,train,0.0,2.0,3.0,17
clothes (2),m,1,6,train,0.0,5.0,2.0,17
clothes (6),z,1,6,train,0.0,5.0,2.0,17
clothes (1),m,1,6,train,0.0,9.0,3.0,17
clothes (4),z,1,6,train,0.0,5.0,1.0,17
clothes (3),z,1,6,train,0.0,10.0,2.0,17
clothes (6),z,1,6,train,0.0,4.0,3.0,17
clothes (5),m,1,6,train,0.0,7.0,4.0,17
clothes (2),z,0,6,train,1.0,7.0,3.0,17
clothes (3),z,1,6,train,0.0,4.0,3.0,17
clothes (4),z,1,6,train,0.0,6.0,2.0,17
clothes (1),m,1,6,train,0.0,8.0,4.0,17
clothes (6),z,1,6,train,0.0,6.0,4.0,17
clothes (3),z,1,6,train,0.0,4.0,4.0,17
clothes (4),z,1,6,train,0.0,4.0,3.0,17
clothes (1),m,1,6,train,0.0,4.0,5.0,17
clothes (2),m,1,6,train,0.0,15.0,3.0,17
clothes (5),m,1,6,train,0.0,10.0,5.0,17
clothes (2),m,1,6,train,0.0,2.0,4.0,17
clothes (3),z,1,6,train,0.0,6.0,5.0,17
clothes (5),m,1,6,train,0.0,3.0,6.0,17
clothes (4),z,1,6,train,0.0,7.0,4.0,17
clothes (1),z,0,6,train,0.0,7.0,6.0,17
clothes (6),z,1,6,train,0.0,11.0,5.0,17
clothes (2),m,1,6,train,0.0,6.0,5.0,17
clothes (1),m,1,6,train,0.0,10.0,6.0,17
clothes (4),z,1,6,train,0.0,5.0,5.0,17
clothes (3),m,0,6,train,1.0,8.0,6.0,17
clothes (5),m,1,6,train,0.0,8.0,7.0,17
clothes (6),z,1,6,train,0.0,6.0,6.0,17
clothes (3),z,1,6,train,0.0,11.0,6.0,17
clothes (2),m,1,6,train,0.0,7.0,6.0,17
clothes (6),z,1,6,train,0.0,3.0,7.0,17
clothes (1),m,1,6,train,0.0,8.0,7.0,17
clothes (4),z,1,6,train,0.0,8.0,6.0,17
clothes (5),m,1,6,train,0.0,7.0,8.0,17
clothes (2),m,1,6,train,0.0,5.0,7.0,17
clothes (6),z,1,6,train,0.0,5.0,8.0,17
clothes (3),z,1,6,train,0.0,8.0,7.0,17
clothes (1),z,0,6,train,1.0,6.0,8.0,17
clothes (4),z,1,6,train,0.0,6.0,7.0,17
clothes (5),m,1,6,train,0.0,6.0,9.0,17
clothes (3),z,1,6,train,0.0,4.0,8.0,17
clothes (5),m,1,6,train,0.0,2.0,10.0,17
clothes (2),m,1,6,train,0.0,8.0,8.0,17
clothes (6),z,1,6,train,0.0,8.0,9.0,17
clothes (1),z,0,6,train,1.0,13.0,8.0,17
clothes (4),z,1,6,train,0.0,7.0,8.0,17
clothes (5),m,1,6,train,0.0,5.0,11.0,17
clothes (2),z,0,6,train,1.0,5.0,9.0,17
clothes (1),m,1,6,train,0.0,17.0,8.0,17
clothes (4),z,1,6,train,0.0,4.0,9.0,17
clothes (3),z,1,6,train,0.0,10.0,9.0,17
clothes (6),z,1,6,train,0.0,8.0,10.0,17
clothes (5),m,1,6,train,0.0,6.0,12.0,17
clothes (1),m,1,6,train,0.0,5.0,9.0,17
clothes (2),m,1,6,train,0.0,12.0,9.0,17
clothes (4),z,1,6,train,0.0,6.0,10.0,17
clothes (3),z,1,6,train,0.0,6.0,10.0,17
clothes (6),z,1,6,train,0.0,6.0,11.0,17
face (1),m,0,3,train,0.0,0.0,0.0,17
face (2),m,0,3,train,0.0,0.0,0.0,17
face (3),m,1,3,train,0.0,0.0,0.0,17
face (1),z,1,3,train,0.0,0.0,0.0,17
face (3),z,0,3,train,0.0,2.0,1.0,17
face (2),z,1,3,train,0.0,0.0,0.0,17
face (2),z,1,3,train,0.0,1.0,1.0,17
face (3),m,1,3,train,0.0,5.0,1.0,17
face (1),z,1,3,train,0.0,5.0,1.0,17
face (1),z,1,3,train,0.0,1.0,2.0,17
face (2),z,1,3,train,0.0,4.0,2.0,17
face (3),m,1,3,train,0.0,4.0,2.0,17
face (1),z,1,3,train,0.0,3.0,3.0,17
face (3),z,0,3,train,1.0,2.0,3.0,17
face (2),z,1,3,train,0.0,4.0,3.0,17
face (2),z,1,3,train,0.0,1.0,4.0,17
face (3),m,1,3,train,0.0,5.0,3.0,17
face (1),z,1,3,train,0.0,5.0,4.0,17
face (3),m,1,3,train,0.0,2.0,4.0,17
face (2),z,1,3,train,0.0,4.0,5.0,17
face (1),z,1,3,train,0.0,3.0,5.0,17
face (1),z,1,3,train,0.0,1.0,6.0,17
face (3),m,1,3,train,0.0,4.0,5.0,17
face (2),z,1,3,train,0.0,4.0,6.0,17
face (2),z,1,3,train,0.0,1.0,7.0,17
face (3),z,0,3,train,1.0,3.0,6.0,17
face (1),z,1,3,train,0.0,5.0,7.0,17
face (3),m,1,3,train,0.0,5.0,6.0,17
face (1),z,1,3,train,0.0,2.0,8.0,17
face (2),z,1,3,train,0.0,5.0,8.0,17
face (2),z,1,3,train,0.0,1.0,9.0,17
face (3),m,1,3,train,0.0,4.0,7.0,17
face (2),z,1,3,train,0.0,2.0,10.0,17
face (1),z,1,3,train,0.0,5.0,9.0,17
face (3),m,1,3,train,0.0,3.0,8.0,17
face (1),z,1,3,train,0.0,2.0,10.0,17
color (6),m,0,6,train,0.0,0.0,0.0,17
color (1),m,1,6,train,0.0,0.0,0.0,17
color (5),m,1,6,train,0.0,0.0,0.0,17
color (4),m,0,6,train,0.0,0.0,0.0,17
color (2),m,1,6,train,0.0,0.0,0.0,17
color (3),z,1,6,train,0.0,0.0,0.0,17
color (3),z,1,6,train,0.0,1.0,1.0,17
color (6),z,1,6,train,0.0,0.0,0.0,17
color (4),z,1,6,train,0.0,0.0,0.0,17
color (5),m,1,6,train,0.0,7.0,1.0,17
color (1),z,0,6,train,0.0,9.0,1.0,17
color (2),m,1,6,train,0.0,7.0,1.0,17
color (1),m,1,6,train,0.0,11.0,1.0,17
color (3),z,1,6,train,0.0,7.0,2.0,17
color (2),m,1,6,train,0.0,3.0,2.0,17
color (6),z,1,6,train,0.0,8.0,1.0,17
color (5),m,1,6,train,0.0,7.0,2.0,17
color (4),z,1,6,train,0.0,9.0,1.0,17
color (5),z,0,6,train,0.0,2.0,3.0,17
color (2),m,1,6,train,0.0,5.0,3.0,17
color (6),z,1,6,train,0.0,5.0,2.0,17
color (1),m,1,6,train,0.0,9.0,2.0,17
color (4),z,1,6,train,0.0,5.0,2.0,17
color (3),z,1,6,train,0.0,10.0,3.0,17
color (6),z,1,6,train,0.0,4.0,3.0,17
color (5),m,1,6,train,0.0,9.0,3.0,17
color (2),m,1,6,train,0.0,7.0,4.0,17
color (3),z,1,6,train,0.0,4.0,4.0,17
color (4),z,1,6,train,0.0,6.0,3.0,17
color (1),m,1,6,train,0.0,8.0,3.0,17
color (6),z,1,6,train,0.0,6.0,4.0,17
color (3),z,1,6,train,0.0,4.0,5.0,17
color (4),z,1,6,train,0.0,4.0,4.0,17
color (1),m,1,6,train,0.0,4.0,4.0,17
color (2),m,1,6,train,0.0,8.0,5.0,17
color (5),m,1,6,train,0.0,10.0,4.0,17
color (2),m,1,6,train,0.0,2.0,6.0,17
color (3),z,1,6,train,0.0,6.0,6.0,17
color (5),m,1,6,train,0.0,3.0,5.0,17
color (4),z,1,6,train,0.0,7.0,5.0,17
color (1),m,1,6,train,0.0,7.0,5.0,17
color (6),z,1,6,train,0.0,11.0,5.0,17
color (2),m,1,6,train,0.0,6.0,7.0,17
color (1),z,0,6,train,1.0,3.0,6.0,17
color (4),z,1,6,train,0.0,5.0,6.0,17
color (3),z,1,6,train,0.0,8.0,7.0,17
color (5),m,1,6,train,0.0,8.0,6.0,17
color (6),z,1,6,train,0.0,6.0,6.0,17
color (3),z,1,6,train,0.0,3.0,8.0,17
color (2),m,1,6,train,0.0,7.0,8.0,17
color (6),z,1,6,train,0.0,3.0,7.0,17
color (1),m,1,6,train,0.0,11.0,6.0,17
color (4),z,1,6,train,0.0,8.0,7.0,17
color (5),m,1,6,train,0.0,7.0,7.0,17
color (2),m,1,6,train,0.0,5.0,9.0,17
color (6),z,1,6,train,0.0,5.0,8.0,17
color (3),z,1,6,train,0.0,8.0,9.0,17
color (1),m,1,6,train,0.0,6.0,7.0,17
color (4),z,1,6,train,0.0,6.0,8.0,17
color (5),m,1,6,train,0.0,6.0,8.0,17
color (3),z,1,6,train,0.0,4.0,10.0,17
color (5),m,1,6,train,0.0,2.0,9.0,17
color (2),m,1,6,train,0.0,8.0,10.0,17
color (6),z,1,6,train,0.0,8.0,9.0,17
color (1),z,0,6,train,1.0,7.0,8.0,17
color (4),z,1,6,train,0.0,7.0,9.0,17
color (5),m,1,6,train,0.0,5.0,10.0,17
color (2),m,1,6,train,0.0,5.0,11.0,17
color (1),m,1,6,train,0.0,11.0,8.0,17
color (4),z,1,6,train,0.0,4.0,10.0,17
color (3),z,1,6,train,0.0,10.0,11.0,17
color (6),m,0,6,train,1.0,8.0,10.0,17
color (5),m,1,6,train,0.0,6.0,11.0,17
color (1),m,1,6,train,0.0,5.0,9.0,17
color (2),m,1,6,train,0.0,7.0,12.0,17
color (4),z,1,6,train,0.0,6.0,11.0,17
color (3),z,1,6,train,0.0,6.0,12.0,17
color (6),z,1,6,train,0.0,14.0,10.0,17
symbol (1),m,1,3,train,0.0,0.0,0.0,17
symbol (2),m,1,3,train,0.0,0.0,0.0,17
symbol (3),z,1,3,train,0.0,0.0,0.0,17
symbol (1),m,1,3,train,0.0,3.0,1.0,17
symbol (3),m,0,3,train,0.0,2.0,1.0,17
symbol (2),m,1,3,train,0.0,4.0,1.0,17
symbol (2),m,1,3,train,0.0,1.0,2.0,17
symbol (3),z,1,3,train,0.0,5.0,1.0,17
symbol (1),m,1,3,train,0.0,5.0,2.0,17
symbol (1),m,1,3,train,0.0,1.0,3.0,17
symbol (2),m,1,3,train,0.0,4.0,3.0,17
symbol (3),z,1,3,train,0.0,4.0,2.0,17
symbol (1),m,1,3,train,0.0,3.0,4.0,17
symbol (3),m,0,3,train,1.0,2.0,3.0,17
symbol (2),m,1,3,train,0.0,4.0,4.0,17
symbol (2),m,1,3,train,0.0,1.0,5.0,17
symbol (3),z,1,3,train,0.0,5.0,3.0,17
symbol (1),m,1,3,train,0.0,5.0,5.0,17
symbol (3),z,1,3,train,0.0,2.0,4.0,17
symbol (2),m,1,3,train,0.0,4.0,6.0,17
symbol (1),m,1,3,train,0.0,3.0,6.0,17
symbol (1),m,1,3,train,0.0,1.0,7.0,17
symbol (3),z,1,3,train,0.0,4.0,5.0,17
symbol (2),m,1,3,train,0.0,4.0,7.0,17
symbol (2),m,1,3,train,0.0,1.0,8.0,17
symbol (3),z,1,3,train,0.0,3.0,6.0,17
symbol (1),m,1,3,train,0.0,5.0,8.0,17
symbol (3),z,1,3,train,0.0,2.0,7.0,17
symbol (1),m,1,3,train,0.0,2.0,9.0,17
symbol (2),m,1,3,train,0.0,5.0,9.0,17
symbol (2),m,1,3,train,0.0,1.0,10.0,17
symbol (3),z,1,3,train,0.0,4.0,8.0,17
symbol (2),m,1,3,train,0.0,2.0,11.0,17
symbol (1),m,1,3,train,0.0,5.0,10.0,17
symbol (3),z,1,3,train,0.0,3.0,9.0,17
symbol (1),m,1,3,train,0.0,2.0,11.0,17
environment (6),m,0,6,train,0.0,0.0,0.0,17
environment (1),m,1,6,train,0.0,0.0,0.0,17
environment (5),m,1,6,train,0.0,0.0,0.0,17
environment (4),m,0,6,train,0.0,0.0,0.0,17
environment (2),m,1,6,train,0.0,0.0,0.0,17
environment (3),z,1,6,train,0.0,0.0,0.0,17
environment (3),z,1,6,train,0.0,1.0,1.0,17
environment (6),z,1,6,train,0.0,0.0,0.0,17
environment (4),z,1,6,train,0.0,0.0,0.0,17
environment (5),z,0,6,train,0.0,7.0,1.0,17
environment (1),m,1,6,train,0.0,9.0,1.0,17
environment (2),m,1,6,train,0.0,7.0,1.0,17
environment (1),m,1,6,train,0.0,2.0,2.0,17
environment (3),z,1,6,train,0.0,7.0,2.0,17
environment (2),m,1,6,train,0.0,3.0,2.0,17
environment (6),z,1,6,train,0.0,8.0,1.0,17
environment (5),m,1,6,train,0.0,14.0,1.0,17
environment (4),z,1,6,train,0.0,9.0,1.0,17
environment (5),m,1,6,train,0.0,2.0,2.0,17
environment (2),m,1,6,train,0.0,5.0,3.0,17
environment (6),z,1,6,train,0.0,5.0,2.0,17
environment (1),m,1,6,train,0.0,9.0,3.0,17
environment (4),z,1,6,train,0.0,5.0,2.0,17
environment (3),z,1,6,train,0.0,10.0,3.0,17
environment (6),z,1,6,train,0.0,4.0,3.0,17
environment (5),m,1,6,train,0.0,7.0,3.0,17
environment (2),m,1,6,train,0.0,7.0,4.0,17
environment (3),z,1,6,train,0.0,4.0,4.0,17
environment (4),z,1,6,train,0.0,6.0,3.0,17
environment (1),m,1,6,train,0.0,8.0,4.0,17
environment (6),z,1,6,train,0.0,6.0,4.0,17
environment (3),z,1,6,train,0.0,4.0,5.0,17
environment (4),z,1,6,train,0.0,4.0,4.0,17
environment (1),m,1,6,train,0.0,4.0,5.0,17
environment (2),m,1,6,train,0.0,8.0,5.0,17
environment (5),z,0,6,train,1.0,10.0,4.0,17
environment (2),m,1,6,train,0.0,2.0,6.0,17
environment (3),z,1,6,train,0.0,6.0,6.0,17
environment (5),m,1,6,train,0.0,13.0,4.0,17
environment (4),z,1,6,train,0.0,7.0,5.0,17
environment (1),m,1,6,train,0.0,7.0,6.0,17
environment (6),z,1,6,train,0.0,11.0,5.0,17
environment (2),m,1,6,train,0.0,6.0,7.0,17
environment (1),m,1,6,train,0.0,3.0,7.0,17
environment (4),z,1,6,train,0.0,5.0,6.0,17
environment (3),z,1,6,train,0.0,8.0,7.0,17
environment (5),m,1,6,train,0.0,8.0,5.0,17
environment (6),z,1,6,train,0.0,6.0,6.0,17
environment (3),z,1,6,train,0.0,3.0,8.0,17
environment (2),m,1,6,train,0.0,7.0,8.0,17
environment (6),z,1,6,train,0.0,3.0,7.0,17
environment (1),m,1,6,train,0.0,8.0,8.0,17
environment (4),z,1,6,train,0.0,8.0,7.0,17
environment (5),m,1,6,train,0.0,7.0,6.0,17
environment (2),m,1,6,train,0.0,5.0,9.0,17
environment (6),z,1,6,train,0.0,5.0,8.0,17
environment (3),z,1,6,train,0.0,8.0,9.0,17
environment (1),m,1,6,train,0.0,6.0,9.0,17
environment (4),z,1,6,train,0.0,6.0,8.0,17
environment (5),m,1,6,train,0.0,6.0,7.0,17
environment (3),z,1,6,train,0.0,4.0,10.0,17
environment (5),m,1,6,train,0.0,2.0,8.0,17
environment (2),m,1,6,train,0.0,8.0,10.0,17
environment (6),z,1,6,train,0.0,8.0,9.0,17
environment (1),m,1,6,train,0.0,7.0,10.0,17
environment (4),z,1,6,train,0.0,7.0,9.0,17
environment (5),m,1,6,train,0.0,5.0,9.0,17
environment (2),m,1,6,train,0.0,5.0,11.0,17
environment (1),m,1,6,train,0.0,4.0,11.0,17
environment (4),z,1,6,train,0.0,4.0,10.0,17
environment (3),z,1,6,train,0.0,10.0,11.0,17
environment (6),z,1,6,train,0.0,8.0,10.0,17
environment (5),z,0,6,train,1.0,6.0,10.0,17
environment (1),m,1,6,train,0.0,5.0,12.0,17
environment (2),m,1,6,train,0.0,7.0,12.0,17
environment (4),z,1,6,train,0.0,6.0,11.0,17
environment (3),z,1,6,train,0.0,6.0,12.0,17
environment (6),z,1,6,train,0.0,6.0,11.0,17
vehicle (1),m,1,3,train,0.0,0.0,0.0,17
vehicle (2),m,1,3,train,0.0,0.0,0.0,17
vehicle (3),z,1,3,train,0.0,0.0,0.0,17
vehicle (1),m,1,3,train,0.0,3.0,1.0,17
vehicle (3),m,0,3,train,0.0,2.0,1.0,17
vehicle (2),m,1,3,train,0.0,4.0,1.0,17
vehicle (2),m,1,3,train,0.0,1.0,2.0,17
vehicle (3),z,1,3,train,0.0,5.0,1.0,17
vehicle (1),z,0,3,train,0.0,5.0,2.0,17
vehicle (1),m,1,3,train,0.0,6.0,2.0,17
vehicle (2),m,1,3,train,0.0,4.0,3.0,17
vehicle (3),z,1,3,train,0.0,4.0,2.0,17
vehicle (1),m,1,3,train,0.0,3.0,3.0,17
vehicle (3),z,1,3,train,0.0,2.0,3.0,17
vehicle (2),m,1,3,train,0.0,4.0,4.0,17
vehicle (2),m,1,3,train,0.0,1.0,5.0,17
vehicle (3),z,1,3,train,0.0,3.0,4.0,17
vehicle (1),m,1,3,train,0.0,5.0,4.0,17
vehicle (3),m,0,3,train,1.0,2.0,5.0,17
vehicle (2),m,1,3,train,0.0,4.0,6.0,17
vehicle (1),m,1,3,train,0.0,3.0,5.0,17
vehicle (1),m,1,3,train,0.0,1.0,6.0,17
vehicle (3),z,1,3,train,0.0,6.0,5.0,17
vehicle (2),m,1,3,train,0.0,4.0,7.0,17
vehicle (2),m,1,3,train,0.0,1.0,8.0,17
vehicle (3),z,1,3,train,0.0,3.0,6.0,17
vehicle (1),m,1,3,train,0.0,5.0,7.0,17
vehicle (3),z,1,3,train,0.0,2.0,7.0,17
vehicle (1),m,1,3,train,0.0,2.0,8.0,17
vehicle (2),m,1,3,train,0.0,5.0,9.0,17
vehicle (2),m,1,3,train,0.0,1.0,10.0,17
vehicle (3),z,1,3,train,0.0,4.0,8.0,17
vehicle (2),m,1,3,train,0.0,2.0,11.0,17
vehicle (1),m,1,3,train,0.0,5.0,9.0,17
vehicle (3),z,1,3,train,0.0,3.0,9.0,17
vehicle (1),m,1,3,train,0.0,2.0,10.0,17
instrument (1),m,1,3,train,0.0,0.0,0.0,17
instrument (2),m,1,3,train,0.0,0.0,0.0,17
instrument (3),z,1,3,train,0.0,0.0,0.0,17
instrument (1),m,1,3,train,0.0,3.0,1.0,17
instrument (3),z,1,3,train,0.0,2.0,1.0,17
instrument (2),m,1,3,train,0.0,4.0,1.0,17
instrument (2),m,1,3,train,0.0,1.0,2.0,17
instrument (3),z,1,3,train,0.0,3.0,2.0,17
instrument (1),m,1,3,train,0.0,5.0,2.0,17
instrument (1),m,1,3,train,0.0,1.0,3.0,17
instrument (2),m,1,3,train,0.0,4.0,3.0,17
instrument (3),z,1,3,train,0.0,4.0,3.0,17
instrument (1),m,1,3,train,0.0,3.0,4.0,17
instrument (3),z,1,3,train,0.0,2.0,4.0,17
instrument (2),m,1,3,train,0.0,4.0,4.0,17
instrument (2),m,1,3,train,0.0,1.0,5.0,17
instrument (3),z,1,3,train,0.0,3.0,5.0,17
instrument (1),m,1,3,train,0.0,5.0,5.0,17
instrument (3),m,0,3,train,0.0,2.0,6.0,17
instrument (2),m,1,3,train,0.0,4.0,6.0,17
instrument (1),m,1,3,train,0.0,3.0,6.0,17
instrument (1),m,1,3,train,0.0,1.0,7.0,17
instrument (3),z,1,3,train,0.0,6.0,6.0,17
instrument (2),m,1,3,train,0.0,4.0,7.0,17
instrument (2),m,1,3,train,0.0,1.0,8.0,17
instrument (3),z,1,3,train,0.0,3.0,7.0,17
instrument (1),m,1,3,train,0.0,5.0,8.0,17
instrument (3),z,1,3,train,0.0,2.0,8.0,17
instrument (1),m,1,3,train,0.0,2.0,9.0,17
instrument (2),m,1,3,train,0.0,5.0,9.0,17
instrument (2),m,1,3,train,0.0,1.0,10.0,17
instrument (3),z,1,3,train,0.0,4.0,9.0,17
instrument (2),m,1,3,train,0.0,2.0,11.0,17
instrument (1),m,1,3,train,0.0,5.0,10.0,17
instrument (3),z,1,3,train,0.0,3.0,10.0,17
instrument (1),m,1,3,train,0.0,2.0,11.0,17
jungle2,m,0,3,train,0.0,0.0,0.0,18
jungle1,m,0,3,train,0.0,0.0,0.0,18
jungle3,m,1,3,train,0.0,0.0,0.0,18
jungle1,z,1,3,train,0.0,0.0,0.0,18
jungle3,m,1,3,train,0.0,2.0,1.0,18
jungle2,z,1,3,train,0.0,0.0,0.0,18
jungle3,z,0,3,train,0.0,2.0,2.0,18
jungle2,z,1,3,train,0.0,2.0,1.0,18
jungle1,m,0,3,train,1.0,5.0,1.0,18
jungle1,m,0,3,train,1.0,6.0,1.0,18
jungle2,m,0,3,train,1.0,3.0,2.0,18
jungle3,z,0,3,train,1.0,7.0,2.0,18
jungle3,m,1,3,train,0.0,8.0,2.0,18
jungle1,z,1,3,train,0.0,10.0,1.0,18
jungle2,z,1,3,train,0.0,7.0,2.0,18
jungle3,m,1,3,train,0.0,3.0,3.0,18
jungle1,z,1,3,train,0.0,3.0,2.0,18
jungle2,z,1,3,train,0.0,3.0,3.0,18
jungle1,z,1,3,train,0.0,2.0,3.0,18
jungle3,m,1,3,train,0.0,4.0,4.0,18
jungle2,z,1,3,train,0.0,3.0,4.0,18
jungle3,m,1,3,train,0.0,2.0,5.0,18
jungle2,z,1,3,train,0.0,2.0,5.0,18
jungle1,z,1,3,train,0.0,5.0,4.0,18
jungle2,z,1,3,train,0.0,2.0,6.0,18
jungle3,m,1,3,train,0.0,4.0,6.0,18
jungle1,z,1,3,train,0.0,3.0,5.0,18
jungle1,m,0,3,train,1.0,1.0,6.0,18
jungle2,z,1,3,train,0.0,4.0,7.0,18
jungle3,m,1,3,train,0.0,4.0,7.0,18
jungle2,z,1,3,train,0.0,2.0,8.0,18
jungle3,m,1,3,train,0.0,2.0,8.0,18
jungle1,z,1,3,train,0.0,6.0,6.0,18
jungle2,z,1,3,train,0.0,3.0,9.0,18
jungle1,z,1,3,train,0.0,2.0,7.0,18
jungle3,m,1,3,train,0.0,4.0,9.0,18
vegan (6),m,0,6,train,0.0,0.0,0.0,18
vegan (1),m,1,6,train,0.0,0.0,0.0,18
vegan (5),m,1,6,train,0.0,0.0,0.0,18
vegan (4),z,1,6,train,0.0,0.0,0.0,18
vegan (2),m,1,6,train,0.0,0.0,0.0,18
vegan (3),z,1,6,train,0.0,0.0,0.0,18
vegan (3),z,1,6,train,0.0,1.0,1.0,18
vegan (6),m,0,6,train,1.0,0.0,0.0,18
vegan (4),z,1,6,train,0.0,5.0,1.0,18
vegan (5),z,0,6,train,0.0,7.0,1.0,18
vegan (1),z,0,6,train,0.0,9.0,1.0,18
vegan (2),z,0,6,train,0.0,7.0,1.0,18
vegan (1),m,1,6,train,0.0,11.0,1.0,18
vegan (3),m,0,6,train,0.0,7.0,2.0,18
vegan (2),z,0,6,train,1.0,10.0,1.0,18
vegan (6),m,0,6,train,1.0,0.0,0.0,18
vegan (5),m,1,6,train,0.0,14.0,1.0,18
vegan (4),m,0,6,train,0.0,9.0,2.0,18
vegan (5),z,0,6,train,1.0,2.0,2.0,18
vegan (2),z,0,6,train,1.0,15.0,1.0,18
vegan (6),z,1,6,train,0.0,0.0,0.0,18
vegan (1),z,0,6,train,1.0,9.0,2.0,18
vegan (4),z,1,6,train,0.0,14.0,2.0,18
vegan (3),m,0,6,train,1.0,17.0,2.0,18
vegan (6),m,0,6,train,1.0,4.0,1.0,18
vegan (5),z,0,6,train,1.0,9.0,2.0,18
vegan (2),m,1,6,train,0.0,22.0,1.0,18
vegan (3),m,0,6,train,1.0,21.0,2.0,18
vegan (4),z,1,6,train,0.0,6.0,3.0,18
vegan (1),z,0,6,train,1.0,17.0,2.0,18
vegan (6),m,0,6,train,1.0,10.0,1.0,18
vegan (3),z,1,6,train,0.0,25.0,2.0,18
vegan (4),z,1,6,train,0.0,4.0,4.0,18
vegan (1),z,0,6,train,1.0,21.0,2.0,18
vegan (2),m,1,6,train,0.0,8.0,2.0,18
vegan (5),m,1,6,train,0.0,19.0,2.0,18
vegan (2),m,1,6,train,0.0,2.0,3.0,18
vegan (3),z,1,6,train,0.0,6.0,3.0,18
vegan (5),m,1,6,train,0.0,3.0,3.0,18
vegan (4),z,1,6,train,0.0,7.0,5.0,18
vegan (1),m,1,6,train,0.0,28.0,2.0,18
vegan (6),z,1,6,train,0.0,21.0,1.0,18
vegan (2),z,0,6,train,1.0,6.0,4.0,18
vegan (1),m,1,6,train,0.0,3.0,3.0,18
vegan (4),z,1,6,train,0.0,5.0,6.0,18
vegan (3),z,1,6,train,0.0,8.0,4.0,18
vegan (5),z,0,6,train,1.0,8.0,4.0,18
vegan (6),m,0,6,train,1.0,6.0,2.0,18
vegan (3),z,1,6,train,0.0,3.0,5.0,18
vegan (2),z,0,6,train,1.0,13.0,4.0,18
vegan (6),m,0,6,train,1.0,9.0,2.0,18
vegan (1),z,0,6,train,1.0,8.0,4.0,18
vegan (4),m,0,6,train,1.0,8.0,7.0,18
vegan (5),z,0,6,train,1.0,15.0,4.0,18
vegan (2),m,1,6,train,0.0,18.0,4.0,18
vegan (6),m,0,6,train,1.0,14.0,2.0,18
vegan (3),z,1,6,train,0.0,8.0,6.0,18
vegan (1),z,0,6,train,1.0,14.0,4.0,18
vegan (4),m,0,6,train,1.0,14.0,7.0,18
vegan (5),m,1,6,train,0.0,21.0,4.0,18
vegan (3),z,1,6,train,0.0,4.0,7.0,18
vegan (5),z,0,6,train,1.0,2.0,5.0,18
vegan (2),m,1,6,train,0.0,8.0,5.0,18
vegan (6),m,0,6,train,1.0,22.0,2.0,18
vegan (1),m,1,6,train,0.0,21.0,4.0,18
vegan (4),m,0,6,train,1.0,21.0,7.0,18
vegan (5),z,0,6,train,1.0,7.0,5.0,18
vegan (2),m,1,6,train,0.0,5.0,6.0,18
vegan (1),m,1,6,train,0.0,4.0,5.0,18
vegan (4),m,0,6,train,1.0,25.0,7.0,18
vegan (3),z,1,6,train,0.0,10.0,8.0,18
vegan (6),z,1,6,train,0.0,30.0,2.0,18
vegan (5),z,0,6,train,1.0,13.0,5.0,18
vegan (1),m,1,6,train,0.0,5.0,6.0,18
vegan (2),z,0,6,train,1.0,7.0,7.0,18
vegan (4),m,0,6,train,1.0,31.0,7.0,18
vegan (3),z,1,6,train,0.0,6.0,9.0,18
vegan (6),m,0,6,train,1.0,6.0,3.0,18
animal (1),m,0,3,train,0.0,0.0,0.0,18
animal (2),m,0,3,train,0.0,0.0,0.0,18
animal (3),z,0,3,train,0.0,0.0,0.0,18
animal (1),z,1,3,train,0.0,0.0,0.0,18
animal (3),m,1,3,train,0.0,0.0,0.0,18
animal (2),z,1,3,train,0.0,0.0,0.0,18
animal (2),z,1,3,train,0.0,1.0,1.0,18
animal (3),m,1,3,train,0.0,3.0,1.0,18
animal (1),z,1,3,train,0.0,5.0,1.0,18
animal (1),z,1,3,train,0.0,1.0,2.0,18
animal (2),z,1,3,train,0.0,4.0,2.0,18
animal (3),m,1,3,train,0.0,4.0,2.0,18
animal (1),z,1,3,train,0.0,3.0,3.0,18
animal (3),m,1,3,train,0.0,2.0,3.0,18
animal (2),z,1,3,train,0.0,4.0,3.0,18
animal (2),z,1,3,train,0.0,1.0,4.0,18
animal (3),m,1,3,train,0.0,3.0,4.0,18
animal (1),z,1,3,train,0.0,5.0,4.0,18
animal (3),z,0,3,train,1.0,2.0,5.0,18
animal (2),z,1,3,train,0.0,4.0,5.0,18
animal (1),z,1,3,train,0.0,3.0,5.0,18
animal (1),z,1,3,train,0.0,1.0,6.0,18
animal (3),m,1,3,train,0.0,6.0,5.0,18
animal (2),z,1,3,train,0.0,4.0,6.0,18
animal (2),z,1,3,train,0.0,1.0,7.0,18
animal (3),m,1,3,train,0.0,3.0,6.0,18
animal (1),z,1,3,train,0.0,5.0,7.0,18
animal (3),m,1,3,train,0.0,2.0,7.0,18
animal (1),z,1,3,train,0.0,2.0,8.0,18
animal (2),z,1,3,train,0.0,5.0,8.0,18
animal (2),m,0,3,train,1.0,1.0,9.0,18
animal (3),m,1,3,train,0.0,4.0,8.0,18
animal (2),z,1,3,train,0.0,3.0,9.0,18
animal (1),z,1,3,train,0.0,5.0,9.0,18
animal (3),m,1,3,train,0.0,3.0,9.0,18
animal (1),z,1,3,train,0.0,2.0,10.0,18
fruits (6),m,0,6,train,0.0,0.0,0.0,18
fruits (1),m,1,6,train,0.0,0.0,0.0,18
fruits (5),z,0,6,train,0.0,0.0,0.0,18
fruits (4),m,0,6,train,0.0,0.0,0.0,18
fruits (2),m,1,6,train,0.0,0.0,0.0,18
fruits (3),z,1,6,train,0.0,0.0,0.0,18
fruits (3),z,1,6,train,0.0,1.0,1.0,18
fruits (6),m,0,6,train,1.0,0.0,0.0,18
fruits (4),m,0,6,train,1.0,0.0,0.0,18
fruits (5),z,0,6,train,1.0,0.0,0.0,18
fruits (1),m,1,6,train,0.0,9.0,1.0,18
fruits (2),m,1,6,train,0.0,7.0,1.0,18
fruits (1),m,1,6,train,0.0,2.0,2.0,18
fruits (3),m,0,6,train,0.0,7.0,2.0,18
fruits (2),m,1,6,train,0.0,3.0,2.0,18
fruits (6),m,0,6,train,1.0,0.0,0.0,18
fruits (5),m,1,6,train,0.0,0.0,0.0,18
fruits (4),z,1,6,train,0.0,0.0,0.0,18
fruits (5),z,0,6,train,1.0,2.0,1.0,18
fruits (2),m,1,6,train,0.0,5.0,3.0,18
fruits (6),m,0,6,train,1.0,0.0,0.0,18
fruits (1),m,1,6,train,0.0,9.0,3.0,18
fruits (4),z,1,6,train,0.0,5.0,1.0,18
fruits (3),z,1,6,train,0.0,17.0,2.0,18
fruits (6),m,0,6,train,1.0,0.0,0.0,18
fruits (5),m,1,6,train,0.0,9.0,1.0,18
fruits (2),m,1,6,train,0.0,7.0,4.0,18
fruits (3),z,1,6,train,0.0,4.0,3.0,18
fruits (4),z,1,6,train,0.0,6.0,2.0,18
fruits (1),m,1,6,train,0.0,8.0,4.0,18
fruits (6),z,1,6,train,0.0,0.0,0.0,18
fruits (3),z,1,6,train,0.0,4.0,4.0,18
fruits (4),z,1,6,train,0.0,4.0,3.0,18
fruits (1),m,1,6,train,0.0,4.0,5.0,18
fruits (2),m,1,6,train,0.0,8.0,5.0,18
fruits (5),m,1,6,train,0.0,10.0,2.0,18
fruits (2),m,1,6,train,0.0,2.0,6.0,18
fruits (3),z,1,6,train,0.0,6.0,5.0,18
fruits (5),m,1,6,train,0.0,3.0,3.0,18
fruits (4),z,1,6,train,0.0,7.0,4.0,18
fruits (1),m,1,6,train,0.0,7.0,6.0,18
fruits (6),m,0,6,train,1.0,11.0,1.0,18
fruits (2),m,1,6,train,0.0,6.0,7.0,18
fruits (1),m,1,6,train,0.0,3.0,7.0,18
fruits (4),z,1,6,train,0.0,5.0,5.0,18
fruits (3),z,1,6,train,0.0,8.0,6.0,18
fruits (5),m,1,6,train,0.0,8.0,4.0,18
fruits (6),z,1,6,train,0.0,17.0,1.0,18
fruits (3),z,1,6,train,0.0,3.0,7.0,18
fruits (2),m,1,6,train,0.0,7.0,8.0,18
fruits (6),z,1,6,train,0.0,3.0,2.0,18
fruits (1),m,1,6,train,0.0,8.0,8.0,18
fruits (4),z,1,6,train,0.0,8.0,6.0,18
fruits (5),m,1,6,train,0.0,7.0,5.0,18
fruits (2),m,1,6,train,0.0,5.0,9.0,18
fruits (6),z,1,6,train,0.0,5.0,3.0,18
fruits (3),z,1,6,train,0.0,8.0,8.0,18
fruits (1),m,1,6,train,0.0,6.0,9.0,18
fruits (4),z,1,6,train,0.0,6.0,7.0,18
fruits (5),m,1,6,train,0.0,6.0,6.0,18
fruits (3),z,1,6,train,0.0,4.0,9.0,18
fruits (5),m,1,6,train,0.0,2.0,7.0,18
fruits (2),m,1,6,train,0.0,8.0,10.0,18
fruits (6),z,1,6,train,0.0,8.0,4.0,18
fruits (1),m,1,6,train,0.0,7.0,10.0,18
fruits (4),z,1,6,train,0.0,7.0,8.0,18
fruits (5),m,1,6,train,0.0,5.0,8.0,18
fruits (2),m,1,6,train,0.0,5.0,11.0,18
fruits (1),z,0,6,train,0.0,4.0,11.0,18
fruits (4),z,1,6,train,0.0,4.0,9.0,18
fruits (3),z,1,6,train,0.0,10.0,10.0,18
fruits (6),z,1,6,train,0.0,8.0,5.0,18
fruits (5),m,1,6,train,0.0,6.0,9.0,18
fruits (1),m,1,6,train,0.0,9.0,11.0,18
fruits (2),m,1,6,train,0.0,7.0,12.0,18
fruits (4),z,1,6,train,0.0,6.0,10.0,18
fruits (3),z,1,6,train,0.0,6.0,11.0,18
fruits (6),z,1,6,train,0.0,6.0,6.0,18
tools (1),m,0,3,train,0.0,0.0,0.0,18
tools (2),m,0,3,train,0.0,0.0,0.0,18
tools (3),m,1,3,train,0.0,0.0,0.0,18
tools (1),z,1,3,train,0.0,0.0,0.0,18
tools (3),z,0,3,train,0.0,2.0,1.0,18
tools (2),z,1,3,train,0.0,0.0,0.0,18
tools (2),z,1,3,train,0.0,1.0,1.0,18
tools (3),m,1,3,train,0.0,5.0,1.0,18
tools (1),z,1,3,train,0.0,5.0,1.0,18
tools (1),z,1,3,train,0.0,1.0,2.0,18
tools (2),z,1,3,train,0.0,4.0,2.0,18
tools (3),m,1,3,train,0.0,4.0,2.0,18
tools (1),z,1,3,train,0.0,3.0,3.0,18
tools (3),m,1,3,train,0.0,2.0,3.0,18
tools (2),z,1,3,train,0.0,4.0,3.0,18
tools (2),z,1,3,train,0.0,1.0,4.0,18
tools (3),m,1,3,train,0.0,3.0,4.0,18
tools (1),z,1,3,train,0.0,5.0,4.0,18
tools (3),m,1,3,train,0.0,2.0,5.0,18
tools (2),z,1,3,train,0.0,4.0,5.0,18
tools (1),z,1,3,train,0.0,3.0,5.0,18
tools (1),z,1,3,train,0.0,1.0,6.0,18
tools (3),m,1,3,train,0.0,4.0,6.0,18
tools (2),z,1,3,train,0.0,4.0,6.0,18
tools (2),z,1,3,train,0.0,1.0,7.0,18
tools (3),m,1,3,train,0.0,3.0,7.0,18
tools (1),z,1,3,train,0.0,5.0,7.0,18
tools (3),m,1,3,train,0.0,2.0,8.0,18
tools (1),z,1,3,train,0.0,2.0,8.0,18
tools (2),z,1,3,train,0.0,5.0,8.0,18
tools (2),z,1,3,train,0.0,1.0,9.0,18
tools (3),m,1,3,train,0.0,4.0,9.0,18
tools (2),z,1,3,train,0.0,2.0,10.0,18
tools (1),z,1,3,train,0.0,5.0,9.0,18
tools (3),m,1,3,train,0.0,3.0,10.0,18
tools (1),z,1,3,train,0.0,2.0,10.0,18
clothes (6),m,0,6,train,0.0,0.0,0.0,18
clothes (1),m,1,6,train,0.0,0.0,0.0,18
clothes (5),m,1,6,train,0.0,0.0,0.0,18
clothes (4),z,1,6,train,0.0,0.0,0.0,18
clothes (2),z,0,6,train,0.0,0.0,0.0,18
clothes (3),z,1,6,train,0.0,0.0,0.0,18
clothes (3),z,1,6,train,0.0,1.0,1.0,18
clothes (6),z,1,6,train,0.0,0.0,0.0,18
clothes (4),z,1,6,train,0.0,5.0,1.0,18
clothes (5),m,1,6,train,0.0,7.0,1.0,18
clothes (1),z,0,6,train,0.0,9.0,1.0,18
clothes (2),z,0,6,train,1.0,0.0,0.0,18
clothes (1),z,0,6,train,1.0,11.0,1.0,18
clothes (3),z,1,6,train,0.0,7.0,2.0,18
clothes (2),z,0,6,train,1.0,0.0,0.0,18
clothes (6),z,1,6,train,0.0,8.0,1.0,18
clothes (5),m,1,6,train,0.0,7.0,2.0,18
clothes (4),z,1,6,train,0.0,9.0,2.0,18
clothes (5),m,1,6,train,0.0,2.0,3.0,18
clothes (2),m,1,6,train,0.0,0.0,0.0,18
clothes (6),z,1,6,train,0.0,5.0,2.0,18
clothes (1),m,1,6,train,0.0,20.0,1.0,18
clothes (4),z,1,6,train,0.0,5.0,3.0,18
clothes (3),z,1,6,train,0.0,10.0,3.0,18
clothes (6),z,1,6,train,0.0,4.0,3.0,18
clothes (5),m,1,6,train,0.0,7.0,4.0,18
clothes (2),z,0,6,train,1.0,7.0,1.0,18
clothes (3),z,1,6,train,0.0,4.0,4.0,18
clothes (4),z,1,6,train,0.0,6.0,4.0,18
clothes (1),m,1,6,train,0.0,8.0,2.0,18
clothes (6),z,1,6,train,0.0,6.0,4.0,18
clothes (3),z,1,6,train,0.0,4.0,5.0,18
clothes (4),z,1,6,train,0.0,4.0,5.0,18
clothes (1),m,1,6,train,0.0,4.0,3.0,18
clothes (2),z,0,6,train,1.0,15.0,1.0,18
clothes (5),m,1,6,train,0.0,10.0,5.0,18
clothes (2),z,0,6,train,1.0,17.0,1.0,18
clothes (3),z,1,6,train,0.0,6.0,6.0,18
clothes (5),m,1,6,train,0.0,3.0,6.0,18
clothes (4),z,1,6,train,0.0,7.0,6.0,18
clothes (1),m,1,6,train,0.0,7.0,4.0,18
clothes (6),z,1,6,train,0.0,11.0,5.0,18
clothes (2),m,1,6,train,0.0,23.0,1.0,18
clothes (1),z,0,6,train,1.0,3.0,5.0,18
clothes (4),z,1,6,train,0.0,5.0,7.0,18
clothes (3),z,1,6,train,0.0,8.0,7.0,18
clothes (5),m,1,6,train,0.0,8.0,7.0,18
clothes (6),z,1,6,train,0.0,6.0,6.0,18
clothes (3),z,1,6,train,0.0,3.0,8.0,18
clothes (2),m,1,6,train,0.0,7.0,2.0,18
clothes (6),z,1,6,train,0.0,3.0,7.0,18
clothes (1),m,1,6,train,0.0,11.0,5.0,18
clothes (4),z,1,6,train,0.0,8.0,8.0,18
clothes (5),m,1,6,train,0.0,7.0,8.0,18
clothes (2),m,1,6,train,0.0,5.0,3.0,18
clothes (6),z,1,6,train,0.0,5.0,8.0,18
clothes (3),z,1,6,train,0.0,8.0,9.0,18
clothes (1),m,1,6,train,0.0,6.0,6.0,18
clothes (4),z,1,6,train,0.0,6.0,9.0,18
clothes (5),m,1,6,train,0.0,6.0,9.0,18
clothes (3),z,1,6,train,0.0,4.0,10.0,18
clothes (5),m,1,6,train,0.0,2.0,10.0,18
clothes (2),m,1,6,train,0.0,8.0,4.0,18
clothes (6),z,1,6,train,0.0,8.0,9.0,18
clothes (1),m,1,6,train,0.0,7.0,7.0,18
clothes (4),z,1,6,train,0.0,7.0,10.0,18
clothes (5),m,1,6,train,0.0,5.0,11.0,18
clothes (2),m,1,6,train,0.0,5.0,5.0,18
clothes (1),m,1,6,train,0.0,4.0,8.0,18
clothes (4),z,1,6,train,0.0,4.0,11.0,18
clothes (3),z,1,6,train,0.0,10.0,11.0,18
clothes (6),z,1,6,train,0.0,8.0,10.0,18
clothes (5),m,1,6,train,0.0,6.0,12.0,18
clothes (1),m,1,6,train,0.0,5.0,9.0,18
clothes (2),m,1,6,train,0.0,7.0,6.0,18
clothes (4),z,1,6,train,0.0,6.0,12.0,18
clothes (3),z,1,6,train,0.0,6.0,12.0,18
clothes (6),z,1,6,train,0.0,6.0,11.0,18
face (1),m,0,3,train,0.0,0.0,0.0,18
face (2),m,0,3,train,0.0,0.0,0.0,18
face (3),z,0,3,train,0.0,0.0,0.0,18
face (1),z,1,3,train,0.0,0.0,0.0,18
face (3),m,1,3,train,0.0,0.0,0.0,18
face (2),z,1,3,train,0.0,0.0,0.0,18
face (2),z,1,3,train,0.0,1.0,1.0,18
face (3),m,1,3,train,0.0,3.0,1.0,18
face (1),z,1,3,train,0.0,5.0,1.0,18
face (1),z,1,3,train,0.0,1.0,2.0,18
face (2),z,1,3,train,0.0,4.0,2.0,18
face (3),m,1,3,train,0.0,4.0,2.0,18
face (1),z,1,3,train,0.0,3.0,3.0,18
face (3),z,0,3,train,1.0,2.0,3.0,18
face (2),z,1,3,train,0.0,4.0,3.0,18
face (2),z,1,3,train,0.0,1.0,4.0,18
face (3),z,0,3,train,1.0,5.0,3.0,18
face (1),z,1,3,train,0.0,5.0,4.0,18
face (3),m,1,3,train,0.0,7.0,3.0,18
face (2),z,1,3,train,0.0,4.0,5.0,18
face (1),z,1,3,train,0.0,3.0,5.0,18
face (1),z,1,3,train,0.0,1.0,6.0,18
face (3),m,1,3,train,0.0,4.0,4.0,18
face (2),z,1,3,train,0.0,4.0,6.0,18
face (2),z,1,3,train,0.0,1.0,7.0,18
face (3),m,1,3,train,0.0,3.0,5.0,18
face (1),z,1,3,train,0.0,5.0,7.0,18
face (3),m,1,3,train,0.0,2.0,6.0,18
face (1),z,1,3,train,0.0,2.0,8.0,18
face (2),z,1,3,train,0.0,5.0,8.0,18
face (2),z,1,3,train,0.0,1.0,9.0,18
face (3),m,1,3,train,0.0,4.0,7.0,18
face (2),z,1,3,train,0.0,2.0,10.0,18
face (1),z,1,3,train,0.0,5.0,9.0,18
face (3),m,1,3,train,0.0,3.0,8.0,18
face (1),z,1,3,train,0.0,2.0,10.0,18
color (6),m,0,6,train,0.0,0.0,0.0,18
color (1),m,1,6,train,0.0,0.0,0.0,18
color (5),m,1,6,train,0.0,0.0,0.0,18
color (4),m,0,6,train,0.0,0.0,0.0,18
color (2),m,1,6,train,0.0,0.0,0.0,18
color (3),z,1,6,train,0.0,0.0,0.0,18
color (3),z,1,6,train,0.0,1.0,1.0,18
color (6),z,1,6,train,0.0,0.0,0.0,18
color (4),z,1,6,train,0.0,0.0,0.0,18
color (5),m,1,6,train,0.0,7.0,1.0,18
color (1),m,1,6,train,0.0,9.0,1.0,18
color (2),m,1,6,train,0.0,7.0,1.0,18
color (1),m,1,6,train,0.0,2.0,2.0,18
color (3),z,1,6,train,0.0,7.0,2.0,18
color (2),z,0,6,train,0.0,3.0,2.0,18
color (6),z,1,6,train,0.0,8.0,1.0,18
color (5),m,1,6,train,0.0,7.0,2.0,18
color (4),z,1,6,train,0.0,9.0,1.0,18
color (5),m,1,6,train,0.0,2.0,3.0,18
color (2),m,1,6,train,0.0,8.0,2.0,18
color (6),z,1,6,train,0.0,5.0,2.0,18
color (1),m,1,6,train,0.0,9.0,3.0,18
color (4),z,1,6,train,0.0,5.0,2.0,18
color (3),z,1,6,train,0.0,10.0,3.0,18
color (6),z,1,6,train,0.0,4.0,3.0,18
color (5),m,1,6,train,0.0,7.0,4.0,18
color (2),m,1,6,train,0.0,7.0,3.0,18
color (3),z,1,6,train,0.0,4.0,4.0,18
color (4),z,1,6,train,0.0,6.0,3.0,18
color (1),m,1,6,train,0.0,8.0,4.0,18
color (6),z,1,6,train,0.0,6.0,4.0,18
color (3),z,1,6,train,0.0,4.0,5.0,18
color (4),z,1,6,train,0.0,4.0,4.0,18
color (1),m,1,6,train,0.0,4.0,5.0,18
color (2),m,1,6,train,0.0,8.0,4.0,18
color (5),m,1,6,train,0.0,10.0,5.0,18
color (2),z,0,6,train,1.0,2.0,5.0,18
color (3),z,1,6,train,0.0,6.0,6.0,18
color (5),m,1,6,train,0.0,3.0,6.0,18
color (4),z,1,6,train,0.0,7.0,5.0,18
color (1),m,1,6,train,0.0,7.0,6.0,18
color (6),z,1,6,train,0.0,11.0,5.0,18
color (2),m,1,6,train,0.0,8.0,5.0,18
color (1),m,1,6,train,0.0,3.0,7.0,18
color (4),z,1,6,train,0.0,5.0,6.0,18
color (3),z,1,6,train,0.0,8.0,7.0,18
color (5),m,1,6,train,0.0,8.0,7.0,18
color (6),z,1,6,train,0.0,6.0,6.0,18
color (3),z,1,6,train,0.0,3.0,8.0,18
color (2),m,1,6,train,0.0,7.0,6.0,18
color (6),z,1,6,train,0.0,3.0,7.0,18
color (1),m,1,6,train,0.0,8.0,8.0,18
color (4),z,1,6,train,0.0,8.0,7.0,18
color (5),m,1,6,train,0.0,7.0,8.0,18
color (2),m,1,6,train,0.0,5.0,7.0,18
color (6),z,1,6,train,0.0,5.0,8.0,18
color (3),z,1,6,train,0.0,8.0,9.0,18
color (1),m,1,6,train,0.0,6.0,9.0,18
color (4),z,1,6,train,0.0,6.0,8.0,18
color (5),m,1,6,train,0.0,6.0,9.0,18
color (3),z,1,6,train,0.0,4.0,10.0,18
color (5),m,1,6,train,0.0,2.0,10.0,18
color (2),m,1,6,train,0.0,8.0,8.0,18
color (6),z,1,6,train,0.0,8.0,9.0,18
color (1),m,1,6,train,0.0,7.0,10.0,18
color (4),z,1,6,train,0.0,7.0,9.0,18
color (5),m,1,6,train,0.0,5.0,11.0,18
color (2),m,1,6,train,0.0,5.0,9.0,18
color (1),m,1,6,train,0.0,4.0,11.0,18
color (4),z,1,6,train,0.0,4.0,10.0,18
color (3),z,1,6,train,0.0,10.0,11.0,18
color (6),z,1,6,train,0.0,8.0,10.0,18
color (5),m,1,6,train,0.0,6.0,12.0,18
color (1),m,1,6,train,0.0,5.0,12.0,18
color (2),m,1,6,train,0.0,7.0,10.0,18
color (4),z,1,6,train,0.0,6.0,11.0,18
color (3),z,1,6,train,0.0,6.0,12.0,18
color (6),z,1,6,train,0.0,6.0,11.0,18
symbol (1),m,1,3,train,0.0,0.0,0.0,18
symbol (2),m,1,3,train,0.0,0.0,0.0,18
symbol (3),z,1,3,train,0.0,0.0,0.0,18
symbol (1),m,1,3,train,0.0,3.0,1.0,18
symbol (3),z,1,3,train,0.0,2.0,1.0,18
symbol (2),m,1,3,train,0.0,4.0,1.0,18
symbol (2),m,1,3,train,0.0,1.0,2.0,18
symbol (3),z,1,3,train,0.0,3.0,2.0,18
symbol (1),m,1,3,train,0.0,5.0,2.0,18
symbol (1),z,0,3,train,0.0,1.0,3.0,18
symbol (2),m,1,3,train,0.0,4.0,3.0,18
symbol (3),z,1,3,train,0.0,4.0,3.0,18
symbol (1),m,1,3,train,0.0,4.0,3.0,18
symbol (3),z,1,3,train,0.0,2.0,4.0,18
symbol (2),m,1,3,train,0.0,4.0,4.0,18
symbol (2),m,1,3,train,0.0,1.0,5.0,18
symbol (3),z,1,3,train,0.0,3.0,5.0,18
symbol (1),m,1,3,train,0.0,5.0,4.0,18
symbol (3),z,1,3,train,0.0,2.0,6.0,18
symbol (2),m,1,3,train,0.0,4.0,6.0,18
symbol (1),m,1,3,train,0.0,3.0,5.0,18
symbol (1),m,1,3,train,0.0,1.0,6.0,18
symbol (3),z,1,3,train,0.0,4.0,7.0,18
symbol (2),m,1,3,train,0.0,4.0,7.0,18
symbol (2),m,1,3,train,0.0,1.0,8.0,18
symbol (3),z,1,3,train,0.0,3.0,8.0,18
symbol (1),m,1,3,train,0.0,5.0,7.0,18
symbol (3),z,1,3,train,0.0,2.0,9.0,18
symbol (1),m,1,3,train,0.0,2.0,8.0,18
symbol (2),z,0,3,train,0.0,5.0,9.0,18
symbol (2),m,1,3,train,0.0,6.0,9.0,18
symbol (3),z,1,3,train,0.0,4.0,10.0,18
symbol (2),m,1,3,train,0.0,2.0,10.0,18
symbol (1),z,0,3,train,1.0,5.0,9.0,18
symbol (3),z,1,3,train,0.0,3.0,11.0,18
symbol (1),m,1,3,train,0.0,7.0,9.0,18
environment (6),m,0,6,train,0.0,0.0,0.0,18
environment (1),m,1,6,train,0.0,0.0,0.0,18
environment (5),z,0,6,train,0.0,0.0,0.0,18
environment (4),m,0,6,train,0.0,0.0,0.0,18
environment (2),m,1,6,train,0.0,0.0,0.0,18
environment (3),z,1,6,train,0.0,0.0,0.0,18
environment (3),z,1,6,train,0.0,1.0,1.0,18
environment (6),z,1,6,train,0.0,0.0,0.0,18
environment (4),z,1,6,train,0.0,0.0,0.0,18
environment (5),m,1,6,train,0.0,0.0,0.0,18
environment (1),m,1,6,train,0.0,9.0,1.0,18
environment (2),m,1,6,train,0.0,7.0,1.0,18
environment (1),m,1,6,train,0.0,2.0,2.0,18
environment (3),z,1,6,train,0.0,7.0,2.0,18
environment (2),m,1,6,train,0.0,3.0,2.0,18
environment (6),z,1,6,train,0.0,8.0,1.0,18
environment (5),m,1,6,train,0.0,7.0,1.0,18
environment (4),z,1,6,train,0.0,9.0,1.0,18
environment (5),m,1,6,train,0.0,2.0,2.0,18
environment (2),m,1,6,train,0.0,5.0,3.0,18
environment (6),z,1,6,train,0.0,5.0,2.0,18
environment (1),m,1,6,train,0.0,9.0,3.0,18
environment (4),z,1,6,train,0.0,5.0,2.0,18
environment (3),z,1,6,train,0.0,10.0,3.0,18
environment (6),z,1,6,train,0.0,4.0,3.0,18
environment (5),m,1,6,train,0.0,7.0,3.0,18
environment (2),m,1,6,train,0.0,7.0,4.0,18
environment (3),z,1,6,train,0.0,4.0,4.0,18
environment (4),z,1,6,train,0.0,6.0,3.0,18
environment (1),m,1,6,train,0.0,8.0,4.0,18
environment (6),z,1,6,train,0.0,6.0,4.0,18
environment (3),z,1,6,train,0.0,4.0,5.0,18
environment (4),z,1,6,train,0.0,4.0,4.0,18
environment (1),m,1,6,train,0.0,4.0,5.0,18
environment (2),m,1,6,train,0.0,8.0,5.0,18
environment (5),m,1,6,train,0.0,10.0,4.0,18
environment (2),m,1,6,train,0.0,2.0,6.0,18
environment (3),z,1,6,train,0.0,6.0,6.0,18
environment (5),m,1,6,train,0.0,3.0,5.0,18
environment (4),z,1,6,train,0.0,7.0,5.0,18
environment (1),m,1,6,train,0.0,7.0,6.0,18
environment (6),z,1,6,train,0.0,11.0,5.0,18
environment (2),m,1,6,train,0.0,6.0,7.0,18
environment (1),m,1,6,train,0.0,3.0,7.0,18
environment (4),z,1,6,train,0.0,5.0,6.0,18
environment (3),z,1,6,train,0.0,8.0,7.0,18
environment (5),m,1,6,train,0.0,8.0,6.0,18
environment (6),z,1,6,train,0.0,6.0,6.0,18
environment (3),m,0,6,train,0.0,3.0,8.0,18
environment (2),m,1,6,train,0.0,7.0,8.0,18
environment (6),z,1,6,train,0.0,3.0,7.0,18
environment (1),m,1,6,train,0.0,8.0,8.0,18
environment (4),z,1,6,train,0.0,8.0,7.0,18
environment (5),m,1,6,train,0.0,7.0,7.0,18
environment (2),m,1,6,train,0.0,5.0,9.0,18
environment (6),z,1,6,train,0.0,5.0,8.0,18
environment (3),z,1,6,train,0.0,11.0,8.0,18
environment (1),m,1,6,train,0.0,6.0,9.0,18
environment (4),z,1,6,train,0.0,6.0,8.0,18
environment (5),m,1,6,train,0.0,6.0,8.0,18
environment (3),z,1,6,train,0.0,4.0,9.0,18
environment (5),m,1,6,train,0.0,2.0,9.0,18
environment (2),m,1,6,train,0.0,8.0,10.0,18
environment (6),z,1,6,train,0.0,8.0,9.0,18
environment (1),m,1,6,train,0.0,7.0,10.0,18
environment (4),z,1,6,train,0.0,7.0,9.0,18
environment (5),m,1,6,train,0.0,5.0,10.0,18
environment (2),m,1,6,train,0.0,5.0,11.0,18
environment (1),z,0,6,train,0.0,4.0,11.0,18
environment (4),z,1,6,train,0.0,4.0,10.0,18
environment (3),z,1,6,train,0.0,10.0,10.0,18
environment (6),z,1,6,train,0.0,8.0,10.0,18
environment (5),m,1,6,train,0.0,6.0,11.0,18
environment (1),m,1,6,train,0.0,9.0,11.0,18
environment (2),m,1,6,train,0.0,7.0,12.0,18
environment (4),z,1,6,train,0.0,6.0,11.0,18
environment (3),z,1,6,train,0.0,6.0,11.0,18
environment (6),z,1,6,train,0.0,6.0,11.0,18
vehicle (1),z,0,3,train,0.0,0.0,0.0,18
vehicle (2),z,0,3,train,0.0,0.0,0.0,18
vehicle (3),z,1,3,train,0.0,0.0,0.0,18
vehicle (1),m,1,3,train,0.0,0.0,0.0,18
vehicle (3),z,1,3,train,0.0,2.0,1.0,18
vehicle (2),z,0,3,train,1.0,0.0,0.0,18
vehicle (2),m,1,3,train,0.0,0.0,0.0,18
vehicle (3),z,1,3,train,0.0,3.0,2.0,18
vehicle (1),m,1,3,train,0.0,5.0,1.0,18
vehicle (1),m,1,3,train,0.0,1.0,2.0,18
vehicle (2),m,1,3,train,0.0,4.0,1.0,18
vehicle (3),z,1,3,train,0.0,4.0,3.0,18
vehicle (1),m,1,3,train,0.0,3.0,3.0,18
vehicle (3),z,1,3,train,0.0,2.0,4.0,18
vehicle (2),m,1,3,train,0.0,4.0,2.0,18
vehicle (2),m,1,3,train,0.0,1.0,3.0,18
vehicle (3),z,1,3,train,0.0,3.0,5.0,18
vehicle (1),m,1,3,train,0.0,5.0,4.0,18
vehicle (3),z,1,3,train,0.0,2.0,6.0,18
vehicle (2),m,1,3,train,0.0,4.0,4.0,18
vehicle (1),m,1,3,train,0.0,3.0,5.0,18
vehicle (1),m,1,3,train,0.0,1.0,6.0,18
vehicle (3),z,1,3,train,0.0,4.0,7.0,18
vehicle (2),m,1,3,train,0.0,4.0,5.0,18
vehicle (2),m,1,3,train,0.0,1.0,6.0,18
vehicle (3),z,1,3,train,0.0,3.0,8.0,18
vehicle (1),m,1,3,train,0.0,5.0,7.0,18
vehicle (3),z,1,3,train,0.0,2.0,9.0,18
vehicle (1),m,1,3,train,0.0,2.0,8.0,18
vehicle (2),m,1,3,train,0.0,5.0,7.0,18
vehicle (2),m,1,3,train,0.0,1.0,8.0,18
vehicle (3),z,1,3,train,0.0,4.0,10.0,18
vehicle (2),m,1,3,train,0.0,2.0,9.0,18
vehicle (1),m,1,3,train,0.0,5.0,9.0,18
vehicle (3),z,1,3,train,0.0,3.0,11.0,18
vehicle (1),m,1,3,train,0.0,2.0,10.0,18
instrument (1),m,1,3,train,0.0,0.0,0.0,18
instrument (2),m,1,3,train,0.0,0.0,0.0,18
instrument (3),z,1,3,train,0.0,0.0,0.0,18
instrument (1),m,1,3,train,0.0,3.0,1.0,18
instrument (3),z,1,3,train,0.0,2.0,1.0,18
instrument (2),m,1,3,train,0.0,4.0,1.0,18
instrument (2),m,1,3,train,0.0,1.0,2.0,18
instrument (3),z,1,3,train,0.0,3.0,2.0,18
instrument (1),m,1,3,train,0.0,5.0,2.0,18
instrument (1),m,1,3,train,0.0,1.0,3.0,18
instrument (2),m,1,3,train,0.0,4.0,3.0,18
instrument (3),z,1,3,train,0.0,4.0,3.0,18
instrument (1),m,1,3,train,0.0,3.0,4.0,18
instrument (3),z,1,3,train,0.0,2.0,4.0,18
instrument (2),m,1,3,train,0.0,4.0,4.0,18
instrument (2),m,1,3,train,0.0,1.0,5.0,18
instrument (3),z,1,3,train,0.0,3.0,5.0,18
instrument (1),m,1,3,train,0.0,5.0,5.0,18
instrument (3),z,1,3,train,0.0,2.0,6.0,18
instrument (2),m,1,3,train,0.0,4.0,6.0,18
instrument (1),m,1,3,train,0.0,3.0,6.0,18
instrument (1),m,1,3,train,0.0,1.0,7.0,18
instrument (3),z,1,3,train,0.0,4.0,7.0,18
instrument (2),m,1,3,train,0.0,4.0,7.0,18
instrument (2),m,1,3,train,0.0,1.0,8.0,18
instrument (3),z,1,3,train,0.0,3.0,8.0,18
instrument (1),m,1,3,train,0.0,5.0,8.0,18
instrument (3),z,1,3,train,0.0,2.0,9.0,18
instrument (1),m,1,3,train,0.0,2.0,9.0,18
instrument (2),m,1,3,train,0.0,5.0,9.0,18
instrument (2),m,1,3,train,0.0,1.0,10.0,18
instrument (3),z,1,3,train,0.0,4.0,10.0,18
instrument (2),m,1,3,train,0.0,2.0,11.0,18
instrument (1),m,1,3,train,0.0,5.0,10.0,18
instrument (3),z,1,3,train,0.0,3.0,11.0,18
instrument (1),m,1,3,train,0.0,2.0,11.0,18
jungle2,z,1,3,train,0.0,0.0,0.0,19
jungle1,m,0,3,train,0.0,0.0,0.0,19
jungle3,m,1,3,train,0.0,0.0,0.0,19
jungle1,z,1,3,train,0.0,0.0,0.0,19
jungle3,m,1,3,train,0.0,2.0,1.0,19
jungle2,z,1,3,train,0.0,5.0,1.0,19
jungle3,m,1,3,train,0.0,2.0,2.0,19
jungle2,z,1,3,train,0.0,2.0,2.0,19
jungle1,z,1,3,train,0.0,5.0,1.0,19
jungle1,z,1,3,train,0.0,1.0,2.0,19
jungle2,z,1,3,train,0.0,3.0,3.0,19
jungle3,m,1,3,train,0.0,5.0,3.0,19
jungle3,z,0,3,train,0.0,1.0,4.0,19
jungle1,z,1,3,train,0.0,4.0,3.0,19
jungle2,z,1,3,train,0.0,4.0,4.0,19
jungle3,m,1,3,train,0.0,4.0,4.0,19
jungle1,z,1,3,train,0.0,3.0,4.0,19
jungle2,z,1,3,train,0.0,3.0,5.0,19
jungle1,z,1,3,train,0.0,2.0,5.0,19
jungle3,m,1,3,train,0.0,4.0,5.0,19
jungle2,z,1,3,train,0.0,3.0,6.0,19
jungle3,z,0,3,train,1.0,2.0,6.0,19
jungle2,z,1,3,train,0.0,2.0,7.0,19
jungle1,z,1,3,train,0.0,5.0,6.0,19
jungle2,z,1,3,train,0.0,2.0,8.0,19
jungle3,m,1,3,train,0.0,6.0,6.0,19
jungle1,z,1,3,train,0.0,3.0,7.0,19
jungle1,z,1,3,train,0.0,1.0,8.0,19
jungle2,z,1,3,train,0.0,4.0,9.0,19
jungle3,m,1,3,train,0.0,4.0,7.0,19
jungle2,z,1,3,train,0.0,2.0,10.0,19
jungle3,z,0,3,train,1.0,2.0,8.0,19
jungle1,z,1,3,train,0.0,5.0,9.0,19
jungle2,z,1,3,train,0.0,3.0,11.0,19
jungle1,z,1,3,train,0.0,2.0,10.0,19
jungle3,m,1,3,train,0.0,6.0,8.0,19
vegan (6),z,1,6,train,0.0,0.0,0.0,19
vegan (1),m,1,6,train,0.0,0.0,0.0,19
vegan (5),m,1,6,train,0.0,0.0,0.0,19
vegan (4),z,1,6,train,0.0,0.0,0.0,19
vegan (2),m,1,6,train,0.0,0.0,0.0,19
vegan (3),z,1,6,train,0.0,0.0,0.0,19
vegan (3),z,1,6,train,0.0,1.0,1.0,19
vegan (6),z,1,6,train,0.0,7.0,1.0,19
vegan (4),z,1,6,train,0.0,5.0,1.0,19
vegan (5),z,0,6,train,0.0,7.0,1.0,19
vegan (1),z,0,6,train,0.0,9.0,1.0,19
vegan (2),m,1,6,train,0.0,7.0,1.0,19
vegan (1),m,1,6,train,0.0,11.0,1.0,19
vegan (3),z,1,6,train,0.0,7.0,2.0,19
vegan (2),m,1,6,train,0.0,3.0,2.0,19
vegan (6),m,0,6,train,0.0,8.0,2.0,19
vegan (5),m,1,6,train,0.0,14.0,1.0,19
vegan (4),z,1,6,train,0.0,9.0,2.0,19
vegan (5),m,1,6,train,0.0,2.0,2.0,19
vegan (2),m,1,6,train,0.0,5.0,3.0,19
vegan (6),z,1,6,train,0.0,13.0,2.0,19
vegan (1),m,1,6,train,0.0,9.0,2.0,19
vegan (4),z,1,6,train,0.0,5.0,3.0,19
vegan (3),z,1,6,train,0.0,10.0,3.0,19
vegan (6),z,1,6,train,0.0,4.0,3.0,19
vegan (5),m,1,6,train,0.0,7.0,3.0,19
vegan (2),m,1,6,train,0.0,7.0,4.0,19
vegan (3),z,1,6,train,0.0,4.0,4.0,19
vegan (4),z,1,6,train,0.0,6.0,4.0,19
vegan (1),m,1,6,train,0.0,8.0,3.0,19
vegan (6),z,1,6,train,0.0,6.0,4.0,19
vegan (3),z,1,6,train,0.0,4.0,5.0,19
vegan (4),z,1,6,train,0.0,4.0,5.0,19
vegan (1),m,1,6,train,0.0,4.0,4.0,19
vegan (2),m,1,6,train,0.0,8.0,5.0,19
vegan (5),m,1,6,train,0.0,10.0,4.0,19
vegan (2),m,1,6,train,0.0,2.0,6.0,19
vegan (3),z,1,6,train,0.0,6.0,6.0,19
vegan (5),m,1,6,train,0.0,3.0,5.0,19
vegan (4),z,1,6,train,0.0,7.0,6.0,19
vegan (1),m,1,6,train,0.0,7.0,5.0,19
vegan (6),z,1,6,train,0.0,11.0,5.0,19
vegan (2),m,1,6,train,0.0,6.0,7.0,19
vegan (1),m,1,6,train,0.0,3.0,6.0,19
vegan (4),z,1,6,train,0.0,5.0,7.0,19
vegan (3),z,1,6,train,0.0,8.0,7.0,19
vegan (5),m,1,6,train,0.0,8.0,6.0,19
vegan (6),z,1,6,train,0.0,6.0,6.0,19
vegan (3),z,1,6,train,0.0,3.0,8.0,19
vegan (2),m,1,6,train,0.0,7.0,8.0,19
vegan (6),z,1,6,train,0.0,3.0,7.0,19
vegan (1),m,1,6,train,0.0,8.0,7.0,19
vegan (4),z,1,6,train,0.0,8.0,8.0,19
vegan (5),m,1,6,train,0.0,7.0,7.0,19
vegan (2),m,1,6,train,0.0,5.0,9.0,19
vegan (6),z,1,6,train,0.0,5.0,8.0,19
vegan (3),z,1,6,train,0.0,8.0,9.0,19
vegan (1),m,1,6,train,0.0,6.0,8.0,19
vegan (4),z,1,6,train,0.0,6.0,9.0,19
vegan (5),m,1,6,train,0.0,6.0,8.0,19
vegan (3),z,1,6,train,0.0,4.0,10.0,19
vegan (5),m,1,6,train,0.0,2.0,9.0,19
vegan (2),m,1,6,train,0.0,8.0,10.0,19
vegan (6),z,1,6,train,0.0,8.0,9.0,19
vegan (1),m,1,6,train,0.0,7.0,9.0,19
vegan (4),z,1,6,train,0.0,7.0,10.0,19
vegan (5),m,1,6,train,0.0,5.0,10.0,19
vegan (2),m,1,6,train,0.0,5.0,11.0,19
vegan (1),m,1,6,train,0.0,4.0,10.0,19
vegan (4),z,1,6,train,0.0,4.0,11.0,19
vegan (3),z,1,6,train,0.0,10.0,11.0,19
vegan (6),z,1,6,train,0.0,8.0,10.0,19
vegan (5),m,1,6,train,0.0,6.0,11.0,19
vegan (1),m,1,6,train,0.0,5.0,11.0,19
vegan (2),m,1,6,train,0.0,7.0,12.0,19
vegan (4),z,1,6,train,0.0,6.0,12.0,19
vegan (3),z,1,6,train,0.0,6.0,12.0,19
vegan (6),z,1,6,train,0.0,6.0,11.0,19
animal (1),m,0,3,train,0.0,0.0,0.0,19
animal (2),m,0,3,train,0.0,0.0,0.0,19
animal (3),m,1,3,train,0.0,0.0,0.0,19
animal (1),z,1,3,train,0.0,0.0,0.0,19
animal (3),m,1,3,train,0.0,2.0,1.0,19
animal (2),z,1,3,train,0.0,0.0,0.0,19
animal (2),z,1,3,train,0.0,1.0,1.0,19
animal (3),z,0,3,train,0.0,3.0,2.0,19
animal (1),z,1,3,train,0.0,5.0,1.0,19
animal (1),z,1,3,train,0.0,1.0,2.0,19
animal (2),z,1,3,train,0.0,4.0,2.0,19
animal (3),m,1,3,train,0.0,7.0,2.0,19
animal (1),z,1,3,train,0.0,3.0,3.0,19
animal (3),m,1,3,train,0.0,2.0,3.0,19
animal (2),z,1,3,train,0.0,4.0,3.0,19
animal (2),z,1,3,train,0.0,1.0,4.0,19
animal (3),m,1,3,train,0.0,3.0,4.0,19
animal (1),z,1,3,train,0.0,5.0,4.0,19
animal (3),m,1,3,train,0.0,2.0,5.0,19
animal (2),m,0,3,train,1.0,4.0,5.0,19
animal (1),z,1,3,train,0.0,3.0,5.0,19
animal (1),z,1,3,train,0.0,1.0,6.0,19
animal (3),m,1,3,train,0.0,4.0,6.0,19
animal (2),z,1,3,train,0.0,8.0,5.0,19
animal (2),z,1,3,train,0.0,1.0,6.0,19
animal (3),m,1,3,train,0.0,3.0,7.0,19
animal (1),z,1,3,train,0.0,5.0,7.0,19
animal (3),m,1,3,train,0.0,2.0,8.0,19
animal (1),z,1,3,train,0.0,2.0,8.0,19
animal (2),z,1,3,train,0.0,5.0,7.0,19
animal (2),z,1,3,train,0.0,1.0,8.0,19
animal (3),m,1,3,train,0.0,4.0,9.0,19
animal (2),z,1,3,train,0.0,2.0,9.0,19
animal (1),z,1,3,train,0.0,5.0,9.0,19
animal (3),m,1,3,train,0.0,3.0,10.0,19
animal (1),z,1,3,train,0.0,2.0,10.0,19
fruits (6),m,0,6,train,0.0,0.0,0.0,19
fruits (1),m,1,6,train,0.0,0.0,0.0,19
fruits (5),m,1,6,train,0.0,0.0,0.0,19
fruits (4),m,0,6,train,0.0,0.0,0.0,19
fruits (2),m,1,6,train,0.0,0.0,0.0,19
fruits (3),m,0,6,train,0.0,0.0,0.0,19
fruits (3),z,1,6,train,0.0,0.0,0.0,19
fruits (6),z,1,6,train,0.0,0.0,0.0,19
fruits (4),m,0,6,train,1.0,0.0,0.0,19
fruits (5),m,1,6,train,0.0,7.0,1.0,19
fruits (1),m,1,6,train,0.0,9.0,1.0,19
fruits (2),m,1,6,train,0.0,7.0,1.0,19
fruits (1),m,1,6,train,0.0,2.0,2.0,19
fruits (3),z,1,6,train,0.0,7.0,1.0,19
fruits (2),z,0,6,train,0.0,3.0,2.0,19
fruits (6),m,0,6,train,1.0,8.0,1.0,19
fruits (5),m,1,6,train,0.0,7.0,2.0,19
fruits (4),z,1,6,train,0.0,0.0,0.0,19
fruits (5),m,1,6,train,0.0,2.0,3.0,19
fruits (2),z,0,6,train,1.0,8.0,2.0,19
fruits (6),m,0,6,train,1.0,13.0,1.0,19
fruits (1),m,1,6,train,0.0,9.0,3.0,19
fruits (4),z,1,6,train,0.0,5.0,1.0,19
fruits (3),z,1,6,train,0.0,10.0,2.0,19
fruits (6),z,1,6,train,0.0,17.0,1.0,19
fruits (5),m,1,6,train,0.0,7.0,4.0,19
fruits (2),z,0,6,train,1.0,15.0,2.0,19
fruits (3),z,1,6,train,0.0,4.0,3.0,19
fruits (4),z,1,6,train,0.0,6.0,2.0,19
fruits (1),z,0,6,train,0.0,8.0,4.0,19
fruits (6),z,1,6,train,0.0,6.0,2.0,19
fruits (3),z,1,6,train,0.0,4.0,4.0,19
fruits (4),m,0,6,train,1.0,4.0,3.0,19
fruits (1),m,1,6,train,0.0,12.0,4.0,19
fruits (2),m,1,6,train,0.0,23.0,2.0,19
fruits (5),m,1,6,train,0.0,10.0,5.0,19
fruits (2),m,1,6,train,0.0,2.0,3.0,19
fruits (3),z,1,6,train,0.0,6.0,5.0,19
fruits (5),m,1,6,train,0.0,3.0,6.0,19
fruits (4),z,1,6,train,0.0,11.0,3.0,19
fruits (1),m,1,6,train,0.0,7.0,5.0,19
fruits (6),m,0,6,train,1.0,11.0,3.0,19
fruits (2),m,1,6,train,0.0,6.0,4.0,19
fruits (1),m,1,6,train,0.0,3.0,6.0,19
fruits (4),z,1,6,train,0.0,5.0,4.0,19
fruits (3),z,1,6,train,0.0,8.0,6.0,19
fruits (5),z,0,6,train,0.0,8.0,7.0,19
fruits (6),z,1,6,train,0.0,17.0,3.0,19
fruits (3),z,1,6,train,0.0,3.0,7.0,19
fruits (2),m,1,6,train,0.0,7.0,5.0,19
fruits (6),z,1,6,train,0.0,3.0,4.0,19
fruits (1),m,1,6,train,0.0,8.0,7.0,19
fruits (4),z,1,6,train,0.0,8.0,5.0,19
fruits (5),m,1,6,train,0.0,15.0,7.0,19
fruits (2),m,1,6,train,0.0,5.0,6.0,19
fruits (6),z,1,6,train,0.0,5.0,5.0,19
fruits (3),z,1,6,train,0.0,8.0,8.0,19
fruits (1),m,1,6,train,0.0,6.0,8.0,19
fruits (4),z,1,6,train,0.0,6.0,6.0,19
fruits (5),m,1,6,train,0.0,6.0,8.0,19
fruits (3),z,1,6,train,0.0,4.0,9.0,19
fruits (5),m,1,6,train,0.0,2.0,9.0,19
fruits (2),m,1,6,train,0.0,8.0,7.0,19
fruits (6),z,1,6,train,0.0,8.0,6.0,19
fruits (1),m,1,6,train,0.0,7.0,9.0,19
fruits (4),z,1,6,train,0.0,7.0,7.0,19
fruits (5),m,1,6,train,0.0,5.0,10.0,19
fruits (2),m,1,6,train,0.0,5.0,8.0,19
fruits (1),m,1,6,train,0.0,4.0,10.0,19
fruits (4),z,1,6,train,0.0,4.0,8.0,19
fruits (3),z,1,6,train,0.0,10.0,10.0,19
fruits (6),z,1,6,train,0.0,8.0,7.0,19
fruits (5),m,1,6,train,0.0,6.0,11.0,19
fruits (1),m,1,6,train,0.0,5.0,11.0,19
fruits (2),m,1,6,train,0.0,7.0,9.0,19
fruits (4),z,1,6,train,0.0,6.0,9.0,19
fruits (3),z,1,6,train,0.0,6.0,11.0,19
fruits (6),z,1,6,train,0.0,6.0,8.0,19
tools (1),m,0,3,train,0.0,0.0,0.0,19
tools (2),m,0,3,train,0.0,0.0,0.0,19
tools (3),m,1,3,train,0.0,0.0,0.0,19
tools (1),z,1,3,train,0.0,0.0,0.0,19
tools (3),m,1,3,train,0.0,2.0,1.0,19
tools (2),z,1,3,train,0.0,0.0,0.0,19
tools (2),z,1,3,train,0.0,1.0,1.0,19
tools (3),m,1,3,train,0.0,3.0,2.0,19
tools (1),z,1,3,train,0.0,5.0,1.0,19
tools (1),z,1,3,train,0.0,1.0,2.0,19
tools (2),z,1,3,train,0.0,4.0,2.0,19
tools (3),m,1,3,train,0.0,4.0,3.0,19
tools (1),z,1,3,train,0.0,3.0,3.0,19
tools (3),m,1,3,train,0.0,2.0,4.0,19
tools (2),z,1,3,train,0.0,4.0,3.0,19
tools (2),z,1,3,train,0.0,1.0,4.0,19
tools (3),m,1,3,train,0.0,3.0,5.0,19
tools (1),z,1,3,train,0.0,5.0,4.0,19
tools (3),m,1,3,train,0.0,2.0,6.0,19
tools (2),z,1,3,train,0.0,4.0,5.0,19
tools (1),z,1,3,train,0.0,3.0,5.0,19
tools (1),z,1,3,train,0.0,1.0,6.0,19
tools (3),m,1,3,train,0.0,4.0,7.0,19
tools (2),z,1,3,train,0.0,4.0,6.0,19
tools (2),z,1,3,train,0.0,1.0,7.0,19
tools (3),m,1,3,train,0.0,3.0,8.0,19
tools (1),z,1,3,train,0.0,5.0,7.0,19
tools (3),m,1,3,train,0.0,2.0,9.0,19
tools (1),z,1,3,train,0.0,2.0,8.0,19
tools (2),z,1,3,train,0.0,5.0,8.0,19
tools (2),z,1,3,train,0.0,1.0,9.0,19
tools (3),m,1,3,train,0.0,4.0,10.0,19
tools (2),z,1,3,train,0.0,2.0,10.0,19
tools (1),z,1,3,train,0.0,5.0,9.0,19
tools (3),m,1,3,train,0.0,3.0,11.0,19
tools (1),z,1,3,train,0.0,2.0,10.0,19
clothes (6),m,0,6,train,0.0,0.0,0.0,19
clothes (1),m,1,6,train,0.0,0.0,0.0,19
clothes (5),m,1,6,train,0.0,0.0,0.0,19
clothes (4),m,0,6,train,0.0,0.0,0.0,19
clothes (2),m,1,6,train,0.0,0.0,0.0,19
clothes (3),z,1,6,train,0.0,0.0,0.0,19
clothes (3),z,1,6,train,0.0,1.0,1.0,19
clothes (6),z,1,6,train,0.0,0.0,0.0,19
clothes (4),z,1,6,train,0.0,0.0,0.0,19
clothes (5),m,1,6,train,0.0,7.0,1.0,19
clothes (1),m,1,6,train,0.0,9.0,1.0,19
clothes (2),m,1,6,train,0.0,7.0,1.0,19
clothes (1),m,1,6,train,0.0,2.0,2.0,19
clothes (3),z,1,6,train,0.0,7.0,2.0,19
clothes (2),m,1,6,train,0.0,3.0,2.0,19
clothes (6),z,1,6,train,0.0,8.0,1.0,19
clothes (5),m,1,6,train,0.0,7.0,2.0,19
clothes (4),z,1,6,train,0.0,9.0,1.0,19
clothes (5),m,1,6,train,0.0,2.0,3.0,19
clothes (2),m,1,6,train,0.0,5.0,3.0,19
clothes (6),z,1,6,train,0.0,5.0,2.0,19
clothes (1),m,1,6,train,0.0,9.0,3.0,19
clothes (4),z,1,6,train,0.0,5.0,2.0,19
clothes (3),z,1,6,train,0.0,10.0,3.0,19
clothes (6),z,1,6,train,0.0,4.0,3.0,19
clothes (5),m,1,6,train,0.0,7.0,4.0,19
clothes (2),m,1,6,train,0.0,7.0,4.0,19
clothes (3),z,1,6,train,0.0,4.0,4.0,19
clothes (4),z,1,6,train,0.0,6.0,3.0,19
clothes (1),m,1,6,train,0.0,8.0,4.0,19
clothes (6),z,1,6,train,0.0,6.0,4.0,19
clothes (3),z,1,6,train,0.0,4.0,5.0,19
clothes (4),z,1,6,train,0.0,4.0,4.0,19
clothes (1),m,1,6,train,0.0,4.0,5.0,19
clothes (2),m,1,6,train,0.0,8.0,5.0,19
clothes (5),m,1,6,train,0.0,10.0,5.0,19
clothes (2),m,1,6,train,0.0,2.0,6.0,19
clothes (3),z,1,6,train,0.0,6.0,6.0,19
clothes (5),m,1,6,train,0.0,3.0,6.0,19
clothes (4),z,1,6,train,0.0,7.0,5.0,19
clothes (1),m,1,6,train,0.0,7.0,6.0,19
clothes (6),z,1,6,train,0.0,11.0,5.0,19
clothes (2),m,1,6,train,0.0,6.0,7.0,19
clothes (1),m,1,6,train,0.0,3.0,7.0,19
clothes (4),z,1,6,train,0.0,5.0,6.0,19
clothes (3),z,1,6,train,0.0,8.0,7.0,19
clothes (5),m,1,6,train,0.0,8.0,7.0,19
clothes (6),z,1,6,train,0.0,6.0,6.0,19
clothes (3),z,1,6,train,0.0,3.0,8.0,19
clothes (2),m,1,6,train,0.0,7.0,8.0,19
clothes (6),z,1,6,train,0.0,3.0,7.0,19
clothes (1),m,1,6,train,0.0,8.0,8.0,19
clothes (4),z,1,6,train,0.0,8.0,7.0,19
clothes (5),m,1,6,train,0.0,7.0,8.0,19
clothes (2),m,1,6,train,0.0,5.0,9.0,19
clothes (6),z,1,6,train,0.0,5.0,8.0,19
clothes (3),z,1,6,train,0.0,8.0,9.0,19
clothes (1),m,1,6,train,0.0,6.0,9.0,19
clothes (4),z,1,6,train,0.0,6.0,8.0,19
clothes (5),m,1,6,train,0.0,6.0,9.0,19
clothes (3),z,1,6,train,0.0,4.0,10.0,19
clothes (5),m,1,6,train,0.0,2.0,10.0,19
clothes (2),m,1,6,train,0.0,8.0,10.0,19
clothes (6),z,1,6,train,0.0,8.0,9.0,19
clothes (1),m,1,6,train,0.0,7.0,10.0,19
clothes (4),z,1,6,train,0.0,7.0,9.0,19
clothes (5),m,1,6,train,0.0,5.0,11.0,19
clothes (2),m,1,6,train,0.0,5.0,11.0,19
clothes (1),m,1,6,train,0.0,4.0,11.0,19
clothes (4),z,1,6,train,0.0,4.0,10.0,19
clothes (3),m,0,6,train,0.0,10.0,11.0,19
clothes (6),z,1,6,train,0.0,8.0,10.0,19
clothes (5),m,1,6,train,0.0,6.0,12.0,19
clothes (1),m,1,6,train,0.0,5.0,12.0,19
clothes (2),m,1,6,train,0.0,7.0,12.0,19
clothes (4),z,1,6,train,0.0,6.0,11.0,19
clothes (3),z,1,6,train,0.0,16.0,11.0,19
clothes (6),z,1,6,train,0.0,6.0,11.0,19
face (1),m,0,3,train,0.0,0.0,0.0,19
face (2),m,0,3,train,0.0,0.0,0.0,19
face (3),m,1,3,train,0.0,0.0,0.0,19
face (1),z,1,3,train,0.0,0.0,0.0,19
face (3),m,1,3,train,0.0,2.0,1.0,19
face (2),z,1,3,train,0.0,0.0,0.0,19
face (2),z,1,3,train,0.0,1.0,1.0,19
face (3),m,1,3,train,0.0,3.0,2.0,19
face (1),z,1,3,train,0.0,5.0,1.0,19
face (1),z,1,3,train,0.0,1.0,2.0,19
face (2),z,1,3,train,0.0,4.0,2.0,19
face (3),m,1,3,train,0.0,4.0,3.0,19
face (1),z,1,3,train,0.0,3.0,3.0,19
face (3),z,0,3,train,0.0,2.0,4.0,19
face (2),z,1,3,train,0.0,4.0,3.0,19
face (2),z,1,3,train,0.0,1.0,4.0,19
face (3),m,1,3,train,0.0,5.0,4.0,19
face (1),z,1,3,train,0.0,5.0,4.0,19
face (3),m,1,3,train,0.0,2.0,5.0,19
face (2),z,1,3,train,0.0,4.0,5.0,19
face (1),z,1,3,train,0.0,3.0,5.0,19
face (1),z,1,3,train,0.0,1.0,6.0,19
face (3),m,1,3,train,0.0,4.0,6.0,19
face (2),z,1,3,train,0.0,4.0,6.0,19
face (2),z,1,3,train,0.0,1.0,7.0,19
face (3),m,1,3,train,0.0,3.0,7.0,19
face (1),z,1,3,train,0.0,5.0,7.0,19
face (3),m,1,3,train,0.0,2.0,8.0,19
face (1),z,1,3,train,0.0,2.0,8.0,19
face (2),z,1,3,train,0.0,5.0,8.0,19
face (2),z,1,3,train,0.0,1.0,9.0,19
face (3),m,1,3,train,0.0,4.0,9.0,19
face (2),m,0,3,train,1.0,2.0,10.0,19
face (1),z,1,3,train,0.0,5.0,9.0,19
face (3),m,1,3,train,0.0,3.0,10.0,19
face (1),z,1,3,train,0.0,2.0,10.0,19
color (6),m,0,6,train,0.0,0.0,0.0,19
color (1),m,1,6,train,0.0,0.0,0.0,19
color (5),m,1,6,train,0.0,0.0,0.0,19
color (4),m,0,6,train,0.0,0.0,0.0,19
color (2),m,1,6,train,0.0,0.0,0.0,19
color (3),z,1,6,train,0.0,0.0,0.0,19
color (3),z,1,6,train,0.0,1.0,1.0,19
color (6),z,1,6,train,0.0,0.0,0.0,19
color (4),z,1,6,train,0.0,0.0,0.0,19
color (5),m,1,6,train,0.0,7.0,1.0,19
color (1),m,1,6,train,0.0,9.0,1.0,19
color (2),m,1,6,train,0.0,7.0,1.0,19
color (1),m,1,6,train,0.0,2.0,2.0,19
color (3),z,1,6,train,0.0,7.0,2.0,19
color (2),m,1,6,train,0.0,3.0,2.0,19
color (6),z,1,6,train,0.0,8.0,1.0,19
color (5),m,1,6,train,0.0,7.0,2.0,19
color (4),z,1,6,train,0.0,9.0,1.0,19
color (5),m,1,6,train,0.0,2.0,3.0,19
color (2),z,0,6,train,0.0,5.0,3.0,19
color (6),z,1,6,train,0.0,5.0,2.0,19
color (1),m,1,6,train,0.0,9.0,3.0,19
color (4),z,1,6,train,0.0,5.0,2.0,19
color (3),z,1,6,train,0.0,10.0,3.0,19
color (6),z,1,6,train,0.0,4.0,3.0,19
color (5),m,1,6,train,0.0,7.0,4.0,19
color (2),m,1,6,train,0.0,12.0,3.0,19
color (3),z,1,6,train,0.0,4.0,4.0,19
color (4),z,1,6,train,0.0,6.0,3.0,19
color (1),m,1,6,train,0.0,8.0,4.0,19
color (6),z,1,6,train,0.0,6.0,4.0,19
color (3),z,1,6,train,0.0,4.0,5.0,19
color (4),z,1,6,train,0.0,4.0,4.0,19
color (1),m,1,6,train,0.0,4.0,5.0,19
color (2),m,1,6,train,0.0,8.0,4.0,19
color (5),m,1,6,train,0.0,10.0,5.0,19
color (2),m,1,6,train,0.0,2.0,5.0,19
color (3),z,1,6,train,0.0,6.0,6.0,19
color (5),m,1,6,train,0.0,3.0,6.0,19
color (4),z,1,6,train,0.0,7.0,5.0,19
color (1),m,1,6,train,0.0,7.0,6.0,19
color (6),z,1,6,train,0.0,11.0,5.0,19
color (2),m,1,6,train,0.0,6.0,6.0,19
color (1),m,1,6,train,0.0,3.0,7.0,19
color (4),z,1,6,train,0.0,5.0,6.0,19
color (3),m,0,6,train,0.0,8.0,7.0,19
color (5),m,1,6,train,0.0,8.0,7.0,19
color (6),z,1,6,train,0.0,6.0,6.0,19
color (3),z,1,6,train,0.0,11.0,7.0,19
color (2),m,1,6,train,0.0,7.0,7.0,19
color (6),z,1,6,train,0.0,3.0,7.0,19
color (1),m,1,6,train,0.0,8.0,8.0,19
color (4),z,1,6,train,0.0,8.0,7.0,19
color (5),m,1,6,train,0.0,7.0,8.0,19
color (2),m,1,6,train,0.0,5.0,8.0,19
color (6),z,1,6,train,0.0,5.0,8.0,19
color (3),z,1,6,train,0.0,8.0,8.0,19
color (1),m,1,6,train,0.0,6.0,9.0,19
color (4),z,1,6,train,0.0,6.0,8.0,19
color (5),m,1,6,train,0.0,6.0,9.0,19
color (3),z,1,6,train,0.0,4.0,9.0,19
color (5),m,1,6,train,0.0,2.0,10.0,19
color (2),m,1,6,train,0.0,8.0,9.0,19
color (6),z,1,6,train,0.0,8.0,9.0,19
color (1),m,1,6,train,0.0,7.0,10.0,19
color (4),z,1,6,train,0.0,7.0,9.0,19
color (5),m,1,6,train,0.0,5.0,11.0,19
color (2),m,1,6,train,0.0,5.0,10.0,19
color (1),m,1,6,train,0.0,4.0,11.0,19
color (4),z,1,6,train,0.0,4.0,10.0,19
color (3),z,1,6,train,0.0,10.0,10.0,19
color (6),z,1,6,train,0.0,8.0,10.0,19
color (5),m,1,6,train,0.0,6.0,12.0,19
color (1),m,1,6,train,0.0,5.0,12.0,19
color (2),m,1,6,train,0.0,7.0,11.0,19
color (4),z,1,6,train,0.0,6.0,11.0,19
color (3),z,1,6,train,0.0,6.0,11.0,19
color (6),z,1,6,train,0.0,6.0,11.0,19
symbol (1),m,1,3,train,0.0,0.0,0.0,19
symbol (2),m,1,3,train,0.0,0.0,0.0,19
symbol (3),z,1,3,train,0.0,0.0,0.0,19
symbol (1),m,1,3,train,0.0,3.0,1.0,19
symbol (3),z,1,3,train,0.0,2.0,1.0,19
symbol (2),m,1,3,train,0.0,4.0,1.0,19
symbol (2),m,1,3,train,0.0,1.0,2.0,19
symbol (3),z,1,3,train,0.0,3.0,2.0,19
symbol (1),m,1,3,train,0.0,5.0,2.0,19
symbol (1),m,1,3,train,0.0,1.0,3.0,19
symbol (2),m,1,3,train,0.0,4.0,3.0,19
symbol (3),z,1,3,train,0.0,4.0,3.0,19
symbol (1),m,1,3,train,0.0,3.0,4.0,19
symbol (3),z,1,3,train,0.0,2.0,4.0,19
symbol (2),z,0,3,train,0.0,4.0,4.0,19
symbol (2),z,0,3,train,1.0,5.0,4.0,19
symbol (3),z,1,3,train,0.0,3.0,5.0,19
symbol (1),m,1,3,train,0.0,5.0,5.0,19
symbol (3),z,1,3,train,0.0,2.0,6.0,19
symbol (2),m,1,3,train,0.0,9.0,4.0,19
symbol (1),m,1,3,train,0.0,3.0,6.0,19
symbol (1),m,1,3,train,0.0,1.0,7.0,19
symbol (3),z,1,3,train,0.0,4.0,7.0,19
symbol (2),m,1,3,train,0.0,4.0,5.0,19
symbol (2),m,1,3,train,0.0,1.0,6.0,19
symbol (3),z,1,3,train,0.0,3.0,8.0,19
symbol (1),m,1,3,train,0.0,5.0,8.0,19
symbol (3),z,1,3,train,0.0,2.0,9.0,19
symbol (1),m,1,3,train,0.0,2.0,9.0,19
symbol (2),m,1,3,train,0.0,5.0,7.0,19
symbol (2),m,1,3,train,0.0,1.0,8.0,19
symbol (3),z,1,3,train,0.0,4.0,10.0,19
symbol (2),m,1,3,train,0.0,2.0,9.0,19
symbol (1),m,1,3,train,0.0,5.0,10.0,19
symbol (3),z,1,3,train,0.0,3.0,11.0,19
symbol (1),m,1,3,train,0.0,2.0,11.0,19
environment (6),m,0,6,train,0.0,0.0,0.0,19
environment (1),m,1,6,train,0.0,0.0,0.0,19
environment (5),m,1,6,train,0.0,0.0,0.0,19
environment (4),m,0,6,train,0.0,0.0,0.0,19
environment (2),m,1,6,train,0.0,0.0,0.0,19
environment (3),z,1,6,train,0.0,0.0,0.0,19
environment (3),z,1,6,train,0.0,1.0,1.0,19
environment (6),m,0,6,train,1.0,0.0,0.0,19
environment (4),m,0,6,train,1.0,0.0,0.0,19
environment (5),m,1,6,train,0.0,7.0,1.0,19
environment (1),m,1,6,train,0.0,9.0,1.0,19
environment (2),z,0,6,train,0.0,7.0,1.0,19
environment (1),m,1,6,train,0.0,2.0,2.0,19
environment (3),z,1,6,train,0.0,7.0,2.0,19
environment (2),m,1,6,train,0.0,10.0,1.0,19
environment (6),m,0,6,train,1.0,0.0,0.0,19
environment (5),m,1,6,train,0.0,7.0,2.0,19
environment (4),z,1,6,train,0.0,0.0,0.0,19
environment (5),m,1,6,train,0.0,2.0,3.0,19
environment (2),z,0,6,train,1.0,5.0,2.0,19
environment (6),z,1,6,train,0.0,0.0,0.0,19
environment (1),m,1,6,train,0.0,9.0,3.0,19
environment (4),z,1,6,train,0.0,5.0,1.0,19
environment (3),z,1,6,train,0.0,10.0,3.0,19
environment (6),z,1,6,train,0.0,4.0,1.0,19
environment (5),m,1,6,train,0.0,7.0,4.0,19
environment (2),m,1,6,train,0.0,12.0,2.0,19
environment (3),z,1,6,train,0.0,4.0,4.0,19
environment (4),z,1,6,train,0.0,6.0,2.0,19
environment (1),m,1,6,train,0.0,8.0,4.0,19
environment (6),z,1,6,train,0.0,6.0,2.0,19
environment (3),z,1,6,train,0.0,4.0,5.0,19
environment (4),z,1,6,train,0.0,4.0,3.0,19
environment (1),m,1,6,train,0.0,4.0,5.0,19
environment (2),m,1,6,train,0.0,8.0,3.0,19
environment (5),m,1,6,train,0.0,10.0,5.0,19
environment (2),m,1,6,train,0.0,2.0,4.0,19
environment (3),z,1,6,train,0.0,6.0,6.0,19
environment (5),m,1,6,train,0.0,3.0,6.0,19
environment (4),z,1,6,train,0.0,7.0,4.0,19
environment (1),m,1,6,train,0.0,7.0,6.0,19
environment (6),z,1,6,train,0.0,11.0,3.0,19
environment (2),m,1,6,train,0.0,6.0,5.0,19
environment (1),m,1,6,train,0.0,3.0,7.0,19
environment (4),m,0,6,train,1.0,5.0,5.0,19
environment (3),z,1,6,train,0.0,8.0,7.0,19
environment (5),m,1,6,train,0.0,8.0,7.0,19
environment (6),z,1,6,train,0.0,6.0,4.0,19
environment (3),z,1,6,train,0.0,3.0,8.0,19
environment (2),m,1,6,train,0.0,7.0,6.0,19
environment (6),z,1,6,train,0.0,3.0,5.0,19
environment (1),m,1,6,train,0.0,8.0,8.0,19
environment (4),z,1,6,train,0.0,13.0,5.0,19
environment (5),z,0,6,train,0.0,7.0,8.0,19
environment (2),m,1,6,train,0.0,5.0,7.0,19
environment (6),z,1,6,train,0.0,5.0,6.0,19
environment (3),z,1,6,train,0.0,8.0,9.0,19
environment (1),m,1,6,train,0.0,6.0,9.0,19
environment (4),z,1,6,train,0.0,6.0,6.0,19
environment (5),m,1,6,train,0.0,13.0,8.0,19
environment (3),z,1,6,train,0.0,4.0,10.0,19
environment (5),m,1,6,train,0.0,2.0,9.0,19
environment (2),m,1,6,train,0.0,8.0,8.0,19
environment (6),z,1,6,train,0.0,8.0,7.0,19
environment (1),m,1,6,train,0.0,7.0,10.0,19
environment (4),z,1,6,train,0.0,7.0,7.0,19
environment (5),m,1,6,train,0.0,5.0,10.0,19
environment (2),m,1,6,train,0.0,5.0,9.0,19
environment (1),m,1,6,train,0.0,4.0,11.0,19
environment (4),z,1,6,train,0.0,4.0,8.0,19
environment (3),z,1,6,train,0.0,10.0,11.0,19
environment (6),m,0,6,train,1.0,8.0,8.0,19
environment (5),m,1,6,train,0.0,6.0,11.0,19
environment (1),m,1,6,train,0.0,5.0,12.0,19
environment (2),m,1,6,train,0.0,7.0,10.0,19
environment (4),z,1,6,train,0.0,6.0,9.0,19
environment (3),z,1,6,train,0.0,6.0,12.0,19
environment (6),m,0,6,train,1.0,14.0,8.0,19
vehicle (1),m,1,3,train,0.0,0.0,0.0,19
vehicle (2),z,0,3,train,0.0,0.0,0.0,19
vehicle (3),z,1,3,train,0.0,0.0,0.0,19
vehicle (1),m,1,3,train,0.0,3.0,1.0,19
vehicle (3),z,1,3,train,0.0,2.0,1.0,19
vehicle (2),m,1,3,train,0.0,0.0,0.0,19
vehicle (2),m,1,3,train,0.0,1.0,1.0,19
vehicle (3),z,1,3,train,0.0,3.0,2.0,19
vehicle (1),m,1,3,train,0.0,5.0,2.0,19
vehicle (1),m,1,3,train,0.0,1.0,3.0,19
vehicle (2),m,1,3,train,0.0,4.0,2.0,19
vehicle (3),z,1,3,train,0.0,4.0,3.0,19
vehicle (1),m,1,3,train,0.0,3.0,4.0,19
vehicle (3),z,1,3,train,0.0,2.0,4.0,19
vehicle (2),m,1,3,train,0.0,4.0,3.0,19
vehicle (2),m,1,3,train,0.0,1.0,4.0,19
vehicle (3),z,1,3,train,0.0,3.0,5.0,19
vehicle (1),m,1,3,train,0.0,5.0,5.0,19
vehicle (3),z,1,3,train,0.0,2.0,6.0,19
vehicle (2),m,1,3,train,0.0,4.0,5.0,19
vehicle (1),m,1,3,train,0.0,3.0,6.0,19
vehicle (1),m,1,3,train,0.0,1.0,7.0,19
vehicle (3),z,1,3,train,0.0,4.0,7.0,19
vehicle (2),m,1,3,train,0.0,4.0,6.0,19
vehicle (2),m,1,3,train,0.0,1.0,7.0,19
vehicle (3),z,1,3,train,0.0,3.0,8.0,19
vehicle (1),m,1,3,train,0.0,5.0,8.0,19
vehicle (3),z,1,3,train,0.0,2.0,9.0,19
vehicle (1),m,1,3,train,0.0,2.0,9.0,19
vehicle (2),m,1,3,train,0.0,5.0,8.0,19
vehicle (2),m,1,3,train,0.0,1.0,9.0,19
vehicle (3),z,1,3,train,0.0,4.0,10.0,19
vehicle (2),m,1,3,train,0.0,2.0,10.0,19
vehicle (1),m,1,3,train,0.0,5.0,10.0,19
vehicle (3),z,1,3,train,0.0,3.0,11.0,19
vehicle (1),m,1,3,train,0.0,2.0,11.0,19
instrument (1),m,1,3,train,0.0,0.0,0.0,19
instrument (2),m,1,3,train,0.0,0.0,0.0,19
instrument (3),z,1,3,train,0.0,0.0,0.0,19
instrument (1),m,1,3,train,0.0,3.0,1.0,19
instrument (3),z,1,3,train,0.0,2.0,1.0,19
instrument (2),m,1,3,train,0.0,4.0,1.0,19
instrument (2),m,1,3,train,0.0,1.0,2.0,19
instrument (3),z,1,3,train,0.0,3.0,2.0,19
instrument (1),m,1,3,train,0.0,5.0,2.0,19
instrument (1),m,1,3,train,0.0,1.0,3.0,19
instrument (2),m,1,3,train,0.0,4.0,3.0,19
instrument (3),z,1,3,train,0.0,4.0,3.0,19
instrument (1),m,1,3,train,0.0,3.0,4.0,19
instrument (3),z,1,3,train,0.0,2.0,4.0,19
instrument (2),m,1,3,train,0.0,4.0,4.0,19
instrument (2),m,1,3,train,0.0,1.0,5.0,19
instrument (3),z,1,3,train,0.0,3.0,5.0,19
instrument (1),m,1,3,train,0.0,5.0,5.0,19
instrument (3),z,1,3,train,0.0,2.0,6.0,19
instrument (2),m,1,3,train,0.0,4.0,6.0,19
instrument (1),m,1,3,train,0.0,3.0,6.0,19
instrument (1),m,1,3,train,0.0,1.0,7.0,19
instrument (3),z,1,3,train,0.0,4.0,7.0,19
instrument (2),m,1,3,train,0.0,4.0,7.0,19
instrument (2),m,1,3,train,0.0,1.0,8.0,19
instrument (3),z,1,3,train,0.0,3.0,8.0,19
instrument (1),m,1,3,train,0.0,5.0,8.0,19
instrument (3),z,1,3,train,0.0,2.0,9.0,19
instrument (1),m,1,3,train,0.0,2.0,9.0,19
instrument (2),m,1,3,train,0.0,5.0,9.0,19
instrument (2),m,1,3,train,0.0,1.0,10.0,19
instrument (3),z,1,3,train,0.0,4.0,10.0,19
instrument (2),m,1,3,train,0.0,2.0,11.0,19
instrument (1),m,1,3,train,0.0,5.0,10.0,19
instrument (3),z,1,3,train,0.0,3.0,11.0,19
instrument (1),m,1,3,train,0.0,2.0,11.0,19
jungle2,m,0,3,train,0.0,0.0,0.0,20
jungle1,z,1,3,train,0.0,0.0,0.0,20
jungle3,m,1,3,train,0.0,0.0,0.0,20
jungle1,z,1,3,train,0.0,2.0,1.0,20
jungle3,m,1,3,train,0.0,2.0,1.0,20
jungle2,z,1,3,train,0.0,0.0,0.0,20
jungle3,m,1,3,train,0.0,2.0,2.0,20
jungle2,z,1,3,train,0.0,2.0,1.0,20
jungle1,z,1,3,train,0.0,5.0,2.0,20
jungle1,z,1,3,train,0.0,1.0,3.0,20
jungle2,z,1,3,train,0.0,3.0,2.0,20
jungle3,m,1,3,train,0.0,5.0,3.0,20
jungle3,m,1,3,train,0.0,1.0,4.0,20
jungle1,z,1,3,train,0.0,4.0,4.0,20
jungle2,z,1,3,train,0.0,4.0,3.0,20
jungle3,m,1,3,train,0.0,3.0,5.0,20
jungle1,z,1,3,train,0.0,3.0,5.0,20
jungle2,z,1,3,train,0.0,3.0,4.0,20
jungle1,z,1,3,train,0.0,2.0,6.0,20
jungle3,m,1,3,train,0.0,4.0,6.0,20
jungle2,z,1,3,train,0.0,3.0,5.0,20
jungle3,m,1,3,train,0.0,2.0,7.0,20
jungle2,z,1,3,train,0.0,2.0,6.0,20
jungle1,z,1,3,train,0.0,5.0,7.0,20
jungle2,z,1,3,train,0.0,2.0,7.0,20
jungle3,m,1,3,train,0.0,4.0,8.0,20
jungle1,z,1,3,train,0.0,3.0,8.0,20
jungle1,z,1,3,train,0.0,1.0,9.0,20
jungle2,z,1,3,train,0.0,4.0,8.0,20
jungle3,m,1,3,train,0.0,4.0,9.0,20
jungle2,z,1,3,train,0.0,2.0,9.0,20
jungle3,m,1,3,train,0.0,2.0,10.0,20
jungle1,z,1,3,train,0.0,5.0,10.0,20
jungle2,z,1,3,train,0.0,3.0,10.0,20
jungle1,z,1,3,train,0.0,2.0,11.0,20
jungle3,m,1,3,train,0.0,4.0,11.0,20
vegan (6),z,1,6,train,0.0,0.0,0.0,20
vegan (1),z,0,6,train,0.0,0.0,0.0,20
vegan (5),z,0,6,train,0.0,0.0,0.0,20
vegan (4),z,1,6,train,0.0,0.0,0.0,20
vegan (2),z,0,6,train,0.0,0.0,0.0,20
vegan (3),z,1,6,train,0.0,0.0,0.0,20
vegan (3),z,1,6,train,0.0,1.0,1.0,20
vegan (6),z,1,6,train,0.0,7.0,1.0,20
vegan (4),m,0,6,train,0.0,5.0,1.0,20
vegan (5),m,1,6,train,0.0,0.0,0.0,20
vegan (1),m,1,6,train,0.0,0.0,0.0,20
vegan (2),m,1,6,train,0.0,0.0,0.0,20
vegan (1),m,1,6,train,0.0,2.0,1.0,20
vegan (3),z,1,6,train,0.0,7.0,2.0,20
vegan (2),m,1,6,train,0.0,3.0,1.0,20
vegan (6),z,1,6,train,0.0,8.0,2.0,20
vegan (5),m,1,6,train,0.0,7.0,1.0,20
vegan (4),z,1,6,train,0.0,14.0,1.0,20
vegan (5),m,1,6,train,0.0,2.0,2.0,20
vegan (2),m,1,6,train,0.0,5.0,2.0,20
vegan (6),z,1,6,train,0.0,5.0,3.0,20
vegan (1),m,1,6,train,0.0,9.0,2.0,20
vegan (4),z,1,6,train,0.0,5.0,2.0,20
vegan (3),z,1,6,train,0.0,10.0,3.0,20
vegan (6),z,1,6,train,0.0,4.0,4.0,20
vegan (5),m,1,6,train,0.0,7.0,3.0,20
vegan (2),m,1,6,train,0.0,7.0,3.0,20
vegan (3),z,1,6,train,0.0,4.0,4.0,20
vegan (4),z,1,6,train,0.0,6.0,3.0,20
vegan (1),m,1,6,train,0.0,8.0,3.0,20
vegan (6),z,1,6,train,0.0,6.0,5.0,20
vegan (3),z,1,6,train,0.0,4.0,5.0,20
vegan (4),z,1,6,train,0.0,4.0,4.0,20
vegan (1),m,1,6,train,0.0,4.0,4.0,20
vegan (2),m,1,6,train,0.0,8.0,4.0,20
vegan (5),m,1,6,train,0.0,10.0,4.0,20
vegan (2),m,1,6,train,0.0,2.0,5.0,20
vegan (3),z,1,6,train,0.0,6.0,6.0,20
vegan (5),m,1,6,train,0.0,3.0,5.0,20
vegan (4),z,1,6,train,0.0,7.0,5.0,20
vegan (1),m,1,6,train,0.0,7.0,5.0,20
vegan (6),z,1,6,train,0.0,11.0,6.0,20
vegan (2),m,1,6,train,0.0,6.0,6.0,20
vegan (1),m,1,6,train,0.0,3.0,6.0,20
vegan (4),z,1,6,train,0.0,5.0,6.0,20
vegan (3),z,1,6,train,0.0,8.0,7.0,20
vegan (5),m,1,6,train,0.0,8.0,6.0,20
vegan (6),z,1,6,train,0.0,6.0,7.0,20
vegan (3),z,1,6,train,0.0,3.0,8.0,20
vegan (2),m,1,6,train,0.0,7.0,7.0,20
vegan (6),z,1,6,train,0.0,3.0,8.0,20
vegan (1),m,1,6,train,0.0,8.0,7.0,20
vegan (4),z,1,6,train,0.0,8.0,7.0,20
vegan (5),m,1,6,train,0.0,7.0,7.0,20
vegan (2),m,1,6,train,0.0,5.0,8.0,20
vegan (6),z,1,6,train,0.0,5.0,9.0,20
vegan (3),z,1,6,train,0.0,8.0,9.0,20
vegan (1),m,1,6,train,0.0,6.0,8.0,20
vegan (4),z,1,6,train,0.0,6.0,8.0,20
vegan (5),m,1,6,train,0.0,6.0,8.0,20
vegan (3),z,1,6,train,0.0,4.0,10.0,20
vegan (5),m,1,6,train,0.0,2.0,9.0,20
vegan (2),m,1,6,train,0.0,8.0,9.0,20
vegan (6),z,1,6,train,0.0,8.0,10.0,20
vegan (1),m,1,6,train,0.0,7.0,9.0,20
vegan (4),z,1,6,train,0.0,7.0,9.0,20
vegan (5),m,1,6,train,0.0,5.0,10.0,20
vegan (2),m,1,6,train,0.0,5.0,10.0,20
vegan (1),m,1,6,train,0.0,4.0,10.0,20
vegan (4),z,1,6,train,0.0,4.0,10.0,20
vegan (3),z,1,6,train,0.0,10.0,11.0,20
vegan (6),m,0,6,train,0.0,8.0,11.0,20
vegan (5),m,1,6,train,0.0,6.0,11.0,20
vegan (1),m,1,6,train,0.0,5.0,11.0,20
vegan (2),z,0,6,train,1.0,7.0,11.0,20
vegan (4),z,1,6,train,0.0,6.0,11.0,20
vegan (3),z,1,6,train,0.0,6.0,12.0,20
vegan (6),z,1,6,train,0.0,14.0,11.0,20
animal (1),z,1,3,train,0.0,0.0,0.0,20
animal (2),m,0,3,train,0.0,0.0,0.0,20
animal (3),z,0,3,train,0.0,0.0,0.0,20
animal (1),z,1,3,train,0.0,3.0,1.0,20
animal (3),m,1,3,train,0.0,0.0,0.0,20
animal (2),m,0,3,train,1.0,0.0,0.0,20
animal (2),z,1,3,train,0.0,0.0,0.0,20
animal (3),m,1,3,train,0.0,3.0,1.0,20
animal (1),z,1,3,train,0.0,5.0,2.0,20
animal (1),z,1,3,train,0.0,1.0,3.0,20
animal (2),z,1,3,train,0.0,4.0,1.0,20
animal (3),m,1,3,train,0.0,4.0,2.0,20
animal (1),z,1,3,train,0.0,3.0,4.0,20
animal (3),z,0,3,train,1.0,2.0,3.0,20
animal (2),z,1,3,train,0.0,4.0,2.0,20
animal (2),z,1,3,train,0.0,1.0,3.0,20
animal (3),m,1,3,train,0.0,5.0,3.0,20
animal (1),z,1,3,train,0.0,5.0,5.0,20
animal (3),m,1,3,train,0.0,2.0,4.0,20
animal (2),z,1,3,train,0.0,4.0,4.0,20
animal (1),z,1,3,train,0.0,3.0,6.0,20
animal (1),z,1,3,train,0.0,1.0,7.0,20
animal (3),m,1,3,train,0.0,4.0,5.0,20
animal (2),z,1,3,train,0.0,4.0,5.0,20
animal (2),z,1,3,train,0.0,1.0,6.0,20
animal (3),m,1,3,train,0.0,3.0,6.0,20
animal (1),z,1,3,train,0.0,5.0,8.0,20
animal (3),m,1,3,train,0.0,2.0,7.0,20
animal (1),z,1,3,train,0.0,2.0,9.0,20
animal (2),z,1,3,train,0.0,5.0,7.0,20
animal (2),z,1,3,train,0.0,1.0,8.0,20
animal (3),m,1,3,train,0.0,4.0,8.0,20
animal (2),z,1,3,train,0.0,2.0,9.0,20
animal (1),z,1,3,train,0.0,5.0,10.0,20
animal (3),m,1,3,train,0.0,3.0,9.0,20
animal (1),z,1,3,train,0.0,2.0,11.0,20
fruits (6),z,1,6,train,0.0,0.0,0.0,20
fruits (1),z,0,6,train,0.0,0.0,0.0,20
fruits (5),z,0,6,train,0.0,0.0,0.0,20
fruits (4),z,1,6,train,0.0,0.0,0.0,20
fruits (2),z,0,6,train,0.0,0.0,0.0,20
fruits (3),z,1,6,train,0.0,0.0,0.0,20
fruits (3),z,1,6,train,0.0,1.0,1.0,20
fruits (6),z,1,6,train,0.0,7.0,1.0,20
fruits (4),z,1,6,train,0.0,5.0,1.0,20
fruits (5),m,1,6,train,0.0,0.0,0.0,20
fruits (1),m,1,6,train,0.0,0.0,0.0,20
fruits (2),m,1,6,train,0.0,0.0,0.0,20
fruits (1),m,1,6,train,0.0,2.0,1.0,20
fruits (3),z,1,6,train,0.0,7.0,2.0,20
fruits (2),m,1,6,train,0.0,3.0,1.0,20
fruits (6),z,1,6,train,0.0,8.0,2.0,20
fruits (5),m,1,6,train,0.0,7.0,1.0,20
fruits (4),z,1,6,train,0.0,9.0,2.0,20
fruits (5),m,1,6,train,0.0,2.0,2.0,20
fruits (2),m,1,6,train,0.0,5.0,2.0,20
fruits (6),z,1,6,train,0.0,5.0,3.0,20
fruits (1),m,1,6,train,0.0,9.0,2.0,20
fruits (4),z,1,6,train,0.0,5.0,3.0,20
fruits (3),z,1,6,train,0.0,10.0,3.0,20
fruits (6),z,1,6,train,0.0,4.0,4.0,20
fruits (5),m,1,6,train,0.0,7.0,3.0,20
fruits (2),m,1,6,train,0.0,7.0,3.0,20
fruits (3),z,1,6,train,0.0,4.0,4.0,20
fruits (4),z,1,6,train,0.0,6.0,4.0,20
fruits (1),m,1,6,train,0.0,8.0,3.0,20
fruits (6),z,1,6,train,0.0,6.0,5.0,20
fruits (3),z,1,6,train,0.0,4.0,5.0,20
fruits (4),z,1,6,train,0.0,4.0,5.0,20
fruits (1),m,1,6,train,0.0,4.0,4.0,20
fruits (2),m,1,6,train,0.0,8.0,4.0,20
fruits (5),z,0,6,train,1.0,10.0,4.0,20
fruits (2),m,1,6,train,0.0,2.0,5.0,20
fruits (3),z,1,6,train,0.0,6.0,6.0,20
fruits (5),m,1,6,train,0.0,13.0,4.0,20
fruits (4),z,1,6,train,0.0,7.0,6.0,20
fruits (1),m,1,6,train,0.0,7.0,5.0,20
fruits (6),z,1,6,train,0.0,11.0,6.0,20
fruits (2),m,1,6,train,0.0,6.0,6.0,20
fruits (1),m,1,6,train,0.0,3.0,6.0,20
fruits (4),z,1,6,train,0.0,5.0,7.0,20
fruits (3),z,1,6,train,0.0,8.0,7.0,20
fruits (5),m,1,6,train,0.0,8.0,5.0,20
fruits (6),z,1,6,train,0.0,6.0,7.0,20
fruits (3),z,1,6,train,0.0,3.0,8.0,20
fruits (2),m,1,6,train,0.0,7.0,7.0,20
fruits (6),z,1,6,train,0.0,3.0,8.0,20
fruits (1),m,1,6,train,0.0,8.0,7.0,20
fruits (4),z,1,6,train,0.0,8.0,8.0,20
fruits (5),m,1,6,train,0.0,7.0,6.0,20
fruits (2),m,1,6,train,0.0,5.0,8.0,20
fruits (6),z,1,6,train,0.0,5.0,9.0,20
fruits (3),z,1,6,train,0.0,8.0,9.0,20
fruits (1),m,1,6,train,0.0,6.0,8.0,20
fruits (4),z,1,6,train,0.0,6.0,9.0,20
fruits (5),m,1,6,train,0.0,6.0,7.0,20
fruits (3),z,1,6,train,0.0,4.0,10.0,20
fruits (5),m,1,6,train,0.0,2.0,8.0,20
fruits (2),z,0,6,train,1.0,8.0,9.0,20
fruits (6),z,1,6,train,0.0,8.0,10.0,20
fruits (1),m,1,6,train,0.0,7.0,9.0,20
fruits (4),z,1,6,train,0.0,7.0,10.0,20
fruits (5),m,1,6,train,0.0,5.0,9.0,20
fruits (2),m,1,6,train,0.0,13.0,9.0,20
fruits (1),m,1,6,train,0.0,4.0,10.0,20
fruits (4),m,0,6,train,0.0,4.0,11.0,20
fruits (3),z,1,6,train,0.0,10.0,11.0,20
fruits (6),z,1,6,train,0.0,8.0,11.0,20
fruits (5),m,1,6,train,0.0,6.0,10.0,20
fruits (1),m,1,6,train,0.0,5.0,11.0,20
fruits (2),m,1,6,train,0.0,7.0,10.0,20
fruits (4),z,1,6,train,0.0,10.0,11.0,20
fruits (3),z,1,6,train,0.0,6.0,12.0,20
fruits (6),z,1,6,train,0.0,6.0,12.0,20
tools (1),z,1,3,train,0.0,0.0,0.0,20
tools (2),z,1,3,train,0.0,0.0,0.0,20
tools (3),m,1,3,train,0.0,0.0,0.0,20
tools (1),z,1,3,train,0.0,3.0,1.0,20
tools (3),m,1,3,train,0.0,2.0,1.0,20
tools (2),z,1,3,train,0.0,4.0,1.0,20
tools (2),m,0,3,train,0.0,1.0,2.0,20
tools (3),m,1,3,train,0.0,3.0,2.0,20
tools (1),z,1,3,train,0.0,5.0,2.0,20
tools (1),z,1,3,train,0.0,1.0,3.0,20
tools (2),z,1,3,train,0.0,5.0,2.0,20
tools (3),m,1,3,train,0.0,4.0,3.0,20
tools (1),z,1,3,train,0.0,3.0,4.0,20
tools (3),m,1,3,train,0.0,2.0,4.0,20
tools (2),z,1,3,train,0.0,4.0,3.0,20
tools (2),z,1,3,train,0.0,1.0,4.0,20
tools (3),m,1,3,train,0.0,3.0,5.0,20
tools (1),z,1,3,train,0.0,5.0,5.0,20
tools (3),m,1,3,train,0.0,2.0,6.0,20
tools (2),m,0,3,train,1.0,4.0,5.0,20
tools (1),z,1,3,train,0.0,3.0,6.0,20
tools (1),z,1,3,train,0.0,1.0,7.0,20
tools (3),m,1,3,train,0.0,4.0,7.0,20
tools (2),z,1,3,train,0.0,8.0,5.0,20
tools (2),z,1,3,train,0.0,1.0,6.0,20
tools (3),m,1,3,train,0.0,3.0,8.0,20
tools (1),z,1,3,train,0.0,5.0,8.0,20
tools (3),m,1,3,train,0.0,2.0,9.0,20
tools (1),z,1,3,train,0.0,2.0,9.0,20
tools (2),z,1,3,train,0.0,5.0,7.0,20
tools (2),z,1,3,train,0.0,1.0,8.0,20
tools (3),m,1,3,train,0.0,4.0,10.0,20
tools (2),z,1,3,train,0.0,2.0,9.0,20
tools (1),z,1,3,train,0.0,5.0,10.0,20
tools (3),m,1,3,train,0.0,3.0,11.0,20
tools (1),z,1,3,train,0.0,2.0,11.0,20
clothes (6),z,1,6,train,0.0,0.0,0.0,20
clothes (1),z,0,6,train,0.0,0.0,0.0,20
clothes (5),z,0,6,train,0.0,0.0,0.0,20
clothes (4),z,1,6,train,0.0,0.0,0.0,20
clothes (2),z,0,6,train,0.0,0.0,0.0,20
clothes (3),z,1,6,train,0.0,0.0,0.0,20
clothes (3),z,1,6,train,0.0,1.0,1.0,20
clothes (6),z,1,6,train,0.0,7.0,1.0,20
clothes (4),m,0,6,train,0.0,5.0,1.0,20
clothes (5),m,1,6,train,0.0,0.0,0.0,20
clothes (1),z,0,6,train,1.0,0.0,0.0,20
clothes (2),m,1,6,train,0.0,0.0,0.0,20
clothes (1),m,1,6,train,0.0,0.0,0.0,20
clothes (3),z,1,6,train,0.0,7.0,2.0,20
clothes (2),m,1,6,train,0.0,3.0,1.0,20
clothes (6),z,1,6,train,0.0,8.0,2.0,20
clothes (5),m,1,6,train,0.0,7.0,1.0,20
clothes (4),z,1,6,train,0.0,14.0,1.0,20
clothes (5),m,1,6,train,0.0,2.0,2.0,20
clothes (2),m,1,6,train,0.0,5.0,2.0,20
clothes (6),z,1,6,train,0.0,5.0,3.0,20
clothes (1),m,1,6,train,0.0,9.0,1.0,20
clothes (4),z,1,6,train,0.0,5.0,2.0,20
clothes (3),z,1,6,train,0.0,10.0,3.0,20
clothes (6),z,1,6,train,0.0,4.0,4.0,20
clothes (5),m,1,6,train,0.0,7.0,3.0,20
clothes (2),m,1,6,train,0.0,7.0,3.0,20
clothes (3),z,1,6,train,0.0,4.0,4.0,20
clothes (4),z,1,6,train,0.0,6.0,3.0,20
clothes (1),m,1,6,train,0.0,8.0,2.0,20
clothes (6),z,1,6,train,0.0,6.0,5.0,20
clothes (3),z,1,6,train,0.0,4.0,5.0,20
clothes (4),z,1,6,train,0.0,4.0,4.0,20
clothes (1),m,1,6,train,0.0,4.0,3.0,20
clothes (2),m,1,6,train,0.0,8.0,4.0,20
clothes (5),m,1,6,train,0.0,10.0,4.0,20
clothes (2),m,1,6,train,0.0,2.0,5.0,20
clothes (3),z,1,6,train,0.0,6.0,6.0,20
clothes (5),m,1,6,train,0.0,3.0,5.0,20
clothes (4),z,1,6,train,0.0,7.0,5.0,20
clothes (1),m,1,6,train,0.0,7.0,4.0,20
clothes (6),z,1,6,train,0.0,11.0,6.0,20
clothes (2),m,1,6,train,0.0,6.0,6.0,20
clothes (1),m,1,6,train,0.0,3.0,5.0,20
clothes (4),z,1,6,train,0.0,5.0,6.0,20
clothes (3),z,1,6,train,0.0,8.0,7.0,20
clothes (5),m,1,6,train,0.0,8.0,6.0,20
clothes (6),z,1,6,train,0.0,6.0,7.0,20
clothes (3),z,1,6,train,0.0,3.0,8.0,20
clothes (2),m,1,6,train,0.0,7.0,7.0,20
clothes (6),m,0,6,train,0.0,3.0,8.0,20
clothes (1),m,1,6,train,0.0,8.0,6.0,20
clothes (4),z,1,6,train,0.0,8.0,7.0,20
clothes (5),m,1,6,train,0.0,7.0,7.0,20
clothes (2),m,1,6,train,0.0,5.0,8.0,20
clothes (6),z,1,6,train,0.0,8.0,8.0,20
clothes (3),z,1,6,train,0.0,8.0,9.0,20
clothes (1),m,1,6,train,0.0,6.0,7.0,20
clothes (4),z,1,6,train,0.0,6.0,8.0,20
clothes (5),m,1,6,train,0.0,6.0,8.0,20
clothes (3),z,1,6,train,0.0,4.0,10.0,20
clothes (5),m,1,6,train,0.0,2.0,9.0,20
clothes (2),m,1,6,train,0.0,8.0,9.0,20
clothes (6),z,1,6,train,0.0,8.0,9.0,20
clothes (1),m,1,6,train,0.0,7.0,8.0,20
clothes (4),z,1,6,train,0.0,7.0,9.0,20
clothes (5),m,1,6,train,0.0,5.0,10.0,20
clothes (2),m,1,6,train,0.0,5.0,10.0,20
clothes (1),m,1,6,train,0.0,4.0,9.0,20
clothes (4),z,1,6,train,0.0,4.0,10.0,20
clothes (3),z,1,6,train,0.0,10.0,11.0,20
clothes (6),z,1,6,train,0.0,8.0,10.0,20
clothes (5),m,1,6,train,0.0,6.0,11.0,20
clothes (1),m,1,6,train,0.0,5.0,10.0,20
clothes (2),m,1,6,train,0.0,7.0,11.0,20
clothes (4),z,1,6,train,0.0,6.0,11.0,20
clothes (3),z,1,6,train,0.0,6.0,12.0,20
clothes (6),z,1,6,train,0.0,6.0,11.0,20
face (1),z,1,3,train,0.0,0.0,0.0,20
face (2),m,0,3,train,0.0,0.0,0.0,20
face (3),m,1,3,train,0.0,0.0,0.0,20
face (1),z,1,3,train,0.0,3.0,1.0,20
face (3),m,1,3,train,0.0,2.0,1.0,20
face (2),z,1,3,train,0.0,0.0,0.0,20
face (2),z,1,3,train,0.0,1.0,1.0,20
face (3),m,1,3,train,0.0,3.0,2.0,20
face (1),z,1,3,train,0.0,5.0,2.0,20
face (1),z,1,3,train,0.0,1.0,3.0,20
face (2),m,0,3,train,1.0,4.0,2.0,20
face (3),m,1,3,train,0.0,4.0,3.0,20
face (1),z,1,3,train,0.0,3.0,4.0,20
face (3),m,1,3,train,0.0,2.0,4.0,20
face (2),z,1,3,train,0.0,8.0,2.0,20
face (2),z,1,3,train,0.0,1.0,3.0,20
face (3),m,1,3,train,0.0,3.0,5.0,20
face (1),z,1,3,train,0.0,5.0,5.0,20
face (3),m,1,3,train,0.0,2.0,6.0,20
face (2),z,1,3,train,0.0,4.0,4.0,20
face (1),z,1,3,train,0.0,3.0,6.0,20
face (1),z,1,3,train,0.0,1.0,7.0,20
face (3),m,1,3,train,0.0,4.0,7.0,20
face (2),m,0,3,train,1.0,4.0,5.0,20
face (2),z,1,3,train,0.0,5.0,5.0,20
face (3),m,1,3,train,0.0,3.0,8.0,20
face (1),z,1,3,train,0.0,5.0,8.0,20
face (3),m,1,3,train,0.0,2.0,9.0,20
face (1),z,1,3,train,0.0,2.0,9.0,20
face (2),z,1,3,train,0.0,5.0,6.0,20
face (2),z,1,3,train,0.0,1.0,7.0,20
face (3),m,1,3,train,0.0,4.0,10.0,20
face (2),z,1,3,train,0.0,2.0,8.0,20
face (1),z,1,3,train,0.0,5.0,10.0,20
face (3),m,1,3,train,0.0,3.0,11.0,20
face (1),z,1,3,train,0.0,2.0,11.0,20
color (6),z,1,6,train,0.0,0.0,0.0,20
color (1),m,1,6,train,0.0,0.0,0.0,20
color (5),m,1,6,train,0.0,0.0,0.0,20
color (4),m,0,6,train,0.0,0.0,0.0,20
color (2),m,1,6,train,0.0,0.0,0.0,20
color (3),m,0,6,train,0.0,0.0,0.0,20
color (3),z,1,6,train,0.0,0.0,0.0,20
color (6),m,0,6,train,0.0,7.0,1.0,20
color (4),m,0,6,train,1.0,0.0,0.0,20
color (5),z,0,6,train,0.0,7.0,1.0,20
color (1),z,0,6,train,0.0,9.0,1.0,20
color (2),z,0,6,train,0.0,7.0,1.0,20
color (1),z,0,6,train,1.0,11.0,1.0,20
color (3),m,0,6,train,1.0,7.0,1.0,20
color (2),m,1,6,train,0.0,10.0,1.0,20
color (6),z,1,6,train,0.0,15.0,1.0,20
color (5),z,0,6,train,1.0,14.0,1.0,20
color (4),m,0,6,train,1.0,0.0,0.0,20
color (5),m,1,6,train,0.0,16.0,1.0,20
color (2),z,0,6,train,1.0,5.0,2.0,20
color (6),z,1,6,train,0.0,5.0,2.0,20
color (1),z,0,6,train,1.0,20.0,1.0,20
color (4),m,0,6,train,1.0,0.0,0.0,20
color (3),m,0,6,train,1.0,17.0,1.0,20
color (6),z,1,6,train,0.0,4.0,3.0,20
color (5),m,1,6,train,0.0,7.0,2.0,20
color (2),z,0,6,train,1.0,12.0,2.0,20
color (3),z,1,6,train,0.0,21.0,1.0,20
color (4),z,1,6,train,0.0,0.0,0.0,20
color (1),z,0,6,train,1.0,28.0,1.0,20
color (6),z,1,6,train,0.0,6.0,4.0,20
color (3),z,1,6,train,0.0,4.0,2.0,20
color (4),z,1,6,train,0.0,4.0,1.0,20
color (1),m,1,6,train,0.0,32.0,1.0,20
color (2),m,1,6,train,0.0,20.0,2.0,20
color (5),m,1,6,train,0.0,10.0,3.0,20
color (2),m,1,6,train,0.0,2.0,3.0,20
color (3),z,1,6,train,0.0,6.0,3.0,20
color (5),m,1,6,train,0.0,3.0,4.0,20
color (4),z,1,6,train,0.0,7.0,2.0,20
color (1),m,1,6,train,0.0,7.0,2.0,20
color (6),z,1,6,train,0.0,11.0,5.0,20
color (2),m,1,6,train,0.0,6.0,4.0,20
color (1),m,1,6,train,0.0,3.0,3.0,20
color (4),z,1,6,train,0.0,5.0,3.0,20
color (3),z,1,6,train,0.0,8.0,4.0,20
color (5),m,1,6,train,0.0,8.0,5.0,20
color (6),z,1,6,train,0.0,6.0,6.0,20
color (3),z,1,6,train,0.0,3.0,5.0,20
color (2),m,1,6,train,0.0,7.0,5.0,20
color (6),z,1,6,train,0.0,3.0,7.0,20
color (1),m,1,6,train,0.0,8.0,4.0,20
color (4),z,1,6,train,0.0,8.0,4.0,20
color (5),m,1,6,train,0.0,7.0,6.0,20
color (2),m,1,6,train,0.0,5.0,6.0,20
color (6),z,1,6,train,0.0,5.0,8.0,20
color (3),z,1,6,train,0.0,8.0,6.0,20
color (1),m,1,6,train,0.0,6.0,5.0,20
color (4),z,1,6,train,0.0,6.0,5.0,20
color (5),m,1,6,train,0.0,6.0,7.0,20
color (3),z,1,6,train,0.0,4.0,7.0,20
color (5),m,1,6,train,0.0,2.0,8.0,20
color (2),m,1,6,train,0.0,8.0,7.0,20
color (6),z,1,6,train,0.0,8.0,9.0,20
color (1),m,1,6,train,0.0,7.0,6.0,20
color (4),z,1,6,train,0.0,7.0,6.0,20
color (5),m,1,6,train,0.0,5.0,9.0,20
color (2),m,1,6,train,0.0,5.0,8.0,20
color (1),m,1,6,train,0.0,4.0,7.0,20
color (4),z,1,6,train,0.0,4.0,7.0,20
color (3),m,0,6,train,1.0,10.0,8.0,20
color (6),z,1,6,train,0.0,8.0,10.0,20
color (5),m,1,6,train,0.0,6.0,10.0,20
color (1),m,1,6,train,0.0,5.0,8.0,20
color (2),m,1,6,train,0.0,7.0,9.0,20
color (4),z,1,6,train,0.0,6.0,8.0,20
color (3),z,1,6,train,0.0,16.0,8.0,20
color (6),z,1,6,train,0.0,6.0,11.0,20
symbol (1),z,0,3,train,0.0,0.0,0.0,20
symbol (2),z,0,3,train,0.0,0.0,0.0,20
symbol (3),z,1,3,train,0.0,0.0,0.0,20
symbol (1),m,1,3,train,0.0,0.0,0.0,20
symbol (3),z,1,3,train,0.0,2.0,1.0,20
symbol (2),m,1,3,train,0.0,0.0,0.0,20
symbol (2),m,1,3,train,0.0,1.0,1.0,20
symbol (3),z,1,3,train,0.0,3.0,2.0,20
symbol (1),m,1,3,train,0.0,5.0,1.0,20
symbol (1),m,1,3,train,0.0,1.0,2.0,20
symbol (2),m,1,3,train,0.0,4.0,2.0,20
symbol (3),z,1,3,train,0.0,4.0,3.0,20
symbol (1),m,1,3,train,0.0,3.0,3.0,20
symbol (3),z,1,3,train,0.0,2.0,4.0,20
symbol (2),m,1,3,train,0.0,4.0,3.0,20
symbol (2),m,1,3,train,0.0,1.0,4.0,20
symbol (3),z,1,3,train,0.0,3.0,5.0,20
symbol (1),m,1,3,train,0.0,5.0,4.0,20
symbol (3),z,1,3,train,0.0,2.0,6.0,20
symbol (2),m,1,3,train,0.0,4.0,5.0,20
symbol (1),m,1,3,train,0.0,3.0,5.0,20
symbol (1),z,0,3,train,1.0,1.0,6.0,20
symbol (3),z,1,3,train,0.0,4.0,7.0,20
symbol (2),m,1,3,train,0.0,4.0,6.0,20
symbol (2),m,1,3,train,0.0,1.0,7.0,20
symbol (3),z,1,3,train,0.0,3.0,8.0,20
symbol (1),m,1,3,train,0.0,6.0,6.0,20
symbol (3),z,1,3,train,0.0,2.0,9.0,20
symbol (1),z,0,3,train,1.0,2.0,7.0,20
symbol (2),m,1,3,train,0.0,5.0,8.0,20
symbol (2),m,1,3,train,0.0,1.0,9.0,20
symbol (3),z,1,3,train,0.0,4.0,10.0,20
symbol (2),m,1,3,train,0.0,2.0,10.0,20
symbol (1),m,1,3,train,0.0,7.0,7.0,20
symbol (3),z,1,3,train,0.0,3.0,11.0,20
symbol (1),m,1,3,train,0.0,2.0,8.0,20
environment (6),m,0,6,train,0.0,0.0,0.0,20
environment (1),m,1,6,train,0.0,0.0,0.0,20
environment (5),m,1,6,train,0.0,0.0,0.0,20
environment (4),m,0,6,train,0.0,0.0,0.0,20
environment (2),z,0,6,train,0.0,0.0,0.0,20
environment (3),z,1,6,train,0.0,0.0,0.0,20
environment (3),z,1,6,train,0.0,1.0,1.0,20
environment (6),m,0,6,train,1.0,0.0,0.0,20
environment (4),m,0,6,train,1.0,0.0,0.0,20
environment (5),z,0,6,train,0.0,7.0,1.0,20
environment (1),z,0,6,train,0.0,9.0,1.0,20
environment (2),z,0,6,train,1.0,0.0,0.0,20
environment (1),z,0,6,train,1.0,11.0,1.0,20
environment (3),z,1,6,train,0.0,7.0,2.0,20
environment (2),m,1,6,train,0.0,0.0,0.0,20
environment (6),z,1,6,train,0.0,0.0,0.0,20
environment (5),m,1,6,train,0.0,14.0,1.0,20
environment (4),z,1,6,train,0.0,0.0,0.0,20
environment (5),m,1,6,train,0.0,2.0,2.0,20
environment (2),z,0,6,train,1.0,5.0,1.0,20
environment (6),z,1,6,train,0.0,5.0,1.0,20
environment (1),m,1,6,train,0.0,20.0,1.0,20
environment (4),m,0,6,train,1.0,5.0,1.0,20
environment (3),z,1,6,train,0.0,10.0,3.0,20
environment (6),z,1,6,train,0.0,4.0,2.0,20
environment (5),m,1,6,train,0.0,7.0,3.0,20
environment (2),m,1,6,train,0.0,12.0,1.0,20
environment (3),z,1,6,train,0.0,4.0,4.0,20
environment (4),z,1,6,train,0.0,11.0,1.0,20
environment (1),m,1,6,train,0.0,8.0,2.0,20
environment (6),z,1,6,train,0.0,6.0,3.0,20
environment (3),z,1,6,train,0.0,4.0,5.0,20
environment (4),z,1,6,train,0.0,4.0,2.0,20
environment (1),m,1,6,train,0.0,4.0,3.0,20
environment (2),m,1,6,train,0.0,8.0,2.0,20
environment (5),m,1,6,train,0.0,10.0,4.0,20
environment (2),m,1,6,train,0.0,2.0,3.0,20
environment (3),z,1,6,train,0.0,6.0,6.0,20
environment (5),m,1,6,train,0.0,3.0,5.0,20
environment (4),z,1,6,train,0.0,7.0,3.0,20
environment (1),m,1,6,train,0.0,7.0,4.0,20
environment (6),z,1,6,train,0.0,11.0,4.0,20
environment (2),m,1,6,train,0.0,6.0,4.0,20
environment (1),m,1,6,train,0.0,3.0,5.0,20
environment (4),z,1,6,train,0.0,5.0,4.0,20
environment (3),z,1,6,train,0.0,8.0,7.0,20
environment (5),m,1,6,train,0.0,8.0,6.0,20
environment (6),z,1,6,train,0.0,6.0,5.0,20
environment (3),z,1,6,train,0.0,3.0,8.0,20
environment (2),m,1,6,train,0.0,7.0,5.0,20
environment (6),z,1,6,train,0.0,3.0,6.0,20
environment (1),m,1,6,train,0.0,8.0,6.0,20
environment (4),z,1,6,train,0.0,8.0,5.0,20
environment (5),m,1,6,train,0.0,7.0,7.0,20
environment (2),m,1,6,train,0.0,5.0,6.0,20
environment (6),z,1,6,train,0.0,5.0,7.0,20
environment (3),z,1,6,train,0.0,8.0,9.0,20
environment (1),m,1,6,train,0.0,6.0,7.0,20
environment (4),z,1,6,train,0.0,6.0,6.0,20
environment (5),m,1,6,train,0.0,6.0,8.0,20
environment (3),z,1,6,train,0.0,4.0,10.0,20
environment (5),m,1,6,train,0.0,2.0,9.0,20
environment (2),m,1,6,train,0.0,8.0,7.0,20
environment (6),z,1,6,train,0.0,8.0,8.0,20
environment (1),m,1,6,train,0.0,7.0,8.0,20
environment (4),z,1,6,train,0.0,7.0,7.0,20
environment (5),m,1,6,train,0.0,5.0,10.0,20
environment (2),m,1,6,train,0.0,5.0,8.0,20
environment (1),m,1,6,train,0.0,4.0,9.0,20
environment (4),z,1,6,train,0.0,4.0,8.0,20
environment (3),z,1,6,train,0.0,10.0,11.0,20
environment (6),z,1,6,train,0.0,8.0,9.0,20
environment (5),m,1,6,train,0.0,6.0,11.0,20
environment (1),m,1,6,train,0.0,5.0,10.0,20
environment (2),z,0,6,train,1.0,7.0,9.0,20
environment (4),z,1,6,train,0.0,6.0,9.0,20
environment (3),z,1,6,train,0.0,6.0,12.0,20
environment (6),z,1,6,train,0.0,6.0,10.0,20
vehicle (1),m,1,3,train,0.0,0.0,0.0,20
vehicle (2),m,1,3,train,0.0,0.0,0.0,20
vehicle (3),z,1,3,train,0.0,0.0,0.0,20
vehicle (1),m,1,3,train,0.0,3.0,1.0,20
vehicle (3),z,1,3,train,0.0,2.0,1.0,20
vehicle (2),m,1,3,train,0.0,4.0,1.0,20
vehicle (2),m,1,3,train,0.0,1.0,2.0,20
vehicle (3),z,1,3,train,0.0,3.0,2.0,20
vehicle (1),m,1,3,train,0.0,5.0,2.0,20
vehicle (1),m,1,3,train,0.0,1.0,3.0,20
vehicle (2),m,1,3,train,0.0,4.0,3.0,20
vehicle (3),z,1,3,train,0.0,4.0,3.0,20
vehicle (1),m,1,3,train,0.0,3.0,4.0,20
vehicle (3),z,1,3,train,0.0,2.0,4.0,20
vehicle (2),m,1,3,train,0.0,4.0,4.0,20
vehicle (2),m,1,3,train,0.0,1.0,5.0,20
vehicle (3),z,1,3,train,0.0,3.0,5.0,20
vehicle (1),m,1,3,train,0.0,5.0,5.0,20
vehicle (3),z,1,3,train,0.0,2.0,6.0,20
vehicle (2),m,1,3,train,0.0,4.0,6.0,20
vehicle (1),m,1,3,train,0.0,3.0,6.0,20
vehicle (1),m,1,3,train,0.0,1.0,7.0,20
vehicle (3),z,1,3,train,0.0,4.0,7.0,20
vehicle (2),m,1,3,train,0.0,4.0,7.0,20
vehicle (2),m,1,3,train,0.0,1.0,8.0,20
vehicle (3),m,0,3,train,0.0,3.0,8.0,20
vehicle (1),m,1,3,train,0.0,5.0,8.0,20
vehicle (3),z,1,3,train,0.0,5.0,8.0,20
vehicle (1),z,0,3,train,0.0,2.0,9.0,20
vehicle (2),m,1,3,train,0.0,5.0,9.0,20
vehicle (2),m,1,3,train,0.0,1.0,10.0,20
vehicle (3),z,1,3,train,0.0,4.0,9.0,20
vehicle (2),m,1,3,train,0.0,2.0,11.0,20
vehicle (1),m,1,3,train,0.0,7.0,9.0,20
vehicle (3),z,1,3,train,0.0,3.0,10.0,20
vehicle (1),m,1,3,train,0.0,2.0,10.0,20
instrument (1),m,1,3,train,0.0,0.0,0.0,20
instrument (2),m,1,3,train,0.0,0.0,0.0,20
instrument (3),z,1,3,train,0.0,0.0,0.0,20
instrument (1),m,1,3,train,0.0,3.0,1.0,20
instrument (3),m,0,3,train,0.0,2.0,1.0,20
instrument (2),m,1,3,train,0.0,4.0,1.0,20
instrument (2),m,1,3,train,0.0,1.0,2.0,20
instrument (3),z,1,3,train,0.0,5.0,1.0,20
instrument (1),m,1,3,train,0.0,5.0,2.0,20
instrument (1),m,1,3,train,0.0,1.0,3.0,20
instrument (2),m,1,3,train,0.0,4.0,3.0,20
instrument (3),z,1,3,train,0.0,4.0,2.0,20
instrument (1),m,1,3,train,0.0,3.0,4.0,20
instrument (3),z,1,3,train,0.0,2.0,3.0,20
instrument (2),m,1,3,train,0.0,4.0,4.0,20
instrument (2),m,1,3,train,0.0,1.0,5.0,20
instrument (3),z,1,3,train,0.0,3.0,4.0,20
instrument (1),m,1,3,train,0.0,5.0,5.0,20
instrument (3),z,1,3,train,0.0,2.0,5.0,20
instrument (2),m,1,3,train,0.0,4.0,6.0,20
instrument (1),m,1,3,train,0.0,3.0,6.0,20
instrument (1),m,1,3,train,0.0,1.0,7.0,20
instrument (3),z,1,3,train,0.0,4.0,6.0,20
instrument (2),m,1,3,train,0.0,4.0,7.0,20
instrument (2),m,1,3,train,0.0,1.0,8.0,20
instrument (3),z,1,3,train,0.0,3.0,7.0,20
instrument (1),m,1,3,train,0.0,5.0,8.0,20
instrument (3),z,1,3,train,0.0,2.0,8.0,20
instrument (1),m,1,3,train,0.0,2.0,9.0,20
instrument (2),m,1,3,train,0.0,5.0,9.0,20
instrument (2),m,1,3,train,0.0,1.0,10.0,20
instrument (3),z,1,3,train,0.0,4.0,9.0,20
instrument (2),m,1,3,train,0.0,2.0,11.0,20
instrument (1),m,1,3,train,0.0,5.0,10.0,20
instrument (3),z,1,3,train,0.0,3.0,10.0,20
instrument (1),m,1,3,train,0.0,2.0,11.0,20
jungle2,z,1,3,train,0.0,0.0,0.0,21
jungle1,m,0,3,train,0.0,0.0,0.0,21
jungle3,z,0,3,train,0.0,0.0,0.0,21
jungle1,m,0,3,train,1.0,0.0,0.0,21
jungle3,m,1,3,train,0.0,0.0,0.0,21
jungle2,z,1,3,train,0.0,5.0,1.0,21
jungle3,m,1,3,train,0.0,2.0,1.0,21
jungle2,z,1,3,train,0.0,2.0,2.0,21
jungle1,m,0,3,train,1.0,0.0,0.0,21
jungle1,z,1,3,train,0.0,0.0,0.0,21
jungle2,z,1,3,train,0.0,3.0,3.0,21
jungle3,m,1,3,train,0.0,5.0,2.0,21
jungle3,m,1,3,train,0.0,1.0,3.0,21
jungle1,z,1,3,train,0.0,4.0,1.0,21
jungle2,z,1,3,train,0.0,4.0,4.0,21
jungle3,m,1,3,train,0.0,3.0,4.0,21
jungle1,z,1,3,train,0.0,3.0,2.0,21
jungle2,z,1,3,train,0.0,3.0,5.0,21
jungle1,m,0,3,train,1.0,2.0,3.0,21
jungle3,m,1,3,train,0.0,4.0,5.0,21
jungle2,z,1,3,train,0.0,3.0,6.0,21
jungle3,m,1,3,train,0.0,2.0,6.0,21
jungle2,z,1,3,train,0.0,2.0,7.0,21
jungle1,z,1,3,train,0.0,7.0,3.0,21
jungle2,z,1,3,train,0.0,2.0,8.0,21
jungle3,m,1,3,train,0.0,4.0,7.0,21
jungle1,z,1,3,train,0.0,3.0,4.0,21
jungle1,z,1,3,train,0.0,1.0,5.0,21
jungle2,z,1,3,train,0.0,4.0,9.0,21
jungle3,m,1,3,train,0.0,4.0,8.0,21
jungle2,z,1,3,train,0.0,2.0,10.0,21
jungle3,m,1,3,train,0.0,2.0,9.0,21
jungle1,z,1,3,train,0.0,5.0,6.0,21
jungle2,z,1,3,train,0.0,3.0,11.0,21
jungle1,z,1,3,train,0.0,2.0,7.0,21
jungle3,m,1,3,train,0.0,4.0,10.0,21
vegan (6),z,1,6,train,0.0,0.0,0.0,21
vegan (1),m,1,6,train,0.0,0.0,0.0,21
vegan (5),m,1,6,train,0.0,0.0,0.0,21
vegan (4),z,1,6,train,0.0,0.0,0.0,21
vegan (2),m,1,6,train,0.0,0.0,0.0,21
vegan (3),z,1,6,train,0.0,0.0,0.0,21
vegan (3),z,1,6,train,0.0,1.0,1.0,21
vegan (6),z,1,6,train,0.0,7.0,1.0,21
vegan (4),z,1,6,train,0.0,5.0,1.0,21
vegan (5),z,0,6,train,0.0,7.0,1.0,21
vegan (1),z,0,6,train,0.0,9.0,1.0,21
vegan (2),m,1,6,train,0.0,7.0,1.0,21
vegan (1),z,0,6,train,1.0,11.0,1.0,21
vegan (3),z,1,6,train,0.0,7.0,2.0,21
vegan (2),m,1,6,train,0.0,3.0,2.0,21
vegan (6),z,1,6,train,0.0,8.0,2.0,21
vegan (5),m,1,6,train,0.0,14.0,1.0,21
vegan (4),z,1,6,train,0.0,9.0,2.0,21
vegan (5),m,1,6,train,0.0,2.0,2.0,21
vegan (2),m,1,6,train,0.0,5.0,3.0,21
vegan (6),z,1,6,train,0.0,5.0,3.0,21
vegan (1),m,1,6,train,0.0,20.0,1.0,21
vegan (4),z,1,6,train,0.0,5.0,3.0,21
vegan (3),m,0,6,train,0.0,10.0,3.0,21
vegan (6),z,1,6,train,0.0,4.0,4.0,21
vegan (5),m,1,6,train,0.0,7.0,3.0,21
vegan (2),m,1,6,train,0.0,7.0,4.0,21
vegan (3),z,1,6,train,0.0,14.0,3.0,21
vegan (4),z,1,6,train,0.0,6.0,4.0,21
vegan (1),m,1,6,train,0.0,8.0,2.0,21
vegan (6),z,1,6,train,0.0,6.0,5.0,21
vegan (3),z,1,6,train,0.0,4.0,4.0,21
vegan (4),z,1,6,train,0.0,4.0,5.0,21
vegan (1),m,1,6,train,0.0,4.0,3.0,21
vegan (2),m,1,6,train,0.0,8.0,5.0,21
vegan (5),m,1,6,train,0.0,10.0,4.0,21
vegan (2),m,1,6,train,0.0,2.0,6.0,21
vegan (3),z,1,6,train,0.0,6.0,5.0,21
vegan (5),m,1,6,train,0.0,3.0,5.0,21
vegan (4),z,1,6,train,0.0,7.0,6.0,21
vegan (1),m,1,6,train,0.0,7.0,4.0,21
vegan (6),z,1,6,train,0.0,11.0,6.0,21
vegan (2),m,1,6,train,0.0,6.0,7.0,21
vegan (1),m,1,6,train,0.0,3.0,5.0,21
vegan (4),z,1,6,train,0.0,5.0,7.0,21
vegan (3),z,1,6,train,0.0,8.0,6.0,21
vegan (5),m,1,6,train,0.0,8.0,6.0,21
vegan (6),z,1,6,train,0.0,6.0,7.0,21
vegan (3),z,1,6,train,0.0,3.0,7.0,21
vegan (2),m,1,6,train,0.0,7.0,8.0,21
vegan (6),z,1,6,train,0.0,3.0,8.0,21
vegan (1),m,1,6,train,0.0,8.0,6.0,21
vegan (4),z,1,6,train,0.0,8.0,8.0,21
vegan (5),m,1,6,train,0.0,7.0,7.0,21
vegan (2),m,1,6,train,0.0,5.0,9.0,21
vegan (6),z,1,6,train,0.0,5.0,9.0,21
vegan (3),z,1,6,train,0.0,8.0,8.0,21
vegan (1),m,1,6,train,0.0,6.0,7.0,21
vegan (4),z,1,6,train,0.0,6.0,9.0,21
vegan (5),m,1,6,train,0.0,6.0,8.0,21
vegan (3),z,1,6,train,0.0,4.0,9.0,21
vegan (5),m,1,6,train,0.0,2.0,9.0,21
vegan (2),m,1,6,train,0.0,8.0,10.0,21
vegan (6),z,1,6,train,0.0,8.0,10.0,21
vegan (1),m,1,6,train,0.0,7.0,8.0,21
vegan (4),z,1,6,train,0.0,7.0,10.0,21
vegan (5),m,1,6,train,0.0,5.0,10.0,21
vegan (2),m,1,6,train,0.0,5.0,11.0,21
vegan (1),m,1,6,train,0.0,4.0,9.0,21
vegan (4),z,1,6,train,0.0,4.0,11.0,21
vegan (3),z,1,6,train,0.0,10.0,10.0,21
vegan (6),z,1,6,train,0.0,8.0,11.0,21
vegan (5),m,1,6,train,0.0,6.0,11.0,21
vegan (1),m,1,6,train,0.0,5.0,10.0,21
vegan (2),m,1,6,train,0.0,7.0,12.0,21
vegan (4),z,1,6,train,0.0,6.0,12.0,21
vegan (3),z,1,6,train,0.0,6.0,11.0,21
vegan (6),z,1,6,train,0.0,6.0,12.0,21
animal (1),z,1,3,train,0.0,0.0,0.0,21
animal (2),m,0,3,train,0.0,0.0,0.0,21
animal (3),m,1,3,train,0.0,0.0,0.0,21
animal (1),z,1,3,train,0.0,3.0,1.0,21
animal (3),m,1,3,train,0.0,2.0,1.0,21
animal (2),z,1,3,train,0.0,0.0,0.0,21
animal (2),z,1,3,train,0.0,1.0,1.0,21
animal (3),m,1,3,train,0.0,3.0,2.0,21
animal (1),z,1,3,train,0.0,5.0,2.0,21
animal (1),m,0,3,train,0.0,1.0,3.0,21
animal (2),m,0,3,train,1.0,4.0,2.0,21
animal (3),m,1,3,train,0.0,4.0,3.0,21
animal (1),z,1,3,train,0.0,4.0,3.0,21
animal (3),m,1,3,train,0.0,2.0,4.0,21
animal (2),z,1,3,train,0.0,8.0,2.0,21
animal (2),z,1,3,train,0.0,1.0,3.0,21
animal (3),m,1,3,train,0.0,3.0,5.0,21
animal (1),z,1,3,train,0.0,5.0,4.0,21
animal (3),m,1,3,train,0.0,2.0,6.0,21
animal (2),z,1,3,train,0.0,4.0,4.0,21
animal (1),z,1,3,train,0.0,3.0,5.0,21
animal (1),z,1,3,train,0.0,1.0,6.0,21
animal (3),m,1,3,train,0.0,4.0,7.0,21
animal (2),z,1,3,train,0.0,4.0,5.0,21
animal (2),z,1,3,train,0.0,1.0,6.0,21
animal (3),m,1,3,train,0.0,3.0,8.0,21
animal (1),z,1,3,train,0.0,5.0,7.0,21
animal (3),m,1,3,train,0.0,2.0,9.0,21
animal (1),z,1,3,train,0.0,2.0,8.0,21
animal (2),z,1,3,train,0.0,5.0,7.0,21
animal (2),z,1,3,train,0.0,1.0,8.0,21
animal (3),m,1,3,train,0.0,4.0,10.0,21
animal (2),z,1,3,train,0.0,2.0,9.0,21
animal (1),z,1,3,train,0.0,5.0,9.0,21
animal (3),m,1,3,train,0.0,3.0,11.0,21
animal (1),z,1,3,train,0.0,2.0,10.0,21
fruits (6),z,1,6,train,0.0,0.0,0.0,21
fruits (1),m,1,6,train,0.0,0.0,0.0,21
fruits (5),z,0,6,train,0.0,0.0,0.0,21
fruits (4),m,0,6,train,0.0,0.0,0.0,21
fruits (2),z,0,6,train,0.0,0.0,0.0,21
fruits (3),m,0,6,train,0.0,0.0,0.0,21
fruits (3),z,1,6,train,0.0,0.0,0.0,21
fruits (6),m,0,6,train,0.0,7.0,1.0,21
fruits (4),z,1,6,train,0.0,0.0,0.0,21
fruits (5),z,0,6,train,1.0,0.0,0.0,21
fruits (1),m,1,6,train,0.0,9.0,1.0,21
fruits (2),z,0,6,train,1.0,0.0,0.0,21
fruits (1),m,1,6,train,0.0,2.0,2.0,21
fruits (3),z,1,6,train,0.0,7.0,1.0,21
fruits (2),m,1,6,train,0.0,0.0,0.0,21
fruits (6),m,0,6,train,1.0,15.0,1.0,21
fruits (5),m,1,6,train,0.0,0.0,0.0,21
fruits (4),z,1,6,train,0.0,9.0,1.0,21
fruits (5),m,1,6,train,0.0,2.0,1.0,21
fruits (2),m,1,6,train,0.0,5.0,1.0,21
fruits (6),z,1,6,train,0.0,20.0,1.0,21
fruits (1),m,1,6,train,0.0,9.0,3.0,21
fruits (4),z,1,6,train,0.0,5.0,2.0,21
fruits (3),z,1,6,train,0.0,10.0,2.0,21
fruits (6),z,1,6,train,0.0,4.0,2.0,21
fruits (5),m,1,6,train,0.0,7.0,2.0,21
fruits (2),m,1,6,train,0.0,7.0,2.0,21
fruits (3),z,1,6,train,0.0,4.0,3.0,21
fruits (4),z,1,6,train,0.0,6.0,3.0,21
fruits (1),m,1,6,train,0.0,8.0,4.0,21
fruits (6),z,1,6,train,0.0,6.0,3.0,21
fruits (3),z,1,6,train,0.0,4.0,4.0,21
fruits (4),z,1,6,train,0.0,4.0,4.0,21
fruits (1),m,1,6,train,0.0,4.0,5.0,21
fruits (2),m,1,6,train,0.0,8.0,3.0,21
fruits (5),m,1,6,train,0.0,10.0,3.0,21
fruits (2),m,1,6,train,0.0,2.0,4.0,21
fruits (3),z,1,6,train,0.0,6.0,5.0,21
fruits (5),m,1,6,train,0.0,3.0,4.0,21
fruits (4),z,1,6,train,0.0,7.0,5.0,21
fruits (1),m,1,6,train,0.0,7.0,6.0,21
fruits (6),z,1,6,train,0.0,11.0,4.0,21
fruits (2),m,1,6,train,0.0,6.0,5.0,21
fruits (1),m,1,6,train,0.0,3.0,7.0,21
fruits (4),z,1,6,train,0.0,5.0,6.0,21
fruits (3),m,0,6,train,1.0,8.0,6.0,21
fruits (5),m,1,6,train,0.0,8.0,5.0,21
fruits (6),z,1,6,train,0.0,6.0,5.0,21
fruits (3),z,1,6,train,0.0,11.0,6.0,21
fruits (2),m,1,6,train,0.0,7.0,6.0,21
fruits (6),z,1,6,train,0.0,3.0,6.0,21
fruits (1),m,1,6,train,0.0,8.0,8.0,21
fruits (4),z,1,6,train,0.0,8.0,7.0,21
fruits (5),m,1,6,train,0.0,7.0,6.0,21
fruits (2),m,1,6,train,0.0,5.0,7.0,21
fruits (6),z,1,6,train,0.0,5.0,7.0,21
fruits (3),z,1,6,train,0.0,8.0,7.0,21
fruits (1),m,1,6,train,0.0,6.0,9.0,21
fruits (4),z,1,6,train,0.0,6.0,8.0,21
fruits (5),m,1,6,train,0.0,6.0,7.0,21
fruits (3),z,1,6,train,0.0,4.0,8.0,21
fruits (5),m,1,6,train,0.0,2.0,8.0,21
fruits (2),m,1,6,train,0.0,8.0,8.0,21
fruits (6),z,1,6,train,0.0,8.0,8.0,21
fruits (1),m,1,6,train,0.0,7.0,10.0,21
fruits (4),z,1,6,train,0.0,7.0,9.0,21
fruits (5),m,1,6,train,0.0,5.0,9.0,21
fruits (2),m,1,6,train,0.0,5.0,9.0,21
fruits (1),m,1,6,train,0.0,4.0,11.0,21
fruits (4),z,1,6,train,0.0,4.0,10.0,21
fruits (3),z,1,6,train,0.0,10.0,9.0,21
fruits (6),m,0,6,train,1.0,8.0,9.0,21
fruits (5),m,1,6,train,0.0,6.0,10.0,21
fruits (1),m,1,6,train,0.0,5.0,12.0,21
fruits (2),m,1,6,train,0.0,7.0,10.0,21
fruits (4),z,1,6,train,0.0,6.0,11.0,21
fruits (3),z,1,6,train,0.0,6.0,10.0,21
fruits (6),z,1,6,train,0.0,14.0,9.0,21
tools (1),m,0,3,train,0.0,0.0,0.0,21
tools (2),m,0,3,train,0.0,0.0,0.0,21
tools (3),m,1,3,train,0.0,0.0,0.0,21
tools (1),z,1,3,train,0.0,0.0,0.0,21
tools (3),m,1,3,train,0.0,2.0,1.0,21
tools (2),z,1,3,train,0.0,0.0,0.0,21
tools (2),z,1,3,train,0.0,1.0,1.0,21
tools (3),m,1,3,train,0.0,3.0,2.0,21
tools (1),z,1,3,train,0.0,5.0,1.0,21
tools (1),z,1,3,train,0.0,1.0,2.0,21
tools (2),z,1,3,train,0.0,4.0,2.0,21
tools (3),m,1,3,train,0.0,4.0,3.0,21
tools (1),z,1,3,train,0.0,3.0,3.0,21
tools (3),m,1,3,train,0.0,2.0,4.0,21
tools (2),z,1,3,train,0.0,4.0,3.0,21
tools (2),z,1,3,train,0.0,1.0,4.0,21
tools (3),m,1,3,train,0.0,3.0,5.0,21
tools (1),z,1,3,train,0.0,5.0,4.0,21
tools (3),z,0,3,train,0.0,2.0,6.0,21
tools (2),z,1,3,train,0.0,4.0,5.0,21
tools (1),z,1,3,train,0.0,3.0,5.0,21
tools (1),z,1,3,train,0.0,1.0,6.0,21
tools (3),m,1,3,train,0.0,6.0,6.0,21
tools (2),z,1,3,train,0.0,4.0,6.0,21
tools (2),z,1,3,train,0.0,1.0,7.0,21
tools (3),m,1,3,train,0.0,3.0,7.0,21
tools (1),z,1,3,train,0.0,5.0,7.0,21
tools (3),m,1,3,train,0.0,2.0,8.0,21
tools (1),z,1,3,train,0.0,2.0,8.0,21
tools (2),m,0,3,train,1.0,5.0,8.0,21
tools (2),z,1,3,train,0.0,6.0,8.0,21
tools (3),m,1,3,train,0.0,4.0,9.0,21
tools (2),z,1,3,train,0.0,2.0,9.0,21
tools (1),z,1,3,train,0.0,5.0,9.0,21
tools (3),m,1,3,train,0.0,3.0,10.0,21
tools (1),m,0,3,train,1.0,2.0,10.0,21
clothes (6),z,1,6,train,0.0,0.0,0.0,21
clothes (1),m,1,6,train,0.0,0.0,0.0,21
clothes (5),z,0,6,train,0.0,0.0,0.0,21
clothes (4),m,0,6,train,0.0,0.0,0.0,21
clothes (2),z,0,6,train,0.0,0.0,0.0,21
clothes (3),m,0,6,train,0.0,0.0,0.0,21
clothes (3),z,1,6,train,0.0,0.0,0.0,21
clothes (6),z,1,6,train,0.0,7.0,1.0,21
clothes (4),z,1,6,train,0.0,0.0,0.0,21
clothes (5),z,0,6,train,1.0,0.0,0.0,21
clothes (1),m,1,6,train,0.0,9.0,1.0,21
clothes (2),m,1,6,train,0.0,0.0,0.0,21
clothes (1),m,1,6,train,0.0,2.0,2.0,21
clothes (3),z,1,6,train,0.0,7.0,1.0,21
clothes (2),m,1,6,train,0.0,3.0,1.0,21
clothes (6),z,1,6,train,0.0,8.0,2.0,21
clothes (5),m,1,6,train,0.0,0.0,0.0,21
clothes (4),m,0,6,train,1.0,9.0,1.0,21
clothes (5),m,1,6,train,0.0,2.0,1.0,21
clothes (2),m,1,6,train,0.0,5.0,2.0,21
clothes (6),z,1,6,train,0.0,5.0,3.0,21
clothes (1),m,1,6,train,0.0,9.0,3.0,21
clothes (4),z,1,6,train,0.0,14.0,1.0,21
clothes (3),z,1,6,train,0.0,10.0,2.0,21
clothes (6),z,1,6,train,0.0,4.0,4.0,21
clothes (5),m,1,6,train,0.0,7.0,2.0,21
clothes (2),m,1,6,train,0.0,7.0,3.0,21
clothes (3),z,1,6,train,0.0,4.0,3.0,21
clothes (4),z,1,6,train,0.0,6.0,2.0,21
clothes (1),m,1,6,train,0.0,8.0,4.0,21
clothes (6),z,1,6,train,0.0,6.0,5.0,21
clothes (3),z,1,6,train,0.0,4.0,4.0,21
clothes (4),z,1,6,train,0.0,4.0,3.0,21
clothes (1),m,1,6,train,0.0,4.0,5.0,21
clothes (2),m,1,6,train,0.0,8.0,4.0,21
clothes (5),m,1,6,train,0.0,10.0,3.0,21
clothes (2),m,1,6,train,0.0,2.0,5.0,21
clothes (3),z,1,6,train,0.0,6.0,5.0,21
clothes (5),m,1,6,train,0.0,3.0,4.0,21
clothes (4),z,1,6,train,0.0,7.0,4.0,21
clothes (1),m,1,6,train,0.0,7.0,6.0,21
clothes (6),z,1,6,train,0.0,11.0,6.0,21
clothes (2),m,1,6,train,0.0,6.0,6.0,21
clothes (1),m,1,6,train,0.0,3.0,7.0,21
clothes (4),z,1,6,train,0.0,5.0,5.0,21
clothes (3),z,1,6,train,0.0,8.0,6.0,21
clothes (5),m,1,6,train,0.0,8.0,5.0,21
clothes (6),z,1,6,train,0.0,6.0,7.0,21
clothes (3),z,1,6,train,0.0,3.0,7.0,21
clothes (2),m,1,6,train,0.0,7.0,7.0,21
clothes (6),z,1,6,train,0.0,3.0,8.0,21
clothes (1),m,1,6,train,0.0,8.0,8.0,21
clothes (4),z,1,6,train,0.0,8.0,6.0,21
clothes (5),m,1,6,train,0.0,7.0,6.0,21
clothes (2),z,0,6,train,1.0,5.0,8.0,21
clothes (6),z,1,6,train,0.0,5.0,9.0,21
clothes (3),z,1,6,train,0.0,8.0,8.0,21
clothes (1),m,1,6,train,0.0,6.0,9.0,21
clothes (4),z,1,6,train,0.0,6.0,7.0,21
clothes (5),m,1,6,train,0.0,6.0,7.0,21
clothes (3),z,1,6,train,0.0,4.0,9.0,21
clothes (5),m,1,6,train,0.0,2.0,8.0,21
clothes (2),m,1,6,train,0.0,13.0,8.0,21
clothes (6),z,1,6,train,0.0,8.0,10.0,21
clothes (1),m,1,6,train,0.0,7.0,10.0,21
clothes (4),z,1,6,train,0.0,7.0,8.0,21
clothes (5),m,1,6,train,0.0,5.0,9.0,21
clothes (2),z,0,6,train,1.0,5.0,9.0,21
clothes (1),m,1,6,train,0.0,4.0,11.0,21
clothes (4),z,1,6,train,0.0,4.0,9.0,21
clothes (3),m,0,6,train,1.0,10.0,10.0,21
clothes (6),z,1,6,train,0.0,8.0,11.0,21
clothes (5),m,1,6,train,0.0,6.0,10.0,21
clothes (1),m,1,6,train,0.0,5.0,12.0,21
clothes (2),z,0,6,train,1.0,12.0,9.0,21
clothes (4),z,1,6,train,0.0,6.0,10.0,21
clothes (3),z,1,6,train,0.0,16.0,10.0,21
clothes (6),z,1,6,train,0.0,6.0,12.0,21
face (1),m,0,3,train,0.0,0.0,0.0,21
face (2),z,1,3,train,0.0,0.0,0.0,21
face (3),m,1,3,train,0.0,0.0,0.0,21
face (1),z,1,3,train,0.0,0.0,0.0,21
face (3),z,0,3,train,0.0,2.0,1.0,21
face (2),z,1,3,train,0.0,4.0,1.0,21
face (2),z,1,3,train,0.0,1.0,2.0,21
face (3),m,1,3,train,0.0,5.0,1.0,21
face (1),z,1,3,train,0.0,5.0,1.0,21
face (1),z,1,3,train,0.0,1.0,2.0,21
face (2),z,1,3,train,0.0,4.0,3.0,21
face (3),m,1,3,train,0.0,4.0,2.0,21
face (1),z,1,3,train,0.0,3.0,3.0,21
face (3),m,1,3,train,0.0,2.0,3.0,21
face (2),z,1,3,train,0.0,4.0,4.0,21
face (2),z,1,3,train,0.0,1.0,5.0,21
face (3),m,1,3,train,0.0,3.0,4.0,21
face (1),z,1,3,train,0.0,5.0,4.0,21
face (3),m,1,3,train,0.0,2.0,5.0,21
face (2),z,1,3,train,0.0,4.0,6.0,21
face (1),z,1,3,train,0.0,3.0,5.0,21
face (1),z,1,3,train,0.0,1.0,6.0,21
face (3),m,1,3,train,0.0,4.0,6.0,21
face (2),z,1,3,train,0.0,4.0,7.0,21
face (2),z,1,3,train,0.0,1.0,8.0,21
face (3),m,1,3,train,0.0,3.0,7.0,21
face (1),z,1,3,train,0.0,5.0,7.0,21
face (3),m,1,3,train,0.0,2.0,8.0,21
face (1),z,1,3,train,0.0,2.0,8.0,21
face (2),z,1,3,train,0.0,5.0,9.0,21
face (2),z,1,3,train,0.0,1.0,10.0,21
face (3),m,1,3,train,0.0,4.0,9.0,21
face (2),z,1,3,train,0.0,2.0,11.0,21
face (1),z,1,3,train,0.0,5.0,9.0,21
face (3),m,1,3,train,0.0,3.0,10.0,21
face (1),z,1,3,train,0.0,2.0,10.0,21
color (6),z,1,6,train,0.0,0.0,0.0,21
color (1),m,1,6,train,0.0,0.0,0.0,21
color (5),z,0,6,train,0.0,0.0,0.0,21
color (4),z,1,6,train,0.0,0.0,0.0,21
color (2),m,1,6,train,0.0,0.0,0.0,21
color (3),z,1,6,train,0.0,0.0,0.0,21
color (3),z,1,6,train,0.0,1.0,1.0,21
color (6),z,1,6,train,0.0,7.0,1.0,21
color (4),z,1,6,train,0.0,5.0,1.0,21
color (5),m,1,6,train,0.0,0.0,0.0,21
color (1),m,1,6,train,0.0,9.0,1.0,21
color (2),m,1,6,train,0.0,7.0,1.0,21
color (1),m,1,6,train,0.0,2.0,2.0,21
color (3),z,1,6,train,0.0,7.0,2.0,21
color (2),m,1,6,train,0.0,3.0,2.0,21
color (6),z,1,6,train,0.0,8.0,2.0,21
color (5),m,1,6,train,0.0,7.0,1.0,21
color (4),z,1,6,train,0.0,9.0,2.0,21
color (5),m,1,6,train,0.0,2.0,2.0,21
color (2),m,1,6,train,0.0,5.0,3.0,21
color (6),z,1,6,train,0.0,5.0,3.0,21
color (1),m,1,6,train,0.0,9.0,3.0,21
color (4),z,1,6,train,0.0,5.0,3.0,21
color (3),z,1,6,train,0.0,10.0,3.0,21
color (6),z,1,6,train,0.0,4.0,4.0,21
color (5),m,1,6,train,0.0,7.0,3.0,21
color (2),m,1,6,train,0.0,7.0,4.0,21
color (3),z,1,6,train,0.0,4.0,4.0,21
color (4),z,1,6,train,0.0,6.0,4.0,21
color (1),m,1,6,train,0.0,8.0,4.0,21
color (6),z,1,6,train,0.0,6.0,5.0,21
color (3),z,1,6,train,0.0,4.0,5.0,21
color (4),z,1,6,train,0.0,4.0,5.0,21
color (1),m,1,6,train,0.0,4.0,5.0,21
color (2),m,1,6,train,0.0,8.0,5.0,21
color (5),m,1,6,train,0.0,10.0,4.0,21
color (2),m,1,6,train,0.0,2.0,6.0,21
color (3),z,1,6,train,0.0,6.0,6.0,21
color (5),m,1,6,train,0.0,3.0,5.0,21
color (4),z,1,6,train,0.0,7.0,6.0,21
color (1),m,1,6,train,0.0,7.0,6.0,21
color (6),z,1,6,train,0.0,11.0,6.0,21
color (2),m,1,6,train,0.0,6.0,7.0,21
color (1),m,1,6,train,0.0,3.0,7.0,21
color (4),z,1,6,train,0.0,5.0,7.0,21
color (3),m,0,6,train,0.0,8.0,7.0,21
color (5),m,1,6,train,0.0,8.0,6.0,21
color (6),z,1,6,train,0.0,6.0,7.0,21
color (3),z,1,6,train,0.0,11.0,7.0,21
color (2),m,1,6,train,0.0,7.0,8.0,21
color (6),z,1,6,train,0.0,3.0,8.0,21
color (1),m,1,6,train,0.0,8.0,8.0,21
color (4),z,1,6,train,0.0,8.0,8.0,21
color (5),m,1,6,train,0.0,7.0,7.0,21
color (2),m,1,6,train,0.0,5.0,9.0,21
color (6),z,1,6,train,0.0,5.0,9.0,21
color (3),z,1,6,train,0.0,8.0,8.0,21
color (1),m,1,6,train,0.0,6.0,9.0,21
color (4),z,1,6,train,0.0,6.0,9.0,21
color (5),m,1,6,train,0.0,6.0,8.0,21
color (3),z,1,6,train,0.0,4.0,9.0,21
color (5),m,1,6,train,0.0,2.0,9.0,21
color (2),m,1,6,train,0.0,8.0,10.0,21
color (6),z,1,6,train,0.0,8.0,10.0,21
color (1),m,1,6,train,0.0,7.0,10.0,21
color (4),z,1,6,train,0.0,7.0,10.0,21
color (5),m,1,6,train,0.0,5.0,10.0,21
color (2),m,1,6,train,0.0,5.0,11.0,21
color (1),m,1,6,train,0.0,4.0,11.0,21
color (4),z,1,6,train,0.0,4.0,11.0,21
color (3),z,1,6,train,0.0,10.0,10.0,21
color (6),m,0,6,train,0.0,8.0,11.0,21
color (5),m,1,6,train,0.0,6.0,11.0,21
color (1),m,1,6,train,0.0,5.0,12.0,21
color (2),m,1,6,train,0.0,7.0,12.0,21
color (4),z,1,6,train,0.0,6.0,12.0,21
color (3),z,1,6,train,0.0,6.0,11.0,21
color (6),z,1,6,train,0.0,14.0,11.0,21
symbol (1),z,0,3,train,0.0,0.0,0.0,21
symbol (2),m,1,3,train,0.0,0.0,0.0,21
symbol (3),z,1,3,train,0.0,0.0,0.0,21
symbol (1),z,0,3,train,1.0,0.0,0.0,21
symbol (3),z,1,3,train,0.0,2.0,1.0,21
symbol (2),m,1,3,train,0.0,4.0,1.0,21
symbol (2),m,1,3,train,0.0,1.0,2.0,21
symbol (3),z,1,3,train,0.0,3.0,2.0,21
symbol (1),z,0,3,train,1.0,0.0,0.0,21
symbol (1),z,0,3,train,1.0,0.0,0.0,21
symbol (2),m,1,3,train,0.0,4.0,3.0,21
symbol (3),z,1,3,train,0.0,4.0,3.0,21
symbol (1),m,1,3,train,0.0,0.0,0.0,21
symbol (3),z,1,3,train,0.0,2.0,4.0,21
symbol (2),m,1,3,train,0.0,4.0,4.0,21
symbol (2),m,1,3,train,0.0,1.0,5.0,21
symbol (3),z,1,3,train,0.0,3.0,5.0,21
symbol (1),m,1,3,train,0.0,5.0,1.0,21
symbol (3),m,0,3,train,0.0,2.0,6.0,21
symbol (2),m,1,3,train,0.0,4.0,6.0,21
symbol (1),m,1,3,train,0.0,3.0,2.0,21
symbol (1),m,1,3,train,0.0,1.0,3.0,21
symbol (3),z,1,3,train,0.0,6.0,6.0,21
symbol (2),m,1,3,train,0.0,4.0,7.0,21
symbol (2),m,1,3,train,0.0,1.0,8.0,21
symbol (3),z,1,3,train,0.0,3.0,7.0,21
symbol (1),m,1,3,train,0.0,5.0,4.0,21
symbol (3),z,1,3,train,0.0,2.0,8.0,21
symbol (1),m,1,3,train,0.0,2.0,5.0,21
symbol (2),m,1,3,train,0.0,5.0,9.0,21
symbol (2),m,1,3,train,0.0,1.0,10.0,21
symbol (3),z,1,3,train,0.0,4.0,9.0,21
symbol (2),m,1,3,train,0.0,2.0,11.0,21
symbol (1),m,1,3,train,0.0,5.0,6.0,21
symbol (3),z,1,3,train,0.0,3.0,10.0,21
symbol (1),m,1,3,train,0.0,2.0,7.0,21
environment (6),m,0,6,train,0.0,0.0,0.0,21
environment (1),z,0,6,train,0.0,0.0,0.0,21
environment (5),m,1,6,train,0.0,0.0,0.0,21
environment (4),m,0,6,train,0.0,0.0,0.0,21
environment (2),z,0,6,train,0.0,0.0,0.0,21
environment (3),m,0,6,train,0.0,0.0,0.0,21
environment (3),z,1,6,train,0.0,0.0,0.0,21
environment (6),z,1,6,train,0.0,0.0,0.0,21
environment (4),m,0,6,train,1.0,0.0,0.0,21
environment (5),z,0,6,train,0.0,7.0,1.0,21
environment (1),m,1,6,train,0.0,0.0,0.0,21
environment (2),m,1,6,train,0.0,0.0,0.0,21
environment (1),m,1,6,train,0.0,2.0,1.0,21
environment (3),z,1,6,train,0.0,7.0,1.0,21
environment (2),m,1,6,train,0.0,3.0,1.0,21
environment (6),z,1,6,train,0.0,8.0,1.0,21
environment (5),m,1,6,train,0.0,14.0,1.0,21
environment (4),z,1,6,train,0.0,0.0,0.0,21
environment (5),m,1,6,train,0.0,2.0,2.0,21
environment (2),m,1,6,train,0.0,5.0,2.0,21
environment (6),z,1,6,train,0.0,5.0,2.0,21
environment (1),m,1,6,train,0.0,9.0,2.0,21
environment (4),z,1,6,train,0.0,5.0,1.0,21
environment (3),m,0,6,train,1.0,10.0,2.0,21
environment (6),z,1,6,train,0.0,4.0,3.0,21
environment (5),m,1,6,train,0.0,7.0,3.0,21
environment (2),m,1,6,train,0.0,7.0,3.0,21
environment (3),z,1,6,train,0.0,14.0,2.0,21
environment (4),m,0,6,train,1.0,6.0,2.0,21
environment (1),m,1,6,train,0.0,8.0,3.0,21
environment (6),z,1,6,train,0.0,6.0,4.0,21
environment (3),z,1,6,train,0.0,4.0,3.0,21
environment (4),m,0,6,train,1.0,10.0,2.0,21
environment (1),m,1,6,train,0.0,4.0,4.0,21
environment (2),m,1,6,train,0.0,8.0,4.0,21
environment (5),m,1,6,train,0.0,10.0,4.0,21
environment (2),m,1,6,train,0.0,2.0,5.0,21
environment (3),z,1,6,train,0.0,6.0,4.0,21
environment (5),m,1,6,train,0.0,3.0,5.0,21
environment (4),m,0,6,train,1.0,17.0,2.0,21
environment (1),m,1,6,train,0.0,7.0,5.0,21
environment (6),z,1,6,train,0.0,11.0,5.0,21
environment (2),m,1,6,train,0.0,6.0,6.0,21
environment (1),m,1,6,train,0.0,3.0,6.0,21
environment (4),z,1,6,train,0.0,22.0,2.0,21
environment (3),z,1,6,train,0.0,8.0,5.0,21
environment (5),m,1,6,train,0.0,8.0,6.0,21
environment (6),z,1,6,train,0.0,6.0,6.0,21
environment (3),z,1,6,train,0.0,3.0,6.0,21
environment (2),m,1,6,train,0.0,7.0,7.0,21
environment (6),z,1,6,train,0.0,3.0,7.0,21
environment (1),m,1,6,train,0.0,8.0,7.0,21
environment (4),z,1,6,train,0.0,8.0,3.0,21
environment (5),m,1,6,train,0.0,7.0,7.0,21
environment (2),m,1,6,train,0.0,5.0,8.0,21
environment (6),z,1,6,train,0.0,5.0,8.0,21
environment (3),z,1,6,train,0.0,8.0,7.0,21
environment (1),m,1,6,train,0.0,6.0,8.0,21
environment (4),m,0,6,train,1.0,6.0,4.0,21
environment (5),m,1,6,train,0.0,6.0,8.0,21
environment (3),z,1,6,train,0.0,4.0,8.0,21
environment (5),m,1,6,train,0.0,2.0,9.0,21
environment (2),m,1,6,train,0.0,8.0,9.0,21
environment (6),z,1,6,train,0.0,8.0,9.0,21
environment (1),m,1,6,train,0.0,7.0,9.0,21
environment (4),z,1,6,train,0.0,13.0,4.0,21
environment (5),m,1,6,train,0.0,5.0,10.0,21
environment (2),z,0,6,train,1.0,5.0,10.0,21
environment (1),m,1,6,train,0.0,4.0,10.0,21
environment (4),z,1,6,train,0.0,4.0,5.0,21
environment (3),z,1,6,train,0.0,10.0,9.0,21
environment (6),z,1,6,train,0.0,8.0,10.0,21
environment (5),m,1,6,train,0.0,6.0,11.0,21
environment (1),m,1,6,train,0.0,5.0,11.0,21
environment (2),m,1,6,train,0.0,12.0,10.0,21
environment (4),m,0,6,train,1.0,6.0,6.0,21
environment (3),z,1,6,train,0.0,6.0,10.0,21
environment (6),z,1,6,train,0.0,6.0,11.0,21
vehicle (1),m,1,3,train,0.0,0.0,0.0,21
vehicle (2),m,1,3,train,0.0,0.0,0.0,21
vehicle (3),z,1,3,train,0.0,0.0,0.0,21
vehicle (1),m,1,3,train,0.0,3.0,1.0,21
vehicle (3),z,1,3,train,0.0,2.0,1.0,21
vehicle (2),m,1,3,train,0.0,4.0,1.0,21
vehicle (2),m,1,3,train,0.0,1.0,2.0,21
vehicle (3),z,1,3,train,0.0,3.0,2.0,21
vehicle (1),m,1,3,train,0.0,5.0,2.0,21
vehicle (1),m,1,3,train,0.0,1.0,3.0,21
vehicle (2),z,0,3,train,0.0,4.0,3.0,21
vehicle (3),z,1,3,train,0.0,4.0,3.0,21
vehicle (1),m,1,3,train,0.0,3.0,4.0,21
vehicle (3),z,1,3,train,0.0,2.0,4.0,21
vehicle (2),m,1,3,train,0.0,8.0,3.0,21
vehicle (2),m,1,3,train,0.0,1.0,4.0,21
vehicle (3),z,1,3,train,0.0,3.0,5.0,21
vehicle (1),m,1,3,train,0.0,5.0,5.0,21
vehicle (3),m,0,3,train,0.0,2.0,6.0,21
vehicle (2),z,0,3,train,1.0,4.0,5.0,21
vehicle (1),m,1,3,train,0.0,3.0,6.0,21
vehicle (1),m,1,3,train,0.0,1.0,7.0,21
vehicle (3),z,1,3,train,0.0,6.0,6.0,21
vehicle (2),m,1,3,train,0.0,8.0,5.0,21
vehicle (2),m,1,3,train,0.0,1.0,6.0,21
vehicle (3),z,1,3,train,0.0,3.0,7.0,21
vehicle (1),m,1,3,train,0.0,5.0,8.0,21
vehicle (3),z,1,3,train,0.0,2.0,8.0,21
vehicle (1),m,1,3,train,0.0,2.0,9.0,21
vehicle (2),m,1,3,train,0.0,5.0,7.0,21
vehicle (2),m,1,3,train,0.0,1.0,8.0,21
vehicle (3),z,1,3,train,0.0,4.0,9.0,21
vehicle (2),m,1,3,train,0.0,2.0,9.0,21
vehicle (1),m,1,3,train,0.0,5.0,10.0,21
vehicle (3),z,1,3,train,0.0,3.0,10.0,21
vehicle (1),m,1,3,train,0.0,2.0,11.0,21
instrument (1),z,0,3,train,0.0,0.0,0.0,21
instrument (2),z,0,3,train,0.0,0.0,0.0,21
instrument (3),m,0,3,train,0.0,0.0,0.0,21
instrument (1),m,1,3,train,0.0,0.0,0.0,21
instrument (3),m,0,3,train,1.0,0.0,0.0,21
instrument (2),m,1,3,train,0.0,0.0,0.0,21
instrument (2),m,1,3,train,0.0,1.0,1.0,21
instrument (3),z,1,3,train,0.0,0.0,0.0,21
instrument (1),m,1,3,train,0.0,5.0,1.0,21
instrument (1),m,1,3,train,0.0,1.0,2.0,21
instrument (2),z,0,3,train,1.0,4.0,2.0,21
instrument (3),z,1,3,train,0.0,4.0,1.0,21
instrument (1),m,1,3,train,0.0,3.0,3.0,21
instrument (3),z,1,3,train,0.0,2.0,2.0,21
instrument (2),m,1,3,train,0.0,8.0,2.0,21
instrument (2),m,1,3,train,0.0,1.0,3.0,21
instrument (3),z,1,3,train,0.0,3.0,3.0,21
instrument (1),m,1,3,train,0.0,5.0,4.0,21
instrument (3),m,0,3,train,1.0,2.0,4.0,21
instrument (2),m,1,3,train,0.0,4.0,4.0,21
instrument (1),m,1,3,train,0.0,3.0,5.0,21
instrument (1),m,1,3,train,0.0,1.0,6.0,21
instrument (3),z,1,3,train,0.0,6.0,4.0,21
instrument (2),m,1,3,train,0.0,4.0,5.0,21
instrument (2),m,1,3,train,0.0,1.0,6.0,21
instrument (3),z,1,3,train,0.0,3.0,5.0,21
instrument (1),m,1,3,train,0.0,5.0,7.0,21
instrument (3),z,1,3,train,0.0,2.0,6.0,21
instrument (1),m,1,3,train,0.0,2.0,8.0,21
instrument (2),m,1,3,train,0.0,5.0,7.0,21
instrument (2),m,1,3,train,0.0,1.0,8.0,21
instrument (3),m,0,3,train,1.0,4.0,7.0,21
instrument (2),m,1,3,train,0.0,2.0,9.0,21
instrument (1),m,1,3,train,0.0,5.0,9.0,21
instrument (3),z,1,3,train,0.0,7.0,7.0,21
instrument (1),m,1,3,train,0.0,2.0,10.0,21
jungle2,z,1,3,train,0.0,0.0,0.0,22
jungle1,z,1,3,train,0.0,0.0,0.0,22
jungle3,z,0,3,train,0.0,0.0,0.0,22
jungle1,z,1,3,train,0.0,2.0,1.0,22
jungle3,m,1,3,train,0.0,0.0,0.0,22
jungle2,z,1,3,train,0.0,5.0,1.0,22
jungle3,m,1,3,train,0.0,2.0,1.0,22
jungle2,z,1,3,train,0.0,2.0,2.0,22
jungle1,z,1,3,train,0.0,5.0,2.0,22
jungle1,z,1,3,train,0.0,1.0,3.0,22
jungle2,z,1,3,train,0.0,3.0,3.0,22
jungle3,m,1,3,train,0.0,5.0,2.0,22
jungle3,m,1,3,train,0.0,1.0,3.0,22
jungle1,z,1,3,train,0.0,4.0,4.0,22
jungle2,m,0,3,train,0.0,4.0,4.0,22
jungle3,m,1,3,train,0.0,3.0,4.0,22
jungle1,z,1,3,train,0.0,3.0,5.0,22
jungle2,z,1,3,train,0.0,7.0,4.0,22
jungle1,z,1,3,train,0.0,2.0,6.0,22
jungle3,m,1,3,train,0.0,4.0,5.0,22
jungle2,z,1,3,train,0.0,3.0,5.0,22
jungle3,m,1,3,train,0.0,2.0,6.0,22
jungle2,z,1,3,train,0.0,2.0,6.0,22
jungle1,z,1,3,train,0.0,5.0,7.0,22
jungle2,z,1,3,train,0.0,2.0,7.0,22
jungle3,m,1,3,train,0.0,4.0,7.0,22
jungle1,z,1,3,train,0.0,3.0,8.0,22
jungle1,z,1,3,train,0.0,1.0,9.0,22
jungle2,z,1,3,train,0.0,4.0,8.0,22
jungle3,m,1,3,train,0.0,4.0,8.0,22
jungle2,z,1,3,train,0.0,2.0,9.0,22
jungle3,m,1,3,train,0.0,2.0,9.0,22
jungle1,z,1,3,train,0.0,5.0,10.0,22
jungle2,z,1,3,train,0.0,3.0,10.0,22
jungle1,z,1,3,train,0.0,2.0,11.0,22
jungle3,m,1,3,train,0.0,4.0,10.0,22
vegan (6),z,1,6,train,0.0,0.0,0.0,22
vegan (1),z,0,6,train,0.0,0.0,0.0,22
vegan (5),z,0,6,train,0.0,0.0,0.0,22
vegan (4),z,1,6,train,0.0,0.0,0.0,22
vegan (2),z,0,6,train,0.0,0.0,0.0,22
vegan (3),z,1,6,train,0.0,0.0,0.0,22
vegan (3),z,1,6,train,0.0,1.0,1.0,22
vegan (6),z,1,6,train,0.0,7.0,1.0,22
vegan (4),m,0,6,train,0.0,5.0,1.0,22
vegan (5),m,1,6,train,0.0,0.0,0.0,22
vegan (1),m,1,6,train,0.0,0.0,0.0,22
vegan (2),m,1,6,train,0.0,0.0,0.0,22
vegan (1),m,1,6,train,0.0,2.0,1.0,22
vegan (3),z,1,6,train,0.0,7.0,2.0,22
vegan (2),m,1,6,train,0.0,3.0,1.0,22
vegan (6),z,1,6,train,0.0,8.0,2.0,22
vegan (5),m,1,6,train,0.0,7.0,1.0,22
vegan (4),z,1,6,train,0.0,14.0,1.0,22
vegan (5),z,0,6,train,1.0,2.0,2.0,22
vegan (2),m,1,6,train,0.0,5.0,2.0,22
vegan (6),z,1,6,train,0.0,5.0,3.0,22
vegan (1),m,1,6,train,0.0,9.0,2.0,22
vegan (4),m,0,6,train,1.0,5.0,2.0,22
vegan (3),z,1,6,train,0.0,10.0,3.0,22
vegan (6),z,1,6,train,0.0,4.0,4.0,22
vegan (5),m,1,6,train,0.0,9.0,2.0,22
vegan (2),m,1,6,train,0.0,7.0,3.0,22
vegan (3),z,1,6,train,0.0,4.0,4.0,22
vegan (4),z,1,6,train,0.0,11.0,2.0,22
vegan (1),m,1,6,train,0.0,8.0,3.0,22
vegan (6),z,1,6,train,0.0,6.0,5.0,22
vegan (3),z,1,6,train,0.0,4.0,5.0,22
vegan (4),z,1,6,train,0.0,4.0,3.0,22
vegan (1),m,1,6,train,0.0,4.0,4.0,22
vegan (2),m,1,6,train,0.0,8.0,4.0,22
vegan (5),z,0,6,train,1.0,10.0,3.0,22
vegan (2),m,1,6,train,0.0,2.0,5.0,22
vegan (3),z,1,6,train,0.0,6.0,6.0,22
vegan (5),z,0,6,train,1.0,13.0,3.0,22
vegan (4),z,1,6,train,0.0,7.0,4.0,22
vegan (1),m,1,6,train,0.0,7.0,5.0,22
vegan (6),z,1,6,train,0.0,11.0,6.0,22
vegan (2),m,1,6,train,0.0,6.0,6.0,22
vegan (1),m,1,6,train,0.0,3.0,6.0,22
vegan (4),z,1,6,train,0.0,5.0,5.0,22
vegan (3),z,1,6,train,0.0,8.0,7.0,22
vegan (5),z,0,6,train,1.0,21.0,3.0,22
vegan (6),z,1,6,train,0.0,6.0,7.0,22
vegan (3),z,1,6,train,0.0,3.0,8.0,22
vegan (2),m,1,6,train,0.0,7.0,7.0,22
vegan (6),z,1,6,train,0.0,3.0,8.0,22
vegan (1),m,1,6,train,0.0,8.0,7.0,22
vegan (4),z,1,6,train,0.0,8.0,6.0,22
vegan (5),z,0,6,train,1.0,28.0,3.0,22
vegan (2),m,1,6,train,0.0,5.0,8.0,22
vegan (6),z,1,6,train,0.0,5.0,9.0,22
vegan (3),z,1,6,train,0.0,8.0,9.0,22
vegan (1),m,1,6,train,0.0,6.0,8.0,22
vegan (4),z,1,6,train,0.0,6.0,7.0,22
vegan (5),m,1,6,train,0.0,34.0,3.0,22
vegan (3),z,1,6,train,0.0,4.0,10.0,22
vegan (5),m,1,6,train,0.0,2.0,4.0,22
vegan (2),m,1,6,train,0.0,8.0,9.0,22
vegan (6),z,1,6,train,0.0,8.0,10.0,22
vegan (1),m,1,6,train,0.0,7.0,9.0,22
vegan (4),z,1,6,train,0.0,7.0,8.0,22
vegan (5),m,1,6,train,0.0,5.0,5.0,22
vegan (2),m,1,6,train,0.0,5.0,10.0,22
vegan (1),m,1,6,train,0.0,4.0,10.0,22
vegan (4),z,1,6,train,0.0,4.0,9.0,22
vegan (3),z,1,6,train,0.0,10.0,11.0,22
vegan (6),z,1,6,train,0.0,8.0,11.0,22
vegan (5),m,1,6,train,0.0,6.0,6.0,22
vegan (1),m,1,6,train,0.0,5.0,11.0,22
vegan (2),m,1,6,train,0.0,7.0,11.0,22
vegan (4),z,1,6,train,0.0,6.0,10.0,22
vegan (3),z,1,6,train,0.0,6.0,12.0,22
vegan (6),z,1,6,train,0.0,6.0,12.0,22
animal (1),z,1,3,train,0.0,0.0,0.0,22
animal (2),z,1,3,train,0.0,0.0,0.0,22
animal (3),m,1,3,train,0.0,0.0,0.0,22
animal (1),z,1,3,train,0.0,3.0,1.0,22
animal (3),m,1,3,train,0.0,2.0,1.0,22
animal (2),z,1,3,train,0.0,4.0,1.0,22
animal (2),z,1,3,train,0.0,1.0,2.0,22
animal (3),m,1,3,train,0.0,3.0,2.0,22
animal (1),z,1,3,train,0.0,5.0,2.0,22
animal (1),z,1,3,train,0.0,1.0,3.0,22
animal (2),z,1,3,train,0.0,4.0,3.0,22
animal (3),m,1,3,train,0.0,4.0,3.0,22
animal (1),z,1,3,train,0.0,3.0,4.0,22
animal (3),m,1,3,train,0.0,2.0,4.0,22
animal (2),z,1,3,train,0.0,4.0,4.0,22
animal (2),z,1,3,train,0.0,1.0,5.0,22
animal (3),m,1,3,train,0.0,3.0,5.0,22
animal (1),z,1,3,train,0.0,5.0,5.0,22
animal (3),m,1,3,train,0.0,2.0,6.0,22
animal (2),z,1,3,train,0.0,4.0,6.0,22
animal (1),z,1,3,train,0.0,3.0,6.0,22
animal (1),z,1,3,train,0.0,1.0,7.0,22
animal (3),m,1,3,train,0.0,4.0,7.0,22
animal (2),z,1,3,train,0.0,4.0,7.0,22
animal (2),z,1,3,train,0.0,1.0,8.0,22
animal (3),m,1,3,train,0.0,3.0,8.0,22
animal (1),z,1,3,train,0.0,5.0,8.0,22
animal (3),m,1,3,train,0.0,2.0,9.0,22
animal (1),z,1,3,train,0.0,2.0,9.0,22
animal (2),z,1,3,train,0.0,5.0,9.0,22
animal (2),z,1,3,train,0.0,1.0,10.0,22
animal (3),m,1,3,train,0.0,4.0,10.0,22
animal (2),z,1,3,train,0.0,2.0,11.0,22
animal (1),z,1,3,train,0.0,5.0,10.0,22
animal (3),m,1,3,train,0.0,3.0,11.0,22
animal (1),z,1,3,train,0.0,2.0,11.0,22
fruits (6),z,1,6,train,0.0,0.0,0.0,22
fruits (1),m,1,6,train,0.0,0.0,0.0,22
fruits (5),m,1,6,train,0.0,0.0,0.0,22
fruits (4),m,0,6,train,0.0,0.0,0.0,22
fruits (2),m,1,6,train,0.0,0.0,0.0,22
fruits (3),m,0,6,train,0.0,0.0,0.0,22
fruits (3),z,1,6,train,0.0,0.0,0.0,22
fruits (6),z,1,6,train,0.0,7.0,1.0,22
fruits (4),z,1,6,train,0.0,0.0,0.0,22
fruits (5),m,1,6,train,0.0,7.0,1.0,22
fruits (1),m,1,6,train,0.0,9.0,1.0,22
fruits (2),m,1,6,train,0.0,7.0,1.0,22
fruits (1),m,1,6,train,0.0,2.0,2.0,22
fruits (3),m,0,6,train,1.0,7.0,1.0,22
fruits (2),m,1,6,train,0.0,3.0,2.0,22
fruits (6),z,1,6,train,0.0,8.0,2.0,22
fruits (5),m,1,6,train,0.0,7.0,2.0,22
fruits (4),z,1,6,train,0.0,9.0,1.0,22
fruits (5),m,1,6,train,0.0,2.0,3.0,22
fruits (2),m,1,6,train,0.0,5.0,3.0,22
fruits (6),z,1,6,train,0.0,5.0,3.0,22
fruits (1),z,0,6,train,0.0,9.0,3.0,22
fruits (4),z,1,6,train,0.0,5.0,2.0,22
fruits (3),z,1,6,train,0.0,17.0,1.0,22
fruits (6),z,1,6,train,0.0,4.0,4.0,22
fruits (5),m,1,6,train,0.0,7.0,4.0,22
fruits (2),m,1,6,train,0.0,7.0,4.0,22
fruits (3),z,1,6,train,0.0,4.0,2.0,22
fruits (4),z,1,6,train,0.0,6.0,3.0,22
fruits (1),m,1,6,train,0.0,17.0,3.0,22
fruits (6),z,1,6,train,0.0,6.0,5.0,22
fruits (3),z,1,6,train,0.0,4.0,3.0,22
fruits (4),z,1,6,train,0.0,4.0,4.0,22
fruits (1),m,1,6,train,0.0,4.0,4.0,22
fruits (2),m,1,6,train,0.0,8.0,5.0,22
fruits (5),m,1,6,train,0.0,10.0,5.0,22
fruits (2),m,1,6,train,0.0,2.0,6.0,22
fruits (3),z,1,6,train,0.0,6.0,4.0,22
fruits (5),z,0,6,train,0.0,3.0,6.0,22
fruits (4),z,1,6,train,0.0,7.0,5.0,22
fruits (1),m,1,6,train,0.0,7.0,5.0,22
fruits (6),z,1,6,train,0.0,11.0,6.0,22
fruits (2),m,1,6,train,0.0,6.0,7.0,22
fruits (1),m,1,6,train,0.0,3.0,6.0,22
fruits (4),z,1,6,train,0.0,5.0,6.0,22
fruits (3),z,1,6,train,0.0,8.0,5.0,22
fruits (5),m,1,6,train,0.0,11.0,6.0,22
fruits (6),z,1,6,train,0.0,6.0,7.0,22
fruits (3),z,1,6,train,0.0,3.0,6.0,22
fruits (2),m,1,6,train,0.0,7.0,8.0,22
fruits (6),z,1,6,train,0.0,3.0,8.0,22
fruits (1),m,1,6,train,0.0,8.0,7.0,22
fruits (4),z,1,6,train,0.0,8.0,7.0,22
fruits (5),m,1,6,train,0.0,7.0,7.0,22
fruits (2),m,1,6,train,0.0,5.0,9.0,22
fruits (6),z,1,6,train,0.0,5.0,9.0,22
fruits (3),z,1,6,train,0.0,8.0,7.0,22
fruits (1),z,0,6,train,1.0,6.0,8.0,22
fruits (4),z,1,6,train,0.0,6.0,8.0,22
fruits (5),m,1,6,train,0.0,6.0,8.0,22
fruits (3),z,1,6,train,0.0,4.0,8.0,22
fruits (5),m,1,6,train,0.0,2.0,9.0,22
fruits (2),m,1,6,train,0.0,8.0,10.0,22
fruits (6),z,1,6,train,0.0,8.0,10.0,22
fruits (1),m,1,6,train,0.0,13.0,8.0,22
fruits (4),z,1,6,train,0.0,7.0,9.0,22
fruits (5),m,1,6,train,0.0,5.0,10.0,22
fruits (2),m,1,6,train,0.0,5.0,11.0,22
fruits (1),m,1,6,train,0.0,4.0,9.0,22
fruits (4),z,1,6,train,0.0,4.0,10.0,22
fruits (3),z,1,6,train,0.0,10.0,9.0,22
fruits (6),z,1,6,train,0.0,8.0,11.0,22
fruits (5),m,1,6,train,0.0,6.0,11.0,22
fruits (1),m,1,6,train,0.0,5.0,10.0,22
fruits (2),m,1,6,train,0.0,7.0,12.0,22
fruits (4),z,1,6,train,0.0,6.0,11.0,22
fruits (3),z,1,6,train,0.0,6.0,10.0,22
fruits (6),z,1,6,train,0.0,6.0,12.0,22
tools (1),z,1,3,train,0.0,0.0,0.0,22
tools (2),z,1,3,train,0.0,0.0,0.0,22
tools (3),m,1,3,train,0.0,0.0,0.0,22
tools (1),z,1,3,train,0.0,3.0,1.0,22
tools (3),z,0,3,train,0.0,2.0,1.0,22
tools (2),z,1,3,train,0.0,4.0,1.0,22
tools (2),z,1,3,train,0.0,1.0,2.0,22
tools (3),m,1,3,train,0.0,5.0,1.0,22
tools (1),z,1,3,train,0.0,5.0,2.0,22
tools (1),z,1,3,train,0.0,1.0,3.0,22
tools (2),z,1,3,train,0.0,4.0,3.0,22
tools (3),m,1,3,train,0.0,4.0,2.0,22
tools (1),z,1,3,train,0.0,3.0,4.0,22
tools (3),m,1,3,train,0.0,2.0,3.0,22
tools (2),m,0,3,train,0.0,4.0,4.0,22
tools (2),z,1,3,train,0.0,5.0,4.0,22
tools (3),m,1,3,train,0.0,3.0,4.0,22
tools (1),z,1,3,train,0.0,5.0,5.0,22
tools (3),m,1,3,train,0.0,2.0,5.0,22
tools (2),z,1,3,train,0.0,4.0,5.0,22
tools (1),z,1,3,train,0.0,3.0,6.0,22
tools (1),z,1,3,train,0.0,1.0,7.0,22
tools (3),m,1,3,train,0.0,4.0,6.0,22
tools (2),z,1,3,train,0.0,4.0,6.0,22
tools (2),z,1,3,train,0.0,1.0,7.0,22
tools (3),m,1,3,train,0.0,3.0,7.0,22
tools (1),z,1,3,train,0.0,5.0,8.0,22
tools (3),m,1,3,train,0.0,2.0,8.0,22
tools (1),z,1,3,train,0.0,2.0,9.0,22
tools (2),z,1,3,train,0.0,5.0,8.0,22
tools (2),z,1,3,train,0.0,1.0,9.0,22
tools (3),m,1,3,train,0.0,4.0,9.0,22
tools (2),z,1,3,train,0.0,2.0,10.0,22
tools (1),z,1,3,train,0.0,5.0,10.0,22
tools (3),m,1,3,train,0.0,3.0,10.0,22
tools (1),z,1,3,train,0.0,2.0,11.0,22
clothes (6),z,1,6,train,0.0,0.0,0.0,22
clothes (1),m,1,6,train,0.0,0.0,0.0,22
clothes (5),m,1,6,train,0.0,0.0,0.0,22
clothes (4),m,0,6,train,0.0,0.0,0.0,22
clothes (2),m,1,6,train,0.0,0.0,0.0,22
clothes (3),m,0,6,train,0.0,0.0,0.0,22
clothes (3),z,1,6,train,0.0,0.0,0.0,22
clothes (6),z,1,6,train,0.0,7.0,1.0,22
clothes (4),z,1,6,train,0.0,0.0,0.0,22
clothes (5),m,1,6,train,0.0,7.0,1.0,22
clothes (1),m,1,6,train,0.0,9.0,1.0,22
clothes (2),m,1,6,train,0.0,7.0,1.0,22
clothes (1),m,1,6,train,0.0,2.0,2.0,22
clothes (3),z,1,6,train,0.0,7.0,1.0,22
clothes (2),m,1,6,train,0.0,3.0,2.0,22
clothes (6),z,1,6,train,0.0,8.0,2.0,22
clothes (5),m,1,6,train,0.0,7.0,2.0,22
clothes (4),m,0,6,train,1.0,9.0,1.0,22
clothes (5),m,1,6,train,0.0,2.0,3.0,22
clothes (2),m,1,6,train,0.0,5.0,3.0,22
clothes (6),z,1,6,train,0.0,5.0,3.0,22
clothes (1),z,0,6,train,0.0,9.0,3.0,22
clothes (4),z,1,6,train,0.0,14.0,1.0,22
clothes (3),z,1,6,train,0.0,10.0,2.0,22
clothes (6),z,1,6,train,0.0,4.0,4.0,22
clothes (5),m,1,6,train,0.0,7.0,4.0,22
clothes (2),m,1,6,train,0.0,7.0,4.0,22
clothes (3),z,1,6,train,0.0,4.0,3.0,22
clothes (4),z,1,6,train,0.0,6.0,2.0,22
clothes (1),m,1,6,train,0.0,17.0,3.0,22
clothes (6),z,1,6,train,0.0,6.0,5.0,22
clothes (3),z,1,6,train,0.0,4.0,4.0,22
clothes (4),z,1,6,train,0.0,4.0,3.0,22
clothes (1),m,1,6,train,0.0,4.0,4.0,22
clothes (2),m,1,6,train,0.0,8.0,5.0,22
clothes (5),m,1,6,train,0.0,10.0,5.0,22
clothes (2),m,1,6,train,0.0,2.0,6.0,22
clothes (3),z,1,6,train,0.0,6.0,5.0,22
clothes (5),m,1,6,train,0.0,3.0,6.0,22
clothes (4),z,1,6,train,0.0,7.0,4.0,22
clothes (1),m,1,6,train,0.0,7.0,5.0,22
clothes (6),z,1,6,train,0.0,11.0,6.0,22
clothes (2),m,1,6,train,0.0,6.0,7.0,22
clothes (1),m,1,6,train,0.0,3.0,6.0,22
clothes (4),z,1,6,train,0.0,5.0,5.0,22
clothes (3),z,1,6,train,0.0,8.0,6.0,22
clothes (5),m,1,6,train,0.0,8.0,7.0,22
clothes (6),z,1,6,train,0.0,6.0,7.0,22
clothes (3),z,1,6,train,0.0,3.0,7.0,22
clothes (2),m,1,6,train,0.0,7.0,8.0,22
clothes (6),z,1,6,train,0.0,3.0,8.0,22
clothes (1),m,1,6,train,0.0,8.0,7.0,22
clothes (4),z,1,6,train,0.0,8.0,6.0,22
clothes (5),m,1,6,train,0.0,7.0,8.0,22
clothes (2),m,1,6,train,0.0,5.0,9.0,22
clothes (6),z,1,6,train,0.0,5.0,9.0,22
clothes (3),z,1,6,train,0.0,8.0,8.0,22
clothes (1),m,1,6,train,0.0,6.0,8.0,22
clothes (4),z,1,6,train,0.0,6.0,7.0,22
clothes (5),m,1,6,train,0.0,6.0,9.0,22
clothes (3),z,1,6,train,0.0,4.0,9.0,22
clothes (5),m,1,6,train,0.0,2.0,10.0,22
clothes (2),m,1,6,train,0.0,8.0,10.0,22
clothes (6),z,1,6,train,0.0,8.0,10.0,22
clothes (1),m,1,6,train,0.0,7.0,9.0,22
clothes (4),z,1,6,train,0.0,7.0,8.0,22
clothes (5),m,1,6,train,0.0,5.0,11.0,22
clothes (2),m,1,6,train,0.0,5.0,11.0,22
clothes (1),m,1,6,train,0.0,4.0,10.0,22
clothes (4),z,1,6,train,0.0,4.0,9.0,22
clothes (3),z,1,6,train,0.0,10.0,10.0,22
clothes (6),z,1,6,train,0.0,8.0,11.0,22
clothes (5),m,1,6,train,0.0,6.0,12.0,22
clothes (1),m,1,6,train,0.0,5.0,11.0,22
clothes (2),m,1,6,train,0.0,7.0,12.0,22
clothes (4),z,1,6,train,0.0,6.0,10.0,22
clothes (3),z,1,6,train,0.0,6.0,11.0,22
clothes (6),z,1,6,train,0.0,6.0,12.0,22
face (1),z,1,3,train,0.0,0.0,0.0,22
face (2),z,1,3,train,0.0,0.0,0.0,22
face (3),m,1,3,train,0.0,0.0,0.0,22
face (1),z,1,3,train,0.0,3.0,1.0,22
face (3),m,1,3,train,0.0,2.0,1.0,22
face (2),z,1,3,train,0.0,4.0,1.0,22
face (2),z,1,3,train,0.0,1.0,2.0,22
face (3),m,1,3,train,0.0,3.0,2.0,22
face (1),z,1,3,train,0.0,5.0,2.0,22
face (1),z,1,3,train,0.0,1.0,3.0,22
face (2),z,1,3,train,0.0,4.0,3.0,22
face (3),m,1,3,train,0.0,4.0,3.0,22
face (1),z,1,3,train,0.0,3.0,4.0,22
face (3),m,1,3,train,0.0,2.0,4.0,22
face (2),z,1,3,train,0.0,4.0,4.0,22
face (2),z,1,3,train,0.0,1.0,5.0,22
face (3),m,1,3,train,0.0,3.0,5.0,22
face (1),z,1,3,train,0.0,5.0,5.0,22
face (3),z,0,3,train,0.0,2.0,6.0,22
face (2),z,1,3,train,0.0,4.0,6.0,22
face (1),z,1,3,train,0.0,3.0,6.0,22
face (1),z,1,3,train,0.0,1.0,7.0,22
face (3),m,1,3,train,0.0,6.0,6.0,22
face (2),z,1,3,train,0.0,4.0,7.0,22
face (2),z,1,3,train,0.0,1.0,8.0,22
face (3),z,0,3,train,1.0,3.0,7.0,22
face (1),z,1,3,train,0.0,5.0,8.0,22
face (3),m,1,3,train,0.0,5.0,7.0,22
face (1),z,1,3,train,0.0,2.0,9.0,22
face (2),z,1,3,train,0.0,5.0,9.0,22
face (2),z,1,3,train,0.0,1.0,10.0,22
face (3),m,1,3,train,0.0,4.0,8.0,22
face (2),z,1,3,train,0.0,2.0,11.0,22
face (1),z,1,3,train,0.0,5.0,10.0,22
face (3),m,1,3,train,0.0,3.0,9.0,22
face (1),z,1,3,train,0.0,2.0,11.0,22
color (6),z,1,6,train,0.0,0.0,0.0,22
color (1),m,1,6,train,0.0,0.0,0.0,22
color (5),m,1,6,train,0.0,0.0,0.0,22
color (4),z,1,6,train,0.0,0.0,0.0,22
color (2),m,1,6,train,0.0,0.0,0.0,22
color (3),z,1,6,train,0.0,0.0,0.0,22
color (3),z,1,6,train,0.0,1.0,1.0,22
color (6),z,1,6,train,0.0,7.0,1.0,22
color (4),m,0,6,train,0.0,5.0,1.0,22
color (5),m,1,6,train,0.0,7.0,1.0,22
color (1),z,0,6,train,0.0,9.0,1.0,22
color (2),m,1,6,train,0.0,7.0,1.0,22
color (1),z,0,6,train,1.0,11.0,1.0,22
color (3),m,0,6,train,0.0,7.0,2.0,22
color (2),m,1,6,train,0.0,3.0,2.0,22
color (6),z,1,6,train,0.0,8.0,2.0,22
color (5),m,1,6,train,0.0,7.0,2.0,22
color (4),z,1,6,train,0.0,14.0,1.0,22
color (5),z,0,6,train,0.0,2.0,3.0,22
color (2),m,1,6,train,0.0,5.0,3.0,22
color (6),z,1,6,train,0.0,5.0,3.0,22
color (1),m,1,6,train,0.0,20.0,1.0,22
color (4),m,0,6,train,1.0,5.0,2.0,22
color (3),m,0,6,train,1.0,17.0,2.0,22
color (6),z,1,6,train,0.0,4.0,4.0,22
color (5),z,0,6,train,1.0,9.0,3.0,22
color (2),z,0,6,train,0.0,7.0,4.0,22
color (3),m,0,6,train,1.0,21.0,2.0,22
color (4),m,0,6,train,1.0,11.0,2.0,22
color (1),z,0,6,train,1.0,8.0,2.0,22
color (6),z,1,6,train,0.0,6.0,5.0,22
color (3),m,0,6,train,1.0,25.0,2.0,22
color (4),z,1,6,train,0.0,15.0,2.0,22
color (1),z,0,6,train,1.0,12.0,2.0,22
color (2),z,0,6,train,1.0,15.0,4.0,22
color (5),m,1,6,train,0.0,19.0,3.0,22
color (2),z,0,6,train,1.0,17.0,4.0,22
color (3),m,0,6,train,1.0,31.0,2.0,22
color (5),z,0,6,train,1.0,3.0,4.0,22
color (4),z,1,6,train,0.0,7.0,3.0,22
color (1),z,0,6,train,1.0,19.0,2.0,22
color (6),z,1,6,train,0.0,11.0,6.0,22
color (2),m,1,6,train,0.0,23.0,4.0,22
color (1),m,1,6,train,0.0,22.0,2.0,22
color (4),m,0,6,train,1.0,5.0,4.0,22
color (3),z,1,6,train,0.0,39.0,2.0,22
color (5),m,1,6,train,0.0,11.0,4.0,22
color (6),z,1,6,train,0.0,6.0,7.0,22
color (3),m,0,6,train,1.0,3.0,3.0,22
color (2),z,0,6,train,1.0,7.0,5.0,22
color (6),z,1,6,train,0.0,3.0,8.0,22
color (1),z,0,6,train,1.0,8.0,3.0,22
color (4),m,0,6,train,1.0,13.0,4.0,22
color (5),z,0,6,train,1.0,7.0,5.0,22
color (2),m,1,6,train,0.0,12.0,5.0,22
color (6),m,0,6,train,0.0,5.0,9.0,22
color (3),z,1,6,train,0.0,11.0,3.0,22
color (1),z,0,6,train,1.0,14.0,3.0,22
color (4),m,0,6,train,1.0,19.0,4.0,22
color (5),m,1,6,train,0.0,13.0,5.0,22
color (3),z,1,6,train,0.0,4.0,4.0,22
color (5),z,0,6,train,1.0,2.0,6.0,22
color (2),z,0,6,train,1.0,8.0,6.0,22
color (6),z,1,6,train,0.0,13.0,9.0,22
color (1),m,1,6,train,0.0,21.0,3.0,22
color (4),m,0,6,train,1.0,26.0,4.0,22
color (5),z,0,6,train,1.0,7.0,6.0,22
color (2),z,0,6,train,1.0,13.0,6.0,22
color (1),m,1,6,train,0.0,4.0,4.0,22
color (4),m,0,6,train,1.0,30.0,4.0,22
color (3),z,1,6,train,0.0,10.0,5.0,22
color (6),m,0,6,train,1.0,8.0,10.0,22
color (5),z,0,6,train,1.0,13.0,6.0,22
color (1),z,0,6,train,1.0,5.0,5.0,22
color (2),m,1,6,train,0.0,20.0,6.0,22
color (4),m,0,6,train,1.0,36.0,4.0,22
color (3),m,0,6,train,1.0,6.0,6.0,22
color (6),z,1,6,train,0.0,14.0,10.0,22
symbol (1),z,0,3,train,0.0,0.0,0.0,22
symbol (2),z,0,3,train,0.0,0.0,0.0,22
symbol (3),z,1,3,train,0.0,0.0,0.0,22
symbol (1),m,1,3,train,0.0,0.0,0.0,22
symbol (3),z,1,3,train,0.0,2.0,1.0,22
symbol (2),m,1,3,train,0.0,0.0,0.0,22
symbol (2),m,1,3,train,0.0,1.0,1.0,22
symbol (3),z,1,3,train,0.0,3.0,2.0,22
symbol (1),z,0,3,train,1.0,5.0,1.0,22
symbol (1),m,1,3,train,0.0,6.0,1.0,22
symbol (2),m,1,3,train,0.0,4.0,2.0,22
symbol (3),z,1,3,train,0.0,4.0,3.0,22
symbol (1),m,1,3,train,0.0,3.0,2.0,22
symbol (3),z,1,3,train,0.0,2.0,4.0,22
symbol (2),m,1,3,train,0.0,4.0,3.0,22
symbol (2),m,1,3,train,0.0,1.0,4.0,22
symbol (3),z,1,3,train,0.0,3.0,5.0,22
symbol (1),m,1,3,train,0.0,5.0,3.0,22
symbol (3),z,1,3,train,0.0,2.0,6.0,22
symbol (2),m,1,3,train,0.0,4.0,5.0,22
symbol (1),m,1,3,train,0.0,3.0,4.0,22
symbol (1),m,1,3,train,0.0,1.0,5.0,22
symbol (3),z,1,3,train,0.0,4.0,7.0,22
symbol (2),z,0,3,train,1.0,4.0,6.0,22
symbol (2),m,1,3,train,0.0,5.0,6.0,22
symbol (3),z,1,3,train,0.0,3.0,8.0,22
symbol (1),z,0,3,train,1.0,5.0,6.0,22
symbol (3),z,1,3,train,0.0,2.0,9.0,22
symbol (1),m,1,3,train,0.0,7.0,6.0,22
symbol (2),m,1,3,train,0.0,5.0,7.0,22
symbol (2),m,1,3,train,0.0,1.0,8.0,22
symbol (3),z,1,3,train,0.0,4.0,10.0,22
symbol (2),m,1,3,train,0.0,2.0,9.0,22
symbol (1),m,1,3,train,0.0,5.0,7.0,22
symbol (3),z,1,3,train,0.0,3.0,11.0,22
symbol (1),m,1,3,train,0.0,2.0,8.0,22
environment (6),z,1,6,train,0.0,0.0,0.0,22
environment (1),z,0,6,train,0.0,0.0,0.0,22
environment (5),z,0,6,train,0.0,0.0,0.0,22
environment (4),z,1,6,train,0.0,0.0,0.0,22
environment (2),z,0,6,train,0.0,0.0,0.0,22
environment (3),z,1,6,train,0.0,0.0,0.0,22
environment (3),z,1,6,train,0.0,1.0,1.0,22
environment (6),z,1,6,train,0.0,7.0,1.0,22
environment (4),z,1,6,train,0.0,5.0,1.0,22
environment (5),m,1,6,train,0.0,0.0,0.0,22
environment (1),m,1,6,train,0.0,0.0,0.0,22
environment (2),m,1,6,train,0.0,0.0,0.0,22
environment (1),m,1,6,train,0.0,2.0,1.0,22
environment (3),z,1,6,train,0.0,7.0,2.0,22
environment (2),m,1,6,train,0.0,3.0,1.0,22
environment (6),z,1,6,train,0.0,8.0,2.0,22
environment (5),m,1,6,train,0.0,7.0,1.0,22
environment (4),z,1,6,train,0.0,9.0,2.0,22
environment (5),m,1,6,train,0.0,2.0,2.0,22
environment (2),m,1,6,train,0.0,5.0,2.0,22
environment (6),z,1,6,train,0.0,5.0,3.0,22
environment (1),m,1,6,train,0.0,9.0,2.0,22
environment (4),z,1,6,train,0.0,5.0,3.0,22
environment (3),z,1,6,train,0.0,10.0,3.0,22
environment (6),z,1,6,train,0.0,4.0,4.0,22
environment (5),m,1,6,train,0.0,7.0,3.0,22
environment (2),m,1,6,train,0.0,7.0,3.0,22
environment (3),z,1,6,train,0.0,4.0,4.0,22
environment (4),z,1,6,train,0.0,6.0,4.0,22
environment (1),m,1,6,train,0.0,8.0,3.0,22
environment (6),z,1,6,train,0.0,6.0,5.0,22
environment (3),z,1,6,train,0.0,4.0,5.0,22
environment (4),z,1,6,train,0.0,4.0,5.0,22
environment (1),m,1,6,train,0.0,4.0,4.0,22
environment (2),m,1,6,train,0.0,8.0,4.0,22
environment (5),m,1,6,train,0.0,10.0,4.0,22
environment (2),m,1,6,train,0.0,2.0,5.0,22
environment (3),z,1,6,train,0.0,6.0,6.0,22
environment (5),m,1,6,train,0.0,3.0,5.0,22
environment (4),z,1,6,train,0.0,7.0,6.0,22
environment (1),z,0,6,train,1.0,7.0,5.0,22
environment (6),z,1,6,train,0.0,11.0,6.0,22
environment (2),m,1,6,train,0.0,6.0,6.0,22
environment (1),m,1,6,train,0.0,10.0,5.0,22
environment (4),z,1,6,train,0.0,5.0,7.0,22
environment (3),z,1,6,train,0.0,8.0,7.0,22
environment (5),m,1,6,train,0.0,8.0,6.0,22
environment (6),z,1,6,train,0.0,6.0,7.0,22
environment (3),z,1,6,train,0.0,3.0,8.0,22
environment (2),m,1,6,train,0.0,7.0,7.0,22
environment (6),z,1,6,train,0.0,3.0,8.0,22
environment (1),m,1,6,train,0.0,8.0,6.0,22
environment (4),z,1,6,train,0.0,8.0,8.0,22
environment (5),m,1,6,train,0.0,7.0,7.0,22
environment (2),m,1,6,train,0.0,5.0,8.0,22
environment (6),z,1,6,train,0.0,5.0,9.0,22
environment (3),z,1,6,train,0.0,8.0,9.0,22
environment (1),m,1,6,train,0.0,6.0,7.0,22
environment (4),z,1,6,train,0.0,6.0,9.0,22
environment (5),m,1,6,train,0.0,6.0,8.0,22
environment (3),z,1,6,train,0.0,4.0,10.0,22
environment (5),m,1,6,train,0.0,2.0,9.0,22
environment (2),m,1,6,train,0.0,8.0,9.0,22
environment (6),z,1,6,train,0.0,8.0,10.0,22
environment (1),m,1,6,train,0.0,7.0,8.0,22
environment (4),z,1,6,train,0.0,7.0,10.0,22
environment (5),m,1,6,train,0.0,5.0,10.0,22
environment (2),m,1,6,train,0.0,5.0,10.0,22
environment (1),m,1,6,train,0.0,4.0,9.0,22
environment (4),z,1,6,train,0.0,4.0,11.0,22
environment (3),z,1,6,train,0.0,10.0,11.0,22
environment (6),z,1,6,train,0.0,8.0,11.0,22
environment (5),m,1,6,train,0.0,6.0,11.0,22
environment (1),m,1,6,train,0.0,5.0,10.0,22
environment (2),m,1,6,train,0.0,7.0,11.0,22
environment (4),z,1,6,train,0.0,6.0,12.0,22
environment (3),z,1,6,train,0.0,6.0,12.0,22
environment (6),z,1,6,train,0.0,6.0,12.0,22
vehicle (1),z,0,3,train,0.0,0.0,0.0,22
vehicle (2),z,0,3,train,0.0,0.0,0.0,22
vehicle (3),z,1,3,train,0.0,0.0,0.0,22
vehicle (1),m,1,3,train,0.0,0.0,0.0,22
vehicle (3),m,0,3,train,0.0,2.0,1.0,22
vehicle (2),z,0,3,train,1.0,0.0,0.0,22
vehicle (2),m,1,3,train,0.0,0.0,0.0,22
vehicle (3),z,1,3,train,0.0,5.0,1.0,22
vehicle (1),m,1,3,train,0.0,5.0,1.0,22
vehicle (1),m,1,3,train,0.0,1.0,2.0,22
vehicle (2),m,1,3,train,0.0,4.0,1.0,22
vehicle (3),z,1,3,train,0.0,4.0,2.0,22
vehicle (1),m,1,3,train,0.0,3.0,3.0,22
vehicle (3),z,1,3,train,0.0,2.0,3.0,22
vehicle (2),m,1,3,train,0.0,4.0,2.0,22
vehicle (2),z,0,3,train,1.0,1.0,3.0,22
vehicle (3),z,1,3,train,0.0,3.0,4.0,22
vehicle (1),m,1,3,train,0.0,5.0,4.0,22
vehicle (3),z,1,3,train,0.0,2.0,5.0,22
vehicle (2),m,1,3,train,0.0,5.0,3.0,22
vehicle (1),m,1,3,train,0.0,3.0,5.0,22
vehicle (1),m,1,3,train,0.0,1.0,6.0,22
vehicle (3),z,1,3,train,0.0,4.0,6.0,22
vehicle (2),m,1,3,train,0.0,4.0,4.0,22
vehicle (2),m,1,3,train,0.0,1.0,5.0,22
vehicle (3),z,1,3,train,0.0,3.0,7.0,22
vehicle (1),m,1,3,train,0.0,5.0,7.0,22
vehicle (3),z,1,3,train,0.0,2.0,8.0,22
vehicle (1),m,1,3,train,0.0,2.0,8.0,22
vehicle (2),m,1,3,train,0.0,5.0,6.0,22
vehicle (2),m,1,3,train,0.0,1.0,7.0,22
vehicle (3),z,1,3,train,0.0,4.0,9.0,22
vehicle (2),m,1,3,train,0.0,2.0,8.0,22
vehicle (1),m,1,3,train,0.0,5.0,9.0,22
vehicle (3),z,1,3,train,0.0,3.0,10.0,22
vehicle (1),m,1,3,train,0.0,2.0,10.0,22
instrument (1),m,1,3,train,0.0,0.0,0.0,22
instrument (2),z,0,3,train,0.0,0.0,0.0,22
instrument (3),z,1,3,train,0.0,0.0,0.0,22
instrument (1),m,1,3,train,0.0,3.0,1.0,22
instrument (3),z,1,3,train,0.0,2.0,1.0,22
instrument (2),z,0,3,train,1.0,0.0,0.0,22
instrument (2),z,0,3,train,1.0,0.0,0.0,22
instrument (3),z,1,3,train,0.0,3.0,2.0,22
instrument (1),m,1,3,train,0.0,5.0,2.0,22
instrument (1),z,0,3,train,0.0,1.0,3.0,22
instrument (2),m,1,3,train,0.0,0.0,0.0,22
instrument (3),z,1,3,train,0.0,4.0,3.0,22
instrument (1),m,1,3,train,0.0,4.0,3.0,22
instrument (3),z,1,3,train,0.0,2.0,4.0,22
instrument (2),m,1,3,train,0.0,4.0,1.0,22
instrument (2),m,1,3,train,0.0,1.0,2.0,22
instrument (3),z,1,3,train,0.0,3.0,5.0,22
instrument (1),m,1,3,train,0.0,5.0,4.0,22
instrument (3),z,1,3,train,0.0,2.0,6.0,22
instrument (2),m,1,3,train,0.0,4.0,3.0,22
instrument (1),m,1,3,train,0.0,3.0,5.0,22
instrument (1),m,1,3,train,0.0,1.0,6.0,22
instrument (3),z,1,3,train,0.0,4.0,7.0,22
instrument (2),m,1,3,train,0.0,4.0,4.0,22
instrument (2),m,1,3,train,0.0,1.0,5.0,22
instrument (3),z,1,3,train,0.0,3.0,8.0,22
instrument (1),m,1,3,train,0.0,5.0,7.0,22
instrument (3),z,1,3,train,0.0,2.0,9.0,22
instrument (1),m,1,3,train,0.0,2.0,8.0,22
instrument (2),m,1,3,train,0.0,5.0,6.0,22
instrument (2),m,1,3,train,0.0,1.0,7.0,22
instrument (3),z,1,3,train,0.0,4.0,10.0,22
instrument (2),m,1,3,train,0.0,2.0,8.0,22
instrument (1),m,1,3,train,0.0,5.0,9.0,22
instrument (3),z,1,3,train,0.0,3.0,11.0,22
instrument (1),z,0,3,train,1.0,2.0,10.0,22
jungle2,m,0,3,train,0.0,0.0,0.0,23
jungle1,m,0,3,train,0.0,0.0,0.0,23
jungle3,m,1,3,train,0.0,0.0,0.0,23
jungle1,z,1,3,train,0.0,0.0,0.0,23
jungle3,m,1,3,train,0.0,2.0,1.0,23
jungle2,z,1,3,train,0.0,0.0,0.0,23
jungle3,m,1,3,train,0.0,2.0,2.0,23
jungle2,z,1,3,train,0.0,2.0,1.0,23
jungle1,z,1,3,train,0.0,5.0,1.0,23
jungle1,z,1,3,train,0.0,1.0,2.0,23
jungle2,z,1,3,train,0.0,3.0,2.0,23
jungle3,m,1,3,train,0.0,5.0,3.0,23
jungle3,m,1,3,train,0.0,1.0,4.0,23
jungle1,z,1,3,train,0.0,4.0,3.0,23
jungle2,z,1,3,train,0.0,4.0,3.0,23
jungle3,m,1,3,train,0.0,3.0,5.0,23
jungle1,z,1,3,train,0.0,3.0,4.0,23
jungle2,z,1,3,train,0.0,3.0,4.0,23
jungle1,z,1,3,train,0.0,2.0,5.0,23
jungle3,m,1,3,train,0.0,4.0,6.0,23
jungle2,z,1,3,train,0.0,3.0,5.0,23
jungle3,m,1,3,train,0.0,2.0,7.0,23
jungle2,z,1,3,train,0.0,2.0,6.0,23
jungle1,z,1,3,train,0.0,5.0,6.0,23
jungle2,z,1,3,train,0.0,2.0,7.0,23
jungle3,m,1,3,train,0.0,4.0,8.0,23
jungle1,z,1,3,train,0.0,3.0,7.0,23
jungle1,z,1,3,train,0.0,1.0,8.0,23
jungle2,z,1,3,train,0.0,4.0,8.0,23
jungle3,m,1,3,train,0.0,4.0,9.0,23
jungle2,z,1,3,train,0.0,2.0,9.0,23
jungle3,m,1,3,train,0.0,2.0,10.0,23
jungle1,z,1,3,train,0.0,5.0,9.0,23
jungle2,z,1,3,train,0.0,3.0,10.0,23
jungle1,z,1,3,train,0.0,2.0,10.0,23
jungle3,m,1,3,train,0.0,4.0,11.0,23
vegan (6),m,0,6,train,0.0,0.0,0.0,23
vegan (1),m,1,6,train,0.0,0.0,0.0,23
vegan (5),m,1,6,train,0.0,0.0,0.0,23
vegan (4),m,0,6,train,0.0,0.0,0.0,23
vegan (2),m,1,6,train,0.0,0.0,0.0,23
vegan (3),m,0,6,train,0.0,0.0,0.0,23
vegan (3),z,1,6,train,0.0,0.0,0.0,23
vegan (6),z,1,6,train,0.0,0.0,0.0,23
vegan (4),m,0,6,train,1.0,0.0,0.0,23
vegan (5),m,1,6,train,0.0,7.0,1.0,23
vegan (1),z,0,6,train,0.0,9.0,1.0,23
vegan (2),z,0,6,train,0.0,7.0,1.0,23
vegan (1),m,1,6,train,0.0,11.0,1.0,23
vegan (3),z,1,6,train,0.0,7.0,1.0,23
vegan (2),z,0,6,train,1.0,10.0,1.0,23
vegan (6),z,1,6,train,0.0,8.0,1.0,23
vegan (5),m,1,6,train,0.0,7.0,2.0,23
vegan (4),z,1,6,train,0.0,0.0,0.0,23
vegan (5),m,1,6,train,0.0,2.0,3.0,23
vegan (2),z,0,6,train,1.0,15.0,1.0,23
vegan (6),z,1,6,train,0.0,5.0,2.0,23
vegan (1),m,1,6,train,0.0,9.0,2.0,23
vegan (4),m,0,6,train,1.0,5.0,1.0,23
vegan (3),z,1,6,train,0.0,10.0,2.0,23
vegan (6),z,1,6,train,0.0,4.0,3.0,23
vegan (5),z,0,6,train,0.0,7.0,4.0,23
vegan (2),m,1,6,train,0.0,22.0,1.0,23
vegan (3),z,1,6,train,0.0,4.0,3.0,23
vegan (4),m,0,6,train,1.0,11.0,1.0,23
vegan (1),z,0,6,train,1.0,8.0,3.0,23
vegan (6),z,1,6,train,0.0,6.0,4.0,23
vegan (3),z,1,6,train,0.0,4.0,4.0,23
vegan (4),m,0,6,train,1.0,15.0,1.0,23
vegan (1),m,1,6,train,0.0,12.0,3.0,23
vegan (2),z,0,6,train,1.0,8.0,2.0,23
vegan (5),m,1,6,train,0.0,17.0,4.0,23
vegan (2),z,0,6,train,1.0,10.0,2.0,23
vegan (3),m,0,6,train,1.0,6.0,5.0,23
vegan (5),m,1,6,train,0.0,3.0,5.0,23
vegan (4),m,0,6,train,1.0,22.0,1.0,23
vegan (1),z,0,6,train,1.0,7.0,4.0,23
vegan (6),z,1,6,train,0.0,11.0,5.0,23
vegan (2),z,0,6,train,1.0,16.0,2.0,23
vegan (1),m,1,6,train,0.0,10.0,4.0,23
vegan (4),m,0,6,train,1.0,27.0,1.0,23
vegan (3),z,1,6,train,0.0,14.0,5.0,23
vegan (5),m,1,6,train,0.0,8.0,6.0,23
vegan (6),z,1,6,train,0.0,6.0,6.0,23
vegan (3),z,1,6,train,0.0,3.0,6.0,23
vegan (2),m,1,6,train,0.0,23.0,2.0,23
vegan (6),m,0,6,train,1.0,3.0,7.0,23
vegan (1),m,1,6,train,0.0,8.0,5.0,23
vegan (4),m,0,6,train,1.0,35.0,1.0,23
vegan (5),m,1,6,train,0.0,7.0,7.0,23
vegan (2),z,0,6,train,1.0,5.0,3.0,23
vegan (6),z,1,6,train,0.0,8.0,7.0,23
vegan (3),z,1,6,train,0.0,8.0,7.0,23
vegan (1),m,1,6,train,0.0,6.0,6.0,23
vegan (4),m,0,6,train,1.0,41.0,1.0,23
vegan (5),m,1,6,train,0.0,6.0,8.0,23
vegan (3),z,1,6,train,0.0,4.0,8.0,23
vegan (5),m,1,6,train,0.0,2.0,9.0,23
vegan (2),z,0,6,train,1.0,13.0,3.0,23
vegan (6),z,1,6,train,0.0,8.0,8.0,23
vegan (1),m,1,6,train,0.0,7.0,7.0,23
vegan (4),m,0,6,train,1.0,48.0,1.0,23
vegan (5),m,1,6,train,0.0,5.0,10.0,23
vegan (2),z,0,6,train,1.0,18.0,3.0,23
vegan (1),m,1,6,train,0.0,4.0,8.0,23
vegan (4),m,0,6,train,1.0,52.0,1.0,23
vegan (3),z,1,6,train,0.0,10.0,9.0,23
vegan (6),z,1,6,train,0.0,8.0,9.0,23
vegan (5),m,1,6,train,0.0,6.0,11.0,23
vegan (1),m,1,6,train,0.0,5.0,9.0,23
vegan (2),z,0,6,train,1.0,25.0,3.0,23
vegan (4),m,0,6,train,1.0,58.0,1.0,23
vegan (3),z,1,6,train,0.0,6.0,10.0,23
vegan (6),z,1,6,train,0.0,6.0,10.0,23
animal (1),m,0,3,train,0.0,0.0,0.0,23
animal (2),m,0,3,train,0.0,0.0,0.0,23
animal (3),m,1,3,train,0.0,0.0,0.0,23
animal (1),z,1,3,train,0.0,0.0,0.0,23
animal (3),z,0,3,train,0.0,2.0,1.0,23
animal (2),z,1,3,train,0.0,0.0,0.0,23
animal (2),z,1,3,train,0.0,1.0,1.0,23
animal (3),m,1,3,train,0.0,5.0,1.0,23
animal (1),z,1,3,train,0.0,5.0,1.0,23
animal (1),z,1,3,train,0.0,1.0,2.0,23
animal (2),z,1,3,train,0.0,4.0,2.0,23
animal (3),m,1,3,train,0.0,4.0,2.0,23
animal (1),z,1,3,train,0.0,3.0,3.0,23
animal (3),z,0,3,train,1.0,2.0,3.0,23
animal (2),z,1,3,train,0.0,4.0,3.0,23
animal (2),z,1,3,train,0.0,1.0,4.0,23
animal (3),m,1,3,train,0.0,5.0,3.0,23
animal (1),z,1,3,train,0.0,5.0,4.0,23
animal (3),m,1,3,train,0.0,2.0,4.0,23
animal (2),z,1,3,train,0.0,4.0,5.0,23
animal (1),z,1,3,train,0.0,3.0,5.0,23
animal (1),z,1,3,train,0.0,1.0,6.0,23
animal (3),m,1,3,train,0.0,4.0,5.0,23
animal (2),z,1,3,train,0.0,4.0,6.0,23
animal (2),z,1,3,train,0.0,1.0,7.0,23
animal (3),m,1,3,train,0.0,3.0,6.0,23
animal (1),z,1,3,train,0.0,5.0,7.0,23
animal (3),m,1,3,train,0.0,2.0,7.0,23
animal (1),z,1,3,train,0.0,2.0,8.0,23
animal (2),z,1,3,train,0.0,5.0,8.0,23
animal (2),z,1,3,train,0.0,1.0,9.0,23
animal (3),m,1,3,train,0.0,4.0,8.0,23
animal (2),z,1,3,train,0.0,2.0,10.0,23
animal (1),z,1,3,train,0.0,5.0,9.0,23
animal (3),m,1,3,train,0.0,3.0,9.0,23
animal (1),z,1,3,train,0.0,2.0,10.0,23
fruits (6),z,1,6,train,0.0,0.0,0.0,23
fruits (1),z,0,6,train,0.0,0.0,0.0,23
fruits (5),z,0,6,train,0.0,0.0,0.0,23
fruits (4),z,1,6,train,0.0,0.0,0.0,23
fruits (2),m,1,6,train,0.0,0.0,0.0,23
fruits (3),m,0,6,train,0.0,0.0,0.0,23
fruits (3),z,1,6,train,0.0,0.0,0.0,23
fruits (6),z,1,6,train,0.0,7.0,1.0,23
fruits (4),z,1,6,train,0.0,5.0,1.0,23
fruits (5),m,1,6,train,0.0,0.0,0.0,23
fruits (1),m,1,6,train,0.0,0.0,0.0,23
fruits (2),m,1,6,train,0.0,7.0,1.0,23
fruits (1),m,1,6,train,0.0,2.0,1.0,23
fruits (3),z,1,6,train,0.0,7.0,1.0,23
fruits (2),m,1,6,train,0.0,3.0,2.0,23
fruits (6),z,1,6,train,0.0,8.0,2.0,23
fruits (5),m,1,6,train,0.0,7.0,1.0,23
fruits (4),z,1,6,train,0.0,9.0,2.0,23
fruits (5),z,0,6,train,1.0,2.0,2.0,23
fruits (2),m,1,6,train,0.0,5.0,3.0,23
fruits (6),z,1,6,train,0.0,5.0,3.0,23
fruits (1),m,1,6,train,0.0,9.0,2.0,23
fruits (4),z,1,6,train,0.0,5.0,3.0,23
fruits (3),z,1,6,train,0.0,10.0,2.0,23
fruits (6),z,1,6,train,0.0,4.0,4.0,23
fruits (5),m,1,6,train,0.0,9.0,2.0,23
fruits (2),m,1,6,train,0.0,7.0,4.0,23
fruits (3),z,1,6,train,0.0,4.0,3.0,23
fruits (4),z,1,6,train,0.0,6.0,4.0,23
fruits (1),m,1,6,train,0.0,8.0,3.0,23
fruits (6),z,1,6,train,0.0,6.0,5.0,23
fruits (3),z,1,6,train,0.0,4.0,4.0,23
fruits (4),z,1,6,train,0.0,4.0,5.0,23
fruits (1),m,1,6,train,0.0,4.0,4.0,23
fruits (2),m,1,6,train,0.0,8.0,5.0,23
fruits (5),m,1,6,train,0.0,10.0,3.0,23
fruits (2),m,1,6,train,0.0,2.0,6.0,23
fruits (3),z,1,6,train,0.0,6.0,5.0,23
fruits (5),m,1,6,train,0.0,3.0,4.0,23
fruits (4),z,1,6,train,0.0,7.0,6.0,23
fruits (1),m,1,6,train,0.0,7.0,5.0,23
fruits (6),z,1,6,train,0.0,11.0,6.0,23
fruits (2),m,1,6,train,0.0,6.0,7.0,23
fruits (1),m,1,6,train,0.0,3.0,6.0,23
fruits (4),z,1,6,train,0.0,5.0,7.0,23
fruits (3),z,1,6,train,0.0,8.0,6.0,23
fruits (5),m,1,6,train,0.0,8.0,5.0,23
fruits (6),z,1,6,train,0.0,6.0,7.0,23
fruits (3),z,1,6,train,0.0,3.0,7.0,23
fruits (2),m,1,6,train,0.0,7.0,8.0,23
fruits (6),z,1,6,train,0.0,3.0,8.0,23
fruits (1),m,1,6,train,0.0,8.0,7.0,23
fruits (4),z,1,6,train,0.0,8.0,8.0,23
fruits (5),m,1,6,train,0.0,7.0,6.0,23
fruits (2),m,1,6,train,0.0,5.0,9.0,23
fruits (6),z,1,6,train,0.0,5.0,9.0,23
fruits (3),z,1,6,train,0.0,8.0,8.0,23
fruits (1),m,1,6,train,0.0,6.0,8.0,23
fruits (4),z,1,6,train,0.0,6.0,9.0,23
fruits (5),m,1,6,train,0.0,6.0,7.0,23
fruits (3),z,1,6,train,0.0,4.0,9.0,23
fruits (5),m,1,6,train,0.0,2.0,8.0,23
fruits (2),m,1,6,train,0.0,8.0,10.0,23
fruits (6),z,1,6,train,0.0,8.0,10.0,23
fruits (1),m,1,6,train,0.0,7.0,9.0,23
fruits (4),z,1,6,train,0.0,7.0,10.0,23
fruits (5),z,0,6,train,1.0,5.0,9.0,23
fruits (2),m,1,6,train,0.0,5.0,11.0,23
fruits (1),m,1,6,train,0.0,4.0,10.0,23
fruits (4),z,1,6,train,0.0,4.0,11.0,23
fruits (3),z,1,6,train,0.0,10.0,10.0,23
fruits (6),z,1,6,train,0.0,8.0,11.0,23
fruits (5),m,1,6,train,0.0,11.0,9.0,23
fruits (1),m,1,6,train,0.0,5.0,11.0,23
fruits (2),m,1,6,train,0.0,7.0,12.0,23
fruits (4),z,1,6,train,0.0,6.0,12.0,23
fruits (3),z,1,6,train,0.0,6.0,11.0,23
fruits (6),z,1,6,train,0.0,6.0,12.0,23
tools (1),z,1,3,train,0.0,0.0,0.0,23
tools (2),z,1,3,train,0.0,0.0,0.0,23
tools (3),z,0,3,train,0.0,0.0,0.0,23
tools (1),z,1,3,train,0.0,3.0,1.0,23
tools (3),m,1,3,train,0.0,0.0,0.0,23
tools (2),z,1,3,train,0.0,4.0,1.0,23
tools (2),z,1,3,train,0.0,1.0,2.0,23
tools (3),m,1,3,train,0.0,3.0,1.0,23
tools (1),z,1,3,train,0.0,5.0,2.0,23
tools (1),z,1,3,train,0.0,1.0,3.0,23
tools (2),z,1,3,train,0.0,4.0,3.0,23
tools (3),m,1,3,train,0.0,4.0,2.0,23
tools (1),z,1,3,train,0.0,3.0,4.0,23
tools (3),m,1,3,train,0.0,2.0,3.0,23
tools (2),z,1,3,train,0.0,4.0,4.0,23
tools (2),z,1,3,train,0.0,1.0,5.0,23
tools (3),m,1,3,train,0.0,3.0,4.0,23
tools (1),z,1,3,train,0.0,5.0,5.0,23
tools (3),z,0,3,train,1.0,2.0,5.0,23
tools (2),z,1,3,train,0.0,4.0,6.0,23
tools (1),z,1,3,train,0.0,3.0,6.0,23
tools (1),m,0,3,train,0.0,1.0,7.0,23
tools (3),m,1,3,train,0.0,6.0,5.0,23
tools (2),z,1,3,train,0.0,4.0,7.0,23
tools (2),z,1,3,train,0.0,1.0,8.0,23
tools (3),m,1,3,train,0.0,3.0,6.0,23
tools (1),z,1,3,train,0.0,6.0,7.0,23
tools (3),m,1,3,train,0.0,2.0,7.0,23
tools (1),z,1,3,train,0.0,2.0,8.0,23
tools (2),z,1,3,train,0.0,5.0,9.0,23
tools (2),z,1,3,train,0.0,1.0,10.0,23
tools (3),m,1,3,train,0.0,4.0,8.0,23
tools (2),z,1,3,train,0.0,2.0,11.0,23
tools (1),z,1,3,train,0.0,5.0,9.0,23
tools (3),m,1,3,train,0.0,3.0,9.0,23
tools (1),z,1,3,train,0.0,2.0,10.0,23
clothes (6),z,1,6,train,0.0,0.0,0.0,23
clothes (1),z,0,6,train,0.0,0.0,0.0,23
clothes (5),z,0,6,train,0.0,0.0,0.0,23
clothes (4),z,1,6,train,0.0,0.0,0.0,23
clothes (2),z,0,6,train,0.0,0.0,0.0,23
clothes (3),z,1,6,train,0.0,0.0,0.0,23
clothes (3),z,1,6,train,0.0,1.0,1.0,23
clothes (6),m,0,6,train,0.0,7.0,1.0,23
clothes (4),m,0,6,train,0.0,5.0,1.0,23
clothes (5),z,0,6,train,1.0,0.0,0.0,23
clothes (1),z,0,6,train,1.0,0.0,0.0,23
clothes (2),z,0,6,train,1.0,0.0,0.0,23
clothes (1),z,0,6,train,1.0,0.0,0.0,23
clothes (3),z,1,6,train,0.0,7.0,2.0,23
clothes (2),m,1,6,train,0.0,0.0,0.0,23
clothes (6),z,1,6,train,0.0,15.0,1.0,23
clothes (5),z,0,6,train,1.0,0.0,0.0,23
clothes (4),z,1,6,train,0.0,14.0,1.0,23
clothes (5),z,0,6,train,1.0,0.0,0.0,23
clothes (2),m,1,6,train,0.0,5.0,1.0,23
clothes (6),z,1,6,train,0.0,5.0,2.0,23
clothes (1),m,1,6,train,0.0,0.0,0.0,23
clothes (4),m,0,6,train,1.0,5.0,2.0,23
clothes (3),z,1,6,train,0.0,10.0,3.0,23
clothes (6),z,1,6,train,0.0,4.0,3.0,23
clothes (5),z,0,6,train,1.0,0.0,0.0,23
clothes (2),m,1,6,train,0.0,7.0,2.0,23
clothes (3),m,0,6,train,0.0,4.0,4.0,23
clothes (4),z,1,6,train,0.0,11.0,2.0,23
clothes (1),m,1,6,train,0.0,8.0,1.0,23
clothes (6),m,0,6,train,1.0,6.0,4.0,23
clothes (3),z,1,6,train,0.0,8.0,4.0,23
clothes (4),m,0,6,train,1.0,4.0,3.0,23
clothes (1),z,0,6,train,1.0,4.0,2.0,23
clothes (2),m,1,6,train,0.0,8.0,3.0,23
clothes (5),z,0,6,train,1.0,0.0,0.0,23
clothes (2),m,1,6,train,0.0,2.0,4.0,23
clothes (3),m,0,6,train,1.0,6.0,5.0,23
clothes (5),m,1,6,train,0.0,0.0,0.0,23
clothes (4),z,1,6,train,0.0,11.0,3.0,23
clothes (1),m,1,6,train,0.0,11.0,2.0,23
clothes (6),m,0,6,train,1.0,17.0,4.0,23
clothes (2),z,0,6,train,1.0,6.0,5.0,23
clothes (1),m,1,6,train,0.0,3.0,3.0,23
clothes (4),m,0,6,train,1.0,5.0,4.0,23
clothes (3),z,1,6,train,0.0,14.0,5.0,23
clothes (5),m,1,6,train,0.0,8.0,1.0,23
clothes (6),z,1,6,train,0.0,23.0,4.0,23
clothes (3),z,1,6,train,0.0,3.0,6.0,23
clothes (2),z,0,6,train,1.0,13.0,5.0,23
clothes (6),z,1,6,train,0.0,3.0,5.0,23
clothes (1),z,0,6,train,1.0,8.0,4.0,23
clothes (4),z,1,6,train,0.0,13.0,4.0,23
clothes (5),z,0,6,train,1.0,7.0,2.0,23
clothes (2),z,0,6,train,1.0,18.0,5.0,23
clothes (6),m,0,6,train,1.0,5.0,6.0,23
clothes (3),z,1,6,train,0.0,8.0,7.0,23
clothes (1),z,0,6,train,1.0,14.0,4.0,23
clothes (4),m,0,6,train,1.0,6.0,5.0,23
clothes (5),z,0,6,train,1.0,13.0,2.0,23
clothes (3),m,0,6,train,1.0,4.0,8.0,23
clothes (5),z,0,6,train,1.0,15.0,2.0,23
clothes (2),m,1,6,train,0.0,26.0,5.0,23
clothes (6),z,1,6,train,0.0,13.0,6.0,23
clothes (1),z,0,6,train,1.0,21.0,4.0,23
clothes (4),m,0,6,train,1.0,13.0,5.0,23
clothes (5),z,0,6,train,1.0,20.0,2.0,23
clothes (2),m,1,6,train,0.0,5.0,6.0,23
clothes (1),m,1,6,train,0.0,25.0,4.0,23
clothes (4),m,0,6,train,1.0,17.0,5.0,23
clothes (3),z,1,6,train,0.0,14.0,8.0,23
clothes (6),m,0,6,train,1.0,8.0,7.0,23
clothes (5),z,0,6,train,1.0,26.0,2.0,23
clothes (1),m,1,6,train,0.0,5.0,5.0,23
clothes (2),m,1,6,train,0.0,7.0,7.0,23
clothes (4),z,1,6,train,0.0,23.0,5.0,23
clothes (3),z,1,6,train,0.0,6.0,9.0,23
clothes (6),z,1,6,train,0.0,14.0,7.0,23
face (1),z,1,3,train,0.0,0.0,0.0,23
face (2),z,1,3,train,0.0,0.0,0.0,23
face (3),z,0,3,train,0.0,0.0,0.0,23
face (1),z,1,3,train,0.0,3.0,1.0,23
face (3),m,1,3,train,0.0,0.0,0.0,23
face (2),z,1,3,train,0.0,4.0,1.0,23
face (2),z,1,3,train,0.0,1.0,2.0,23
face (3),m,1,3,train,0.0,3.0,1.0,23
face (1),z,1,3,train,0.0,5.0,2.0,23
face (1),z,1,3,train,0.0,1.0,3.0,23
face (2),z,1,3,train,0.0,4.0,3.0,23
face (3),m,1,3,train,0.0,4.0,2.0,23
face (1),z,1,3,train,0.0,3.0,4.0,23
face (3),m,1,3,train,0.0,2.0,3.0,23
face (2),z,1,3,train,0.0,4.0,4.0,23
face (2),z,1,3,train,0.0,1.0,5.0,23
face (3),m,1,3,train,0.0,3.0,4.0,23
face (1),z,1,3,train,0.0,5.0,5.0,23
face (3),m,1,3,train,0.0,2.0,5.0,23
face (2),z,1,3,train,0.0,4.0,6.0,23
face (1),z,1,3,train,0.0,3.0,6.0,23
face (1),z,1,3,train,0.0,1.0,7.0,23
face (3),m,1,3,train,0.0,4.0,6.0,23
face (2),z,1,3,train,0.0,4.0,7.0,23
face (2),z,1,3,train,0.0,1.0,8.0,23
face (3),m,1,3,train,0.0,3.0,7.0,23
face (1),z,1,3,train,0.0,5.0,8.0,23
face (3),m,1,3,train,0.0,2.0,8.0,23
face (1),z,1,3,train,0.0,2.0,9.0,23
face (2),z,1,3,train,0.0,5.0,9.0,23
face (2),m,0,3,train,0.0,1.0,10.0,23
face (3),m,1,3,train,0.0,4.0,9.0,23
face (2),z,1,3,train,0.0,3.0,10.0,23
face (1),z,1,3,train,0.0,5.0,10.0,23
face (3),m,1,3,train,0.0,3.0,10.0,23
face (1),z,1,3,train,0.0,2.0,11.0,23
color (6),z,1,6,train,0.0,0.0,0.0,23
color (1),z,0,6,train,0.0,0.0,0.0,23
color (5),z,0,6,train,0.0,0.0,0.0,23
color (4),z,1,6,train,0.0,0.0,0.0,23
color (2),z,0,6,train,0.0,0.0,0.0,23
color (3),z,1,6,train,0.0,0.0,0.0,23
color (3),z,1,6,train,0.0,1.0,1.0,23
color (6),z,1,6,train,0.0,7.0,1.0,23
color (4),z,1,6,train,0.0,5.0,1.0,23
color (5),m,1,6,train,0.0,0.0,0.0,23
color (1),m,1,6,train,0.0,0.0,0.0,23
color (2),m,1,6,train,0.0,0.0,0.0,23
color (1),m,1,6,train,0.0,2.0,1.0,23
color (3),z,1,6,train,0.0,7.0,2.0,23
color (2),m,1,6,train,0.0,3.0,1.0,23
color (6),z,1,6,train,0.0,8.0,2.0,23
color (5),m,1,6,train,0.0,7.0,1.0,23
color (4),z,1,6,train,0.0,9.0,2.0,23
color (5),m,1,6,train,0.0,2.0,2.0,23
color (2),m,1,6,train,0.0,5.0,2.0,23
color (6),z,1,6,train,0.0,5.0,3.0,23
color (1),m,1,6,train,0.0,9.0,2.0,23
color (4),z,1,6,train,0.0,5.0,3.0,23
color (3),z,1,6,train,0.0,10.0,3.0,23
color (6),z,1,6,train,0.0,4.0,4.0,23
color (5),m,1,6,train,0.0,7.0,3.0,23
color (2),z,0,6,train,1.0,7.0,3.0,23
color (3),z,1,6,train,0.0,4.0,4.0,23
color (4),z,1,6,train,0.0,6.0,4.0,23
color (1),m,1,6,train,0.0,8.0,3.0,23
color (6),z,1,6,train,0.0,6.0,5.0,23
color (3),z,1,6,train,0.0,4.0,5.0,23
color (4),z,1,6,train,0.0,4.0,5.0,23
color (1),m,1,6,train,0.0,4.0,4.0,23
color (2),z,0,6,train,1.0,15.0,3.0,23
color (5),m,1,6,train,0.0,10.0,4.0,23
color (2),m,1,6,train,0.0,17.0,3.0,23
color (3),z,1,6,train,0.0,6.0,6.0,23
color (5),m,1,6,train,0.0,3.0,5.0,23
color (4),z,1,6,train,0.0,7.0,6.0,23
color (1),m,1,6,train,0.0,7.0,5.0,23
color (6),z,1,6,train,0.0,11.0,6.0,23
color (2),m,1,6,train,0.0,6.0,4.0,23
color (1),m,1,6,train,0.0,3.0,6.0,23
color (4),z,1,6,train,0.0,5.0,7.0,23
color (3),z,1,6,train,0.0,8.0,7.0,23
color (5),m,1,6,train,0.0,8.0,6.0,23
color (6),z,1,6,train,0.0,6.0,7.0,23
color (3),z,1,6,train,0.0,3.0,8.0,23
color (2),m,1,6,train,0.0,7.0,5.0,23
color (6),z,1,6,train,0.0,3.0,8.0,23
color (1),m,1,6,train,0.0,8.0,7.0,23
color (4),z,1,6,train,0.0,8.0,8.0,23
color (5),m,1,6,train,0.0,7.0,7.0,23
color (2),z,0,6,train,1.0,5.0,6.0,23
color (6),z,1,6,train,0.0,5.0,9.0,23
color (3),z,1,6,train,0.0,8.0,9.0,23
color (1),m,1,6,train,0.0,6.0,8.0,23
color (4),z,1,6,train,0.0,6.0,9.0,23
color (5),m,1,6,train,0.0,6.0,8.0,23
color (3),z,1,6,train,0.0,4.0,10.0,23
color (5),m,1,6,train,0.0,2.0,9.0,23
color (2),z,0,6,train,1.0,13.0,6.0,23
color (6),z,1,6,train,0.0,8.0,10.0,23
color (1),m,1,6,train,0.0,7.0,9.0,23
color (4),z,1,6,train,0.0,7.0,10.0,23
color (5),m,1,6,train,0.0,5.0,10.0,23
color (2),z,0,6,train,1.0,18.0,6.0,23
color (1),m,1,6,train,0.0,4.0,10.0,23
color (4),z,1,6,train,0.0,4.0,11.0,23
color (3),z,1,6,train,0.0,10.0,11.0,23
color (6),z,1,6,train,0.0,8.0,11.0,23
color (5),m,1,6,train,0.0,6.0,11.0,23
color (1),m,1,6,train,0.0,5.0,11.0,23
color (2),m,1,6,train,0.0,25.0,6.0,23
color (4),z,1,6,train,0.0,6.0,12.0,23
color (3),z,1,6,train,0.0,6.0,12.0,23
color (6),z,1,6,train,0.0,6.0,12.0,23
symbol (1),z,0,3,train,0.0,0.0,0.0,23
symbol (2),z,0,3,train,0.0,0.0,0.0,23
symbol (3),z,1,3,train,0.0,0.0,0.0,23
symbol (1),m,1,3,train,0.0,0.0,0.0,23
symbol (3),m,0,3,train,0.0,2.0,1.0,23
symbol (2),m,1,3,train,0.0,0.0,0.0,23
symbol (2),m,1,3,train,0.0,1.0,1.0,23
symbol (3),z,1,3,train,0.0,5.0,1.0,23
symbol (1),m,1,3,train,0.0,5.0,1.0,23
symbol (1),m,1,3,train,0.0,1.0,2.0,23
symbol (2),m,1,3,train,0.0,4.0,2.0,23
symbol (3),z,1,3,train,0.0,4.0,2.0,23
symbol (1),z,0,3,train,1.0,3.0,3.0,23
symbol (3),z,1,3,train,0.0,2.0,3.0,23
symbol (2),m,1,3,train,0.0,4.0,3.0,23
symbol (2),m,1,3,train,0.0,1.0,4.0,23
symbol (3),z,1,3,train,0.0,3.0,4.0,23
symbol (1),m,1,3,train,0.0,8.0,3.0,23
symbol (3),z,1,3,train,0.0,2.0,5.0,23
symbol (2),m,1,3,train,0.0,4.0,5.0,23
symbol (1),m,1,3,train,0.0,3.0,4.0,23
symbol (1),m,1,3,train,0.0,1.0,5.0,23
symbol (3),z,1,3,train,0.0,4.0,6.0,23
symbol (2),m,1,3,train,0.0,4.0,6.0,23
symbol (2),m,1,3,train,0.0,1.0,7.0,23
symbol (3),z,1,3,train,0.0,3.0,7.0,23
symbol (1),m,1,3,train,0.0,5.0,6.0,23
symbol (3),z,1,3,train,0.0,2.0,8.0,23
symbol (1),m,1,3,train,0.0,2.0,7.0,23
symbol (2),m,1,3,train,0.0,5.0,8.0,23
symbol (2),m,1,3,train,0.0,1.0,9.0,23
symbol (3),z,1,3,train,0.0,4.0,9.0,23
symbol (2),m,1,3,train,0.0,2.0,10.0,23
symbol (1),m,1,3,train,0.0,5.0,8.0,23
symbol (3),z,1,3,train,0.0,3.0,10.0,23
symbol (1),m,1,3,train,0.0,2.0,9.0,23
environment (6),z,1,6,train,0.0,0.0,0.0,23
environment (1),m,1,6,train,0.0,0.0,0.0,23
environment (5),z,0,6,train,0.0,0.0,0.0,23
environment (4),m,0,6,train,0.0,0.0,0.0,23
environment (2),z,0,6,train,0.0,0.0,0.0,23
environment (3),m,0,6,train,0.0,0.0,0.0,23
environment (3),m,0,6,train,1.0,0.0,0.0,23
environment (6),z,1,6,train,0.0,7.0,1.0,23
environment (4),z,1,6,train,0.0,0.0,0.0,23
environment (5),z,0,6,train,1.0,0.0,0.0,23
environment (1),m,1,6,train,0.0,9.0,1.0,23
environment (2),z,0,6,train,1.0,0.0,0.0,23
environment (1),z,0,6,train,0.0,2.0,2.0,23
environment (3),z,1,6,train,0.0,0.0,0.0,23
environment (2),m,1,6,train,0.0,0.0,0.0,23
environment (6),z,1,6,train,0.0,8.0,2.0,23
environment (5),m,1,6,train,0.0,0.0,0.0,23
environment (4),z,1,6,train,0.0,9.0,1.0,23
environment (5),m,1,6,train,0.0,2.0,1.0,23
environment (2),m,1,6,train,0.0,5.0,1.0,23
environment (6),z,1,6,train,0.0,5.0,3.0,23
environment (1),m,1,6,train,0.0,11.0,2.0,23
environment (4),z,1,6,train,0.0,5.0,2.0,23
environment (3),z,1,6,train,0.0,10.0,1.0,23
environment (6),z,1,6,train,0.0,4.0,4.0,23
environment (5),m,1,6,train,0.0,7.0,2.0,23
environment (2),m,1,6,train,0.0,7.0,2.0,23
environment (3),m,0,6,train,1.0,4.0,2.0,23
environment (4),z,1,6,train,0.0,6.0,3.0,23
environment (1),m,1,6,train,0.0,8.0,3.0,23
environment (6),z,1,6,train,0.0,6.0,5.0,23
environment (3),z,1,6,train,0.0,8.0,2.0,23
environment (4),z,1,6,train,0.0,4.0,4.0,23
environment (1),m,1,6,train,0.0,4.0,4.0,23
environment (2),m,1,6,train,0.0,8.0,3.0,23
environment (5),m,1,6,train,0.0,10.0,3.0,23
environment (2),m,1,6,train,0.0,2.0,4.0,23
environment (3),z,1,6,train,0.0,6.0,3.0,23
environment (5),m,1,6,train,0.0,3.0,4.0,23
environment (4),z,1,6,train,0.0,7.0,5.0,23
environment (1),m,1,6,train,0.0,7.0,5.0,23
environment (6),z,1,6,train,0.0,11.0,6.0,23
environment (2),m,1,6,train,0.0,6.0,5.0,23
environment (1),m,1,6,train,0.0,3.0,6.0,23
environment (4),z,1,6,train,0.0,5.0,6.0,23
environment (3),z,1,6,train,0.0,8.0,4.0,23
environment (5),m,1,6,train,0.0,8.0,5.0,23
environment (6),z,1,6,train,0.0,6.0,7.0,23
environment (3),z,1,6,train,0.0,3.0,5.0,23
environment (2),m,1,6,train,0.0,7.0,6.0,23
environment (6),z,1,6,train,0.0,3.0,8.0,23
environment (1),m,1,6,train,0.0,8.0,7.0,23
environment (4),z,1,6,train,0.0,8.0,7.0,23
environment (5),m,1,6,train,0.0,7.0,6.0,23
environment (2),m,1,6,train,0.0,5.0,7.0,23
environment (6),z,1,6,train,0.0,5.0,9.0,23
environment (3),z,1,6,train,0.0,8.0,6.0,23
environment (1),m,1,6,train,0.0,6.0,8.0,23
environment (4),z,1,6,train,0.0,6.0,8.0,23
environment (5),m,1,6,train,0.0,6.0,7.0,23
environment (3),z,1,6,train,0.0,4.0,7.0,23
environment (5),m,1,6,train,0.0,2.0,8.0,23
environment (2),m,1,6,train,0.0,8.0,8.0,23
environment (6),z,1,6,train,0.0,8.0,10.0,23
environment (1),m,1,6,train,0.0,7.0,9.0,23
environment (4),z,1,6,train,0.0,7.0,9.0,23
environment (5),m,1,6,train,0.0,5.0,9.0,23
environment (2),m,1,6,train,0.0,5.0,9.0,23
environment (1),z,0,6,train,1.0,4.0,10.0,23
environment (4),z,1,6,train,0.0,4.0,10.0,23
environment (3),z,1,6,train,0.0,10.0,8.0,23
environment (6),z,1,6,train,0.0,8.0,11.0,23
environment (5),m,1,6,train,0.0,6.0,10.0,23
environment (1),m,1,6,train,0.0,9.0,10.0,23
environment (2),m,1,6,train,0.0,7.0,10.0,23
environment (4),m,0,6,train,1.0,6.0,11.0,23
environment (3),z,1,6,train,0.0,6.0,9.0,23
environment (6),z,1,6,train,0.0,6.0,12.0,23
vehicle (1),z,0,3,train,0.0,0.0,0.0,23
vehicle (2),z,0,3,train,0.0,0.0,0.0,23
vehicle (3),z,1,3,train,0.0,0.0,0.0,23
vehicle (1),m,1,3,train,0.0,0.0,0.0,23
vehicle (3),z,1,3,train,0.0,2.0,1.0,23
vehicle (2),m,1,3,train,0.0,0.0,0.0,23
vehicle (2),m,1,3,train,0.0,1.0,1.0,23
vehicle (3),z,1,3,train,0.0,3.0,2.0,23
vehicle (1),m,1,3,train,0.0,5.0,1.0,23
vehicle (1),m,1,3,train,0.0,1.0,2.0,23
vehicle (2),m,1,3,train,0.0,4.0,2.0,23
vehicle (3),z,1,3,train,0.0,4.0,3.0,23
vehicle (1),m,1,3,train,0.0,3.0,3.0,23
vehicle (3),z,1,3,train,0.0,2.0,4.0,23
vehicle (2),m,1,3,train,0.0,4.0,3.0,23
vehicle (2),m,1,3,train,0.0,1.0,4.0,23
vehicle (3),z,1,3,train,0.0,3.0,5.0,23
vehicle (1),m,1,3,train,0.0,5.0,4.0,23
vehicle (3),z,1,3,train,0.0,2.0,6.0,23
vehicle (2),m,1,3,train,0.0,4.0,5.0,23
vehicle (1),m,1,3,train,0.0,3.0,5.0,23
vehicle (1),m,1,3,train,0.0,1.0,6.0,23
vehicle (3),z,1,3,train,0.0,4.0,7.0,23
vehicle (2),m,1,3,train,0.0,4.0,6.0,23
vehicle (2),m,1,3,train,0.0,1.0,7.0,23
vehicle (3),z,1,3,train,0.0,3.0,8.0,23
vehicle (1),m,1,3,train,0.0,5.0,7.0,23
vehicle (3),z,1,3,train,0.0,2.0,9.0,23
vehicle (1),m,1,3,train,0.0,2.0,8.0,23
vehicle (2),m,1,3,train,0.0,5.0,8.0,23
vehicle (2),m,1,3,train,0.0,1.0,9.0,23
vehicle (3),z,1,3,train,0.0,4.0,10.0,23
vehicle (2),m,1,3,train,0.0,2.0,10.0,23
vehicle (1),m,1,3,train,0.0,5.0,9.0,23
vehicle (3),z,1,3,train,0.0,3.0,11.0,23
vehicle (1),m,1,3,train,0.0,2.0,10.0,23
instrument (1),z,0,3,train,0.0,0.0,0.0,23
instrument (2),z,0,3,train,0.0,0.0,0.0,23
instrument (3),z,1,3,train,0.0,0.0,0.0,23
instrument (1),m,1,3,train,0.0,0.0,0.0,23
instrument (3),m,0,3,train,0.0,2.0,1.0,23
instrument (2),z,0,3,train,1.0,0.0,0.0,23
instrument (2),z,0,3,train,1.0,0.0,0.0,23
instrument (3),m,0,3,train,1.0,5.0,1.0,23
instrument (1),m,1,3,train,0.0,5.0,1.0,23
instrument (1),m,1,3,train,0.0,1.0,2.0,23
instrument (2),m,1,3,train,0.0,0.0,0.0,23
instrument (3),z,1,3,train,0.0,9.0,1.0,23
instrument (1),m,1,3,train,0.0,3.0,3.0,23
instrument (3),z,1,3,train,0.0,2.0,2.0,23
instrument (2),m,1,3,train,0.0,4.0,1.0,23
instrument (2),m,1,3,train,0.0,1.0,2.0,23
instrument (3),z,1,3,train,0.0,3.0,3.0,23
instrument (1),m,1,3,train,0.0,5.0,4.0,23
instrument (3),z,1,3,train,0.0,2.0,4.0,23
instrument (2),m,1,3,train,0.0,4.0,3.0,23
instrument (1),m,1,3,train,0.0,3.0,5.0,23
instrument (1),m,1,3,train,0.0,1.0,6.0,23
instrument (3),z,1,3,train,0.0,4.0,5.0,23
instrument (2),m,1,3,train,0.0,4.0,4.0,23
instrument (2),m,1,3,train,0.0,1.0,5.0,23
instrument (3),z,1,3,train,0.0,3.0,6.0,23
instrument (1),m,1,3,train,0.0,5.0,7.0,23
instrument (3),z,1,3,train,0.0,2.0,7.0,23
instrument (1),m,1,3,train,0.0,2.0,8.0,23
instrument (2),m,1,3,train,0.0,5.0,6.0,23
instrument (2),m,1,3,train,0.0,1.0,7.0,23
instrument (3),z,1,3,train,0.0,4.0,8.0,23
instrument (2),m,1,3,train,0.0,2.0,8.0,23
instrument (1),m,1,3,train,0.0,5.0,9.0,23
instrument (3),z,1,3,train,0.0,3.0,9.0,23
instrument (1),m,1,3,train,0.0,2.0,10.0,23
jungle2,m,0,3,train,0.0,0.0,0.0,24
jungle1,m,0,3,train,0.0,0.0,0.0,24
jungle3,m,1,3,train,0.0,0.0,0.0,24
jungle1,z,1,3,train,0.0,0.0,0.0,24
jungle3,m,1,3,train,0.0,2.0,1.0,24
jungle2,z,1,3,train,0.0,0.0,0.0,24
jungle3,z,0,3,train,0.0,2.0,2.0,24
jungle2,m,0,3,train,1.0,2.0,1.0,24
jungle1,m,0,3,train,1.0,5.0,1.0,24
jungle1,z,1,3,train,0.0,6.0,1.0,24
jungle2,z,1,3,train,0.0,5.0,1.0,24
jungle3,z,0,3,train,1.0,7.0,2.0,24
jungle3,m,1,3,train,0.0,8.0,2.0,24
jungle1,z,1,3,train,0.0,4.0,2.0,24
jungle2,z,1,3,train,0.0,4.0,2.0,24
jungle3,z,0,3,train,1.0,3.0,3.0,24
jungle1,z,1,3,train,0.0,3.0,3.0,24
jungle2,z,1,3,train,0.0,3.0,3.0,24
jungle1,z,1,3,train,0.0,2.0,4.0,24
jungle3,m,1,3,train,0.0,7.0,3.0,24
jungle2,z,1,3,train,0.0,3.0,4.0,24
jungle3,m,1,3,train,0.0,2.0,4.0,24
jungle2,z,1,3,train,0.0,2.0,5.0,24
jungle1,z,1,3,train,0.0,5.0,5.0,24
jungle2,z,1,3,train,0.0,2.0,6.0,24
jungle3,m,1,3,train,0.0,4.0,5.0,24
jungle1,z,1,3,train,0.0,3.0,6.0,24
jungle1,z,1,3,train,0.0,1.0,7.0,24
jungle2,z,1,3,train,0.0,4.0,7.0,24
jungle3,m,1,3,train,0.0,4.0,6.0,24
jungle2,z,1,3,train,0.0,2.0,8.0,24
jungle3,m,1,3,train,0.0,2.0,7.0,24
jungle1,z,1,3,train,0.0,5.0,8.0,24
jungle2,z,1,3,train,0.0,3.0,9.0,24
jungle1,z,1,3,train,0.0,2.0,9.0,24
jungle3,m,1,3,train,0.0,4.0,8.0,24
vegan (6),z,1,6,train,0.0,0.0,0.0,24
vegan (1),z,0,6,train,0.0,0.0,0.0,24
vegan (5),m,1,6,train,0.0,0.0,0.0,24
vegan (4),z,1,6,train,0.0,0.0,0.0,24
vegan (2),m,1,6,train,0.0,0.0,0.0,24
vegan (3),m,0,6,train,0.0,0.0,0.0,24
vegan (3),z,1,6,train,0.0,0.0,0.0,24
vegan (6),z,1,6,train,0.0,7.0,1.0,24
vegan (4),z,1,6,train,0.0,5.0,1.0,24
vegan (5),m,1,6,train,0.0,7.0,1.0,24
vegan (1),z,0,6,train,1.0,0.0,0.0,24
vegan (2),m,1,6,train,0.0,7.0,1.0,24
vegan (1),m,1,6,train,0.0,0.0,0.0,24
vegan (3),z,1,6,train,0.0,7.0,1.0,24
vegan (2),m,1,6,train,0.0,3.0,2.0,24
vegan (6),z,1,6,train,0.0,8.0,2.0,24
vegan (5),m,1,6,train,0.0,7.0,2.0,24
vegan (4),z,1,6,train,0.0,9.0,2.0,24
vegan (5),m,1,6,train,0.0,2.0,3.0,24
vegan (2),m,1,6,train,0.0,5.0,3.0,24
vegan (6),z,1,6,train,0.0,5.0,3.0,24
vegan (1),m,1,6,train,0.0,9.0,1.0,24
vegan (4),z,1,6,train,0.0,5.0,3.0,24
vegan (3),z,1,6,train,0.0,10.0,2.0,24
vegan (6),z,1,6,train,0.0,4.0,4.0,24
vegan (5),m,1,6,train,0.0,7.0,4.0,24
vegan (2),m,1,6,train,0.0,7.0,4.0,24
vegan (3),z,1,6,train,0.0,4.0,3.0,24
vegan (4),z,1,6,train,0.0,6.0,4.0,24
vegan (1),m,1,6,train,0.0,8.0,2.0,24
vegan (6),z,1,6,train,0.0,6.0,5.0,24
vegan (3),z,1,6,train,0.0,4.0,4.0,24
vegan (4),z,1,6,train,0.0,4.0,5.0,24
vegan (1),m,1,6,train,0.0,4.0,3.0,24
vegan (2),m,1,6,train,0.0,8.0,5.0,24
vegan (5),m,1,6,train,0.0,10.0,5.0,24
vegan (2),m,1,6,train,0.0,2.0,6.0,24
vegan (3),z,1,6,train,0.0,6.0,5.0,24
vegan (5),m,1,6,train,0.0,3.0,6.0,24
vegan (4),z,1,6,train,0.0,7.0,6.0,24
vegan (1),m,1,6,train,0.0,7.0,4.0,24
vegan (6),z,1,6,train,0.0,11.0,6.0,24
vegan (2),m,1,6,train,0.0,6.0,7.0,24
vegan (1),z,0,6,train,1.0,3.0,5.0,24
vegan (4),z,1,6,train,0.0,5.0,7.0,24
vegan (3),z,1,6,train,0.0,8.0,6.0,24
vegan (5),m,1,6,train,0.0,8.0,7.0,24
vegan (6),z,1,6,train,0.0,6.0,7.0,24
vegan (3),z,1,6,train,0.0,3.0,7.0,24
vegan (2),m,1,6,train,0.0,7.0,8.0,24
vegan (6),z,1,6,train,0.0,3.0,8.0,24
vegan (1),m,1,6,train,0.0,11.0,5.0,24
vegan (4),z,1,6,train,0.0,8.0,8.0,24
vegan (5),m,1,6,train,0.0,7.0,8.0,24
vegan (2),m,1,6,train,0.0,5.0,9.0,24
vegan (6),z,1,6,train,0.0,5.0,9.0,24
vegan (3),z,1,6,train,0.0,8.0,8.0,24
vegan (1),m,1,6,train,0.0,6.0,6.0,24
vegan (4),z,1,6,train,0.0,6.0,9.0,24
vegan (5),z,0,6,train,0.0,6.0,9.0,24
vegan (3),z,1,6,train,0.0,4.0,9.0,24
vegan (5),m,1,6,train,0.0,8.0,9.0,24
vegan (2),m,1,6,train,0.0,8.0,10.0,24
vegan (6),z,1,6,train,0.0,8.0,10.0,24
vegan (1),m,1,6,train,0.0,7.0,7.0,24
vegan (4),z,1,6,train,0.0,7.0,10.0,24
vegan (5),m,1,6,train,0.0,5.0,10.0,24
vegan (2),m,1,6,train,0.0,5.0,11.0,24
vegan (1),m,1,6,train,0.0,4.0,8.0,24
vegan (4),z,1,6,train,0.0,4.0,11.0,24
vegan (3),z,1,6,train,0.0,10.0,10.0,24
vegan (6),z,1,6,train,0.0,8.0,11.0,24
vegan (5),m,1,6,train,0.0,6.0,11.0,24
vegan (1),m,1,6,train,0.0,5.0,9.0,24
vegan (2),m,1,6,train,0.0,7.0,12.0,24
vegan (4),z,1,6,train,0.0,6.0,12.0,24
vegan (3),z,1,6,train,0.0,6.0,11.0,24
vegan (6),z,1,6,train,0.0,6.0,12.0,24
animal (1),m,0,3,train,0.0,0.0,0.0,24
animal (2),z,1,3,train,0.0,0.0,0.0,24
animal (3),m,1,3,train,0.0,0.0,0.0,24
animal (1),z,1,3,train,0.0,0.0,0.0,24
animal (3),m,1,3,train,0.0,2.0,1.0,24
animal (2),z,1,3,train,0.0,4.0,1.0,24
animal (2),z,1,3,train,0.0,1.0,2.0,24
animal (3),m,1,3,train,0.0,3.0,2.0,24
animal (1),z,1,3,train,0.0,5.0,1.0,24
animal (1),z,1,3,train,0.0,1.0,2.0,24
animal (2),z,1,3,train,0.0,4.0,3.0,24
animal (3),m,1,3,train,0.0,4.0,3.0,24
animal (1),z,1,3,train,0.0,3.0,3.0,24
animal (3),m,1,3,train,0.0,2.0,4.0,24
animal (2),z,1,3,train,0.0,4.0,4.0,24
animal (2),z,1,3,train,0.0,1.0,5.0,24
animal (3),m,1,3,train,0.0,3.0,5.0,24
animal (1),z,1,3,train,0.0,5.0,4.0,24
animal (3),m,1,3,train,0.0,2.0,6.0,24
animal (2),z,1,3,train,0.0,4.0,6.0,24
animal (1),z,1,3,train,0.0,3.0,5.0,24
animal (1),z,1,3,train,0.0,1.0,6.0,24
animal (3),m,1,3,train,0.0,4.0,7.0,24
animal (2),z,1,3,train,0.0,4.0,7.0,24
animal (2),z,1,3,train,0.0,1.0,8.0,24
animal (3),m,1,3,train,0.0,3.0,8.0,24
animal (1),z,1,3,train,0.0,5.0,7.0,24
animal (3),m,1,3,train,0.0,2.0,9.0,24
animal (1),z,1,3,train,0.0,2.0,8.0,24
animal (2),z,1,3,train,0.0,5.0,9.0,24
animal (2),z,1,3,train,0.0,1.0,10.0,24
animal (3),m,1,3,train,0.0,4.0,10.0,24
animal (2),z,1,3,train,0.0,2.0,11.0,24
animal (1),z,1,3,train,0.0,5.0,9.0,24
animal (3),m,1,3,train,0.0,3.0,11.0,24
animal (1),z,1,3,train,0.0,2.0,10.0,24
fruits (6),z,1,6,train,0.0,0.0,0.0,24
fruits (1),z,0,6,train,0.0,0.0,0.0,24
fruits (5),z,0,6,train,0.0,0.0,0.0,24
fruits (4),m,0,6,train,0.0,0.0,0.0,24
fruits (2),z,0,6,train,0.0,0.0,0.0,24
fruits (3),z,1,6,train,0.0,0.0,0.0,24
fruits (3),z,1,6,train,0.0,1.0,1.0,24
fruits (6),z,1,6,train,0.0,7.0,1.0,24
fruits (4),m,0,6,train,1.0,0.0,0.0,24
fruits (5),m,1,6,train,0.0,0.0,0.0,24
fruits (1),m,1,6,train,0.0,0.0,0.0,24
fruits (2),m,1,6,train,0.0,0.0,0.0,24
fruits (1),m,1,6,train,0.0,2.0,1.0,24
fruits (3),z,1,6,train,0.0,7.0,2.0,24
fruits (2),m,1,6,train,0.0,3.0,1.0,24
fruits (6),z,1,6,train,0.0,8.0,2.0,24
fruits (5),z,0,6,train,1.0,7.0,1.0,24
fruits (4),m,0,6,train,1.0,0.0,0.0,24
fruits (5),m,1,6,train,0.0,9.0,1.0,24
fruits (2),m,1,6,train,0.0,5.0,2.0,24
fruits (6),z,1,6,train,0.0,5.0,3.0,24
fruits (1),m,1,6,train,0.0,9.0,2.0,24
fruits (4),z,1,6,train,0.0,0.0,0.0,24
fruits (3),m,0,6,train,0.0,10.0,3.0,24
fruits (6),z,1,6,train,0.0,4.0,4.0,24
fruits (5),m,1,6,train,0.0,7.0,2.0,24
fruits (2),z,0,6,train,1.0,7.0,3.0,24
fruits (3),z,1,6,train,0.0,14.0,3.0,24
fruits (4),z,1,6,train,0.0,6.0,1.0,24
fruits (1),m,1,6,train,0.0,8.0,3.0,24
fruits (6),z,1,6,train,0.0,6.0,5.0,24
fruits (3),z,1,6,train,0.0,4.0,4.0,24
fruits (4),z,1,6,train,0.0,4.0,2.0,24
fruits (1),m,1,6,train,0.0,4.0,4.0,24
fruits (2),m,1,6,train,0.0,15.0,3.0,24
fruits (5),m,1,6,train,0.0,10.0,3.0,24
fruits (2),m,1,6,train,0.0,2.0,4.0,24
fruits (3),z,1,6,train,0.0,6.0,5.0,24
fruits (5),m,1,6,train,0.0,3.0,4.0,24
fruits (4),z,1,6,train,0.0,7.0,3.0,24
fruits (1),m,1,6,train,0.0,7.0,5.0,24
fruits (6),z,1,6,train,0.0,11.0,6.0,24
fruits (2),m,1,6,train,0.0,6.0,5.0,24
fruits (1),m,1,6,train,0.0,3.0,6.0,24
fruits (4),z,1,6,train,0.0,5.0,4.0,24
fruits (3),z,1,6,train,0.0,8.0,6.0,24
fruits (5),m,1,6,train,0.0,8.0,5.0,24
fruits (6),z,1,6,train,0.0,6.0,7.0,24
fruits (3),z,1,6,train,0.0,3.0,7.0,24
fruits (2),m,1,6,train,0.0,7.0,6.0,24
fruits (6),z,1,6,train,0.0,3.0,8.0,24
fruits (1),z,0,6,train,1.0,8.0,7.0,24
fruits (4),z,1,6,train,0.0,8.0,5.0,24
fruits (5),m,1,6,train,0.0,7.0,6.0,24
fruits (2),m,1,6,train,0.0,5.0,7.0,24
fruits (6),z,1,6,train,0.0,5.0,9.0,24
fruits (3),z,1,6,train,0.0,8.0,8.0,24
fruits (1),m,1,6,train,0.0,14.0,7.0,24
fruits (4),z,1,6,train,0.0,6.0,6.0,24
fruits (5),m,1,6,train,0.0,6.0,7.0,24
fruits (3),z,1,6,train,0.0,4.0,9.0,24
fruits (5),m,1,6,train,0.0,2.0,8.0,24
fruits (2),m,1,6,train,0.0,8.0,8.0,24
fruits (6),z,1,6,train,0.0,8.0,10.0,24
fruits (1),m,1,6,train,0.0,7.0,8.0,24
fruits (4),z,1,6,train,0.0,7.0,7.0,24
fruits (5),m,1,6,train,0.0,5.0,9.0,24
fruits (2),m,1,6,train,0.0,5.0,9.0,24
fruits (1),m,1,6,train,0.0,4.0,9.0,24
fruits (4),z,1,6,train,0.0,4.0,8.0,24
fruits (3),z,1,6,train,0.0,10.0,10.0,24
fruits (6),z,1,6,train,0.0,8.0,11.0,24
fruits (5),m,1,6,train,0.0,6.0,10.0,24
fruits (1),m,1,6,train,0.0,5.0,10.0,24
fruits (2),m,1,6,train,0.0,7.0,10.0,24
fruits (4),z,1,6,train,0.0,6.0,9.0,24
fruits (3),z,1,6,train,0.0,6.0,11.0,24
fruits (6),z,1,6,train,0.0,6.0,12.0,24
tools (1),m,0,3,train,0.0,0.0,0.0,24
tools (2),m,0,3,train,0.0,0.0,0.0,24
tools (3),m,1,3,train,0.0,0.0,0.0,24
tools (1),z,1,3,train,0.0,0.0,0.0,24
tools (3),m,1,3,train,0.0,2.0,1.0,24
tools (2),z,1,3,train,0.0,0.0,0.0,24
tools (2),z,1,3,train,0.0,1.0,1.0,24
tools (3),m,1,3,train,0.0,3.0,2.0,24
tools (1),z,1,3,train,0.0,5.0,1.0,24
tools (1),z,1,3,train,0.0,1.0,2.0,24
tools (2),z,1,3,train,0.0,4.0,2.0,24
tools (3),m,1,3,train,0.0,4.0,3.0,24
tools (1),z,1,3,train,0.0,3.0,3.0,24
tools (3),m,1,3,train,0.0,2.0,4.0,24
tools (2),z,1,3,train,0.0,4.0,3.0,24
tools (2),z,1,3,train,0.0,1.0,4.0,24
tools (3),m,1,3,train,0.0,3.0,5.0,24
tools (1),z,1,3,train,0.0,5.0,4.0,24
tools (3),m,1,3,train,0.0,2.0,6.0,24
tools (2),z,1,3,train,0.0,4.0,5.0,24
tools (1),z,1,3,train,0.0,3.0,5.0,24
tools (1),z,1,3,train,0.0,1.0,6.0,24
tools (3),m,1,3,train,0.0,4.0,7.0,24
tools (2),z,1,3,train,0.0,4.0,6.0,24
tools (2),z,1,3,train,0.0,1.0,7.0,24
tools (3),m,1,3,train,0.0,3.0,8.0,24
tools (1),z,1,3,train,0.0,5.0,7.0,24
tools (3),m,1,3,train,0.0,2.0,9.0,24
tools (1),z,1,3,train,0.0,2.0,8.0,24
tools (2),z,1,3,train,0.0,5.0,8.0,24
tools (2),z,1,3,train,0.0,1.0,9.0,24
tools (3),m,1,3,train,0.0,4.0,10.0,24
tools (2),z,1,3,train,0.0,2.0,10.0,24
tools (1),z,1,3,train,0.0,5.0,9.0,24
tools (3),m,1,3,train,0.0,3.0,11.0,24
tools (1),z,1,3,train,0.0,2.0,10.0,24
clothes (6),z,1,6,train,0.0,0.0,0.0,24
clothes (1),m,1,6,train,0.0,0.0,0.0,24
clothes (5),m,1,6,train,0.0,0.0,0.0,24
clothes (4),z,1,6,train,0.0,0.0,0.0,24
clothes (2),z,0,6,train,0.0,0.0,0.0,24
clothes (3),m,0,6,train,0.0,0.0,0.0,24
clothes (3),z,1,6,train,0.0,0.0,0.0,24
clothes (6),z,1,6,train,0.0,7.0,1.0,24
clothes (4),m,0,6,train,0.0,5.0,1.0,24
clothes (5),m,1,6,train,0.0,7.0,1.0,24
clothes (1),m,1,6,train,0.0,9.0,1.0,24
clothes (2),m,1,6,train,0.0,0.0,0.0,24
clothes (1),m,1,6,train,0.0,2.0,2.0,24
clothes (3),z,1,6,train,0.0,7.0,1.0,24
clothes (2),m,1,6,train,0.0,3.0,1.0,24
clothes (6),z,1,6,train,0.0,8.0,2.0,24
clothes (5),m,1,6,train,0.0,7.0,2.0,24
clothes (4),z,1,6,train,0.0,14.0,1.0,24
clothes (5),m,1,6,train,0.0,2.0,3.0,24
clothes (2),m,1,6,train,0.0,5.0,2.0,24
clothes (6),z,1,6,train,0.0,5.0,3.0,24
clothes (1),m,1,6,train,0.0,9.0,3.0,24
clothes (4),z,1,6,train,0.0,5.0,2.0,24
clothes (3),z,1,6,train,0.0,10.0,2.0,24
clothes (6),z,1,6,train,0.0,4.0,4.0,24
clothes (5),m,1,6,train,0.0,7.0,4.0,24
clothes (2),m,1,6,train,0.0,7.0,3.0,24
clothes (3),z,1,6,train,0.0,4.0,3.0,24
clothes (4),z,1,6,train,0.0,6.0,3.0,24
clothes (1),m,1,6,train,0.0,8.0,4.0,24
clothes (6),z,1,6,train,0.0,6.0,5.0,24
clothes (3),z,1,6,train,0.0,4.0,4.0,24
clothes (4),z,1,6,train,0.0,4.0,4.0,24
clothes (1),m,1,6,train,0.0,4.0,5.0,24
clothes (2),m,1,6,train,0.0,8.0,4.0,24
clothes (5),m,1,6,train,0.0,10.0,5.0,24
clothes (2),m,1,6,train,0.0,2.0,5.0,24
clothes (3),z,1,6,train,0.0,6.0,5.0,24
clothes (5),m,1,6,train,0.0,3.0,6.0,24
clothes (4),z,1,6,train,0.0,7.0,5.0,24
clothes (1),m,1,6,train,0.0,7.0,6.0,24
clothes (6),z,1,6,train,0.0,11.0,6.0,24
clothes (2),m,1,6,train,0.0,6.0,6.0,24
clothes (1),m,1,6,train,0.0,3.0,7.0,24
clothes (4),z,1,6,train,0.0,5.0,6.0,24
clothes (3),z,1,6,train,0.0,8.0,6.0,24
clothes (5),m,1,6,train,0.0,8.0,7.0,24
clothes (6),z,1,6,train,0.0,6.0,7.0,24
clothes (3),z,1,6,train,0.0,3.0,7.0,24
clothes (2),m,1,6,train,0.0,7.0,7.0,24
clothes (6),z,1,6,train,0.0,3.0,8.0,24
clothes (1),m,1,6,train,0.0,8.0,8.0,24
clothes (4),z,1,6,train,0.0,8.0,7.0,24
clothes (5),m,1,6,train,0.0,7.0,8.0,24
clothes (2),m,1,6,train,0.0,5.0,8.0,24
clothes (6),z,1,6,train,0.0,5.0,9.0,24
clothes (3),z,1,6,train,0.0,8.0,8.0,24
clothes (1),m,1,6,train,0.0,6.0,9.0,24
clothes (4),z,1,6,train,0.0,6.0,8.0,24
clothes (5),m,1,6,train,0.0,6.0,9.0,24
clothes (3),z,1,6,train,0.0,4.0,9.0,24
clothes (5),m,1,6,train,0.0,2.0,10.0,24
clothes (2),m,1,6,train,0.0,8.0,9.0,24
clothes (6),z,1,6,train,0.0,8.0,10.0,24
clothes (1),m,1,6,train,0.0,7.0,10.0,24
clothes (4),z,1,6,train,0.0,7.0,9.0,24
clothes (5),m,1,6,train,0.0,5.0,11.0,24
clothes (2),m,1,6,train,0.0,5.0,10.0,24
clothes (1),m,1,6,train,0.0,4.0,11.0,24
clothes (4),z,1,6,train,0.0,4.0,10.0,24
clothes (3),z,1,6,train,0.0,10.0,10.0,24
clothes (6),z,1,6,train,0.0,8.0,11.0,24
clothes (5),m,1,6,train,0.0,6.0,12.0,24
clothes (1),m,1,6,train,0.0,5.0,12.0,24
clothes (2),m,1,6,train,0.0,7.0,11.0,24
clothes (4),z,1,6,train,0.0,6.0,11.0,24
clothes (3),z,1,6,train,0.0,6.0,11.0,24
clothes (6),z,1,6,train,0.0,6.0,12.0,24
face (1),z,1,3,train,0.0,0.0,0.0,24
face (2),m,0,3,train,0.0,0.0,0.0,24
face (3),m,1,3,train,0.0,0.0,0.0,24
face (1),z,1,3,train,0.0,3.0,1.0,24
face (3),m,1,3,train,0.0,2.0,1.0,24
face (2),z,1,3,train,0.0,0.0,0.0,24
face (2),z,1,3,train,0.0,1.0,1.0,24
face (3),m,1,3,train,0.0,3.0,2.0,24
face (1),z,1,3,train,0.0,5.0,2.0,24
face (1),z,1,3,train,0.0,1.0,3.0,24
face (2),z,1,3,train,0.0,4.0,2.0,24
face (3),m,1,3,train,0.0,4.0,3.0,24
face (1),z,1,3,train,0.0,3.0,4.0,24
face (3),m,1,3,train,0.0,2.0,4.0,24
face (2),z,1,3,train,0.0,4.0,3.0,24
face (2),m,0,3,train,1.0,1.0,4.0,24
face (3),m,1,3,train,0.0,3.0,5.0,24
face (1),z,1,3,train,0.0,5.0,5.0,24
face (3),m,1,3,train,0.0,2.0,6.0,24
face (2),z,1,3,train,0.0,5.0,4.0,24
face (1),z,1,3,train,0.0,3.0,6.0,24
face (1),z,1,3,train,0.0,1.0,7.0,24
face (3),m,1,3,train,0.0,4.0,7.0,24
face (2),z,1,3,train,0.0,4.0,5.0,24
face (2),z,1,3,train,0.0,1.0,6.0,24
face (3),m,1,3,train,0.0,3.0,8.0,24
face (1),z,1,3,train,0.0,5.0,8.0,24
face (3),m,1,3,train,0.0,2.0,9.0,24
face (1),z,1,3,train,0.0,2.0,9.0,24
face (2),z,1,3,train,0.0,5.0,7.0,24
face (2),z,1,3,train,0.0,1.0,8.0,24
face (3),m,1,3,train,0.0,4.0,10.0,24
face (2),z,1,3,train,0.0,2.0,9.0,24
face (1),z,1,3,train,0.0,5.0,10.0,24
face (3),m,1,3,train,0.0,3.0,11.0,24
face (1),z,1,3,train,0.0,2.0,11.0,24
color (6),z,1,6,train,0.0,0.0,0.0,24
color (1),z,0,6,train,0.0,0.0,0.0,24
color (5),z,0,6,train,0.0,0.0,0.0,24
color (4),m,0,6,train,0.0,0.0,0.0,24
color (2),z,0,6,train,0.0,0.0,0.0,24
color (3),z,1,6,train,0.0,0.0,0.0,24
color (3),z,1,6,train,0.0,1.0,1.0,24
color (6),z,1,6,train,0.0,7.0,1.0,24
color (4),m,0,6,train,1.0,0.0,0.0,24
color (5),m,1,6,train,0.0,0.0,0.0,24
color (1),m,1,6,train,0.0,0.0,0.0,24
color (2),m,1,6,train,0.0,0.0,0.0,24
color (1),m,1,6,train,0.0,2.0,1.0,24
color (3),z,1,6,train,0.0,7.0,2.0,24
color (2),m,1,6,train,0.0,3.0,1.0,24
color (6),z,1,6,train,0.0,8.0,2.0,24
color (5),m,1,6,train,0.0,7.0,1.0,24
color (4),z,1,6,train,0.0,0.0,0.0,24
color (5),m,1,6,train,0.0,2.0,2.0,24
color (2),m,1,6,train,0.0,5.0,2.0,24
color (6),z,1,6,train,0.0,5.0,3.0,24
color (1),m,1,6,train,0.0,9.0,2.0,24
color (4),z,1,6,train,0.0,5.0,1.0,24
color (3),z,1,6,train,0.0,10.0,3.0,24
color (6),z,1,6,train,0.0,4.0,4.0,24
color (5),m,1,6,train,0.0,7.0,3.0,24
color (2),m,1,6,train,0.0,7.0,3.0,24
color (3),z,1,6,train,0.0,4.0,4.0,24
color (4),z,1,6,train,0.0,6.0,2.0,24
color (1),m,1,6,train,0.0,8.0,3.0,24
color (6),z,1,6,train,0.0,6.0,5.0,24
color (3),z,1,6,train,0.0,4.0,5.0,24
color (4),z,1,6,train,0.0,4.0,3.0,24
color (1),m,1,6,train,0.0,4.0,4.0,24
color (2),m,1,6,train,0.0,8.0,4.0,24
color (5),m,1,6,train,0.0,10.0,4.0,24
color (2),m,1,6,train,0.0,2.0,5.0,24
color (3),z,1,6,train,0.0,6.0,6.0,24
color (5),m,1,6,train,0.0,3.0,5.0,24
color (4),z,1,6,train,0.0,7.0,4.0,24
color (1),m,1,6,train,0.0,7.0,5.0,24
color (6),z,1,6,train,0.0,11.0,6.0,24
color (2),m,1,6,train,0.0,6.0,6.0,24
color (1),m,1,6,train,0.0,3.0,6.0,24
color (4),z,1,6,train,0.0,5.0,5.0,24
color (3),z,1,6,train,0.0,8.0,7.0,24
color (5),m,1,6,train,0.0,8.0,6.0,24
color (6),z,1,6,train,0.0,6.0,7.0,24
color (3),z,1,6,train,0.0,3.0,8.0,24
color (2),m,1,6,train,0.0,7.0,7.0,24
color (6),z,1,6,train,0.0,3.0,8.0,24
color (1),m,1,6,train,0.0,8.0,7.0,24
color (4),m,0,6,train,1.0,8.0,6.0,24
color (5),m,1,6,train,0.0,7.0,7.0,24
color (2),m,1,6,train,0.0,5.0,8.0,24
color (6),z,1,6,train,0.0,5.0,9.0,24
color (3),z,1,6,train,0.0,8.0,9.0,24
color (1),m,1,6,train,0.0,6.0,8.0,24
color (4),z,1,6,train,0.0,14.0,6.0,24
color (5),m,1,6,train,0.0,6.0,8.0,24
color (3),z,1,6,train,0.0,4.0,10.0,24
color (5),m,1,6,train,0.0,2.0,9.0,24
color (2),z,0,6,train,1.0,8.0,9.0,24
color (6),z,1,6,train,0.0,8.0,10.0,24
color (1),m,1,6,train,0.0,7.0,9.0,24
color (4),z,1,6,train,0.0,7.0,7.0,24
color (5),m,1,6,train,0.0,5.0,10.0,24
color (2),m,1,6,train,0.0,13.0,9.0,24
color (1),m,1,6,train,0.0,4.0,10.0,24
color (4),z,1,6,train,0.0,4.0,8.0,24
color (3),z,1,6,train,0.0,10.0,11.0,24
color (6),z,1,6,train,0.0,8.0,11.0,24
color (5),m,1,6,train,0.0,6.0,11.0,24
color (1),m,1,6,train,0.0,5.0,11.0,24
color (2),m,1,6,train,0.0,7.0,10.0,24
color (4),z,1,6,train,0.0,6.0,9.0,24
color (3),z,1,6,train,0.0,6.0,12.0,24
color (6),m,0,6,train,0.0,6.0,12.0,24
symbol (1),z,0,3,train,0.0,0.0,0.0,24
symbol (2),z,0,3,train,0.0,0.0,0.0,24
symbol (3),z,1,3,train,0.0,0.0,0.0,24
symbol (1),m,1,3,train,0.0,0.0,0.0,24
symbol (3),z,1,3,train,0.0,2.0,1.0,24
symbol (2),m,1,3,train,0.0,0.0,0.0,24
symbol (2),m,1,3,train,0.0,1.0,1.0,24
symbol (3),z,1,3,train,0.0,3.0,2.0,24
symbol (1),m,1,3,train,0.0,5.0,1.0,24
symbol (1),m,1,3,train,0.0,1.0,2.0,24
symbol (2),m,1,3,train,0.0,4.0,2.0,24
symbol (3),z,1,3,train,0.0,4.0,3.0,24
symbol (1),m,1,3,train,0.0,3.0,3.0,24
symbol (3),z,1,3,train,0.0,2.0,4.0,24
symbol (2),m,1,3,train,0.0,4.0,3.0,24
symbol (2),m,1,3,train,0.0,1.0,4.0,24
symbol (3),z,1,3,train,0.0,3.0,5.0,24
symbol (1),m,1,3,train,0.0,5.0,4.0,24
symbol (3),m,0,3,train,0.0,2.0,6.0,24
symbol (2),m,1,3,train,0.0,4.0,5.0,24
symbol (1),m,1,3,train,0.0,3.0,5.0,24
symbol (1),z,0,3,train,1.0,1.0,6.0,24
symbol (3),z,1,3,train,0.0,6.0,6.0,24
symbol (2),m,1,3,train,0.0,4.0,6.0,24
symbol (2),m,1,3,train,0.0,1.0,7.0,24
symbol (3),z,1,3,train,0.0,3.0,7.0,24
symbol (1),m,1,3,train,0.0,6.0,6.0,24
symbol (3),z,1,3,train,0.0,2.0,8.0,24
symbol (1),m,1,3,train,0.0,2.0,7.0,24
symbol (2),m,1,3,train,0.0,5.0,8.0,24
symbol (2),m,1,3,train,0.0,1.0,9.0,24
symbol (3),z,1,3,train,0.0,4.0,9.0,24
symbol (2),m,1,3,train,0.0,2.0,10.0,24
symbol (1),m,1,3,train,0.0,5.0,8.0,24
symbol (3),z,1,3,train,0.0,3.0,10.0,24
symbol (1),m,1,3,train,0.0,2.0,9.0,24
environment (6),m,0,6,train,0.0,0.0,0.0,24
environment (1),z,0,6,train,0.0,0.0,0.0,24
environment (5),m,1,6,train,0.0,0.0,0.0,24
environment (4),z,1,6,train,0.0,0.0,0.0,24
environment (2),m,1,6,train,0.0,0.0,0.0,24
environment (3),z,1,6,train,0.0,0.0,0.0,24
environment (3),z,1,6,train,0.0,1.0,1.0,24
environment (6),m,0,6,train,1.0,0.0,0.0,24
environment (4),z,1,6,train,0.0,5.0,1.0,24
environment (5),m,1,6,train,0.0,7.0,1.0,24
environment (1),m,1,6,train,0.0,0.0,0.0,24
environment (2),m,1,6,train,0.0,7.0,1.0,24
environment (1),m,1,6,train,0.0,2.0,1.0,24
environment (3),z,1,6,train,0.0,7.0,2.0,24
environment (2),m,1,6,train,0.0,3.0,2.0,24
environment (6),z,1,6,train,0.0,0.0,0.0,24
environment (5),m,1,6,train,0.0,7.0,2.0,24
environment (4),z,1,6,train,0.0,9.0,2.0,24
environment (5),m,1,6,train,0.0,2.0,3.0,24
environment (2),m,1,6,train,0.0,5.0,3.0,24
environment (6),z,1,6,train,0.0,5.0,1.0,24
environment (1),m,1,6,train,0.0,9.0,2.0,24
environment (4),z,1,6,train,0.0,5.0,3.0,24
environment (3),z,1,6,train,0.0,10.0,3.0,24
environment (6),z,1,6,train,0.0,4.0,2.0,24
environment (5),m,1,6,train,0.0,7.0,4.0,24
environment (2),m,1,6,train,0.0,7.0,4.0,24
environment (3),z,1,6,train,0.0,4.0,4.0,24
environment (4),z,1,6,train,0.0,6.0,4.0,24
environment (1),m,1,6,train,0.0,8.0,3.0,24
environment (6),z,1,6,train,0.0,6.0,3.0,24
environment (3),z,1,6,train,0.0,4.0,5.0,24
environment (4),z,1,6,train,0.0,4.0,5.0,24
environment (1),m,1,6,train,0.0,4.0,4.0,24
environment (2),m,1,6,train,0.0,8.0,5.0,24
environment (5),m,1,6,train,0.0,10.0,5.0,24
environment (2),m,1,6,train,0.0,2.0,6.0,24
environment (3),z,1,6,train,0.0,6.0,6.0,24
environment (5),m,1,6,train,0.0,3.0,6.0,24
environment (4),z,1,6,train,0.0,7.0,6.0,24
environment (1),m,1,6,train,0.0,7.0,5.0,24
environment (6),z,1,6,train,0.0,11.0,4.0,24
environment (2),m,1,6,train,0.0,6.0,7.0,24
environment (1),m,1,6,train,0.0,3.0,6.0,24
environment (4),z,1,6,train,0.0,5.0,7.0,24
environment (3),z,1,6,train,0.0,8.0,7.0,24
environment (5),m,1,6,train,0.0,8.0,7.0,24
environment (6),z,1,6,train,0.0,6.0,5.0,24
environment (3),z,1,6,train,0.0,3.0,8.0,24
environment (2),m,1,6,train,0.0,7.0,8.0,24
environment (6),z,1,6,train,0.0,3.0,6.0,24
environment (1),m,1,6,train,0.0,8.0,7.0,24
environment (4),z,1,6,train,0.0,8.0,8.0,24
environment (5),m,1,6,train,0.0,7.0,8.0,24
environment (2),m,1,6,train,0.0,5.0,9.0,24
environment (6),z,1,6,train,0.0,5.0,7.0,24
environment (3),z,1,6,train,0.0,8.0,9.0,24
environment (1),m,1,6,train,0.0,6.0,8.0,24
environment (4),z,1,6,train,0.0,6.0,9.0,24
environment (5),m,1,6,train,0.0,6.0,9.0,24
environment (3),z,1,6,train,0.0,4.0,10.0,24
environment (5),m,1,6,train,0.0,2.0,10.0,24
environment (2),m,1,6,train,0.0,8.0,10.0,24
environment (6),z,1,6,train,0.0,8.0,8.0,24
environment (1),m,1,6,train,0.0,7.0,9.0,24
environment (4),z,1,6,train,0.0,7.0,10.0,24
environment (5),m,1,6,train,0.0,5.0,11.0,24
environment (2),m,1,6,train,0.0,5.0,11.0,24
environment (1),m,1,6,train,0.0,4.0,10.0,24
environment (4),z,1,6,train,0.0,4.0,11.0,24
environment (3),z,1,6,train,0.0,10.0,11.0,24
environment (6),z,1,6,train,0.0,8.0,9.0,24
environment (5),m,1,6,train,0.0,6.0,12.0,24
environment (1),m,1,6,train,0.0,5.0,11.0,24
environment (2),m,1,6,train,0.0,7.0,12.0,24
environment (4),z,1,6,train,0.0,6.0,12.0,24
environment (3),z,1,6,train,0.0,6.0,12.0,24
environment (6),z,1,6,train,0.0,6.0,10.0,24
vehicle (1),z,0,3,train,0.0,0.0,0.0,24
vehicle (2),z,0,3,train,0.0,0.0,0.0,24
vehicle (3),z,1,3,train,0.0,0.0,0.0,24
vehicle (1),m,1,3,train,0.0,0.0,0.0,24
vehicle (3),z,1,3,train,0.0,2.0,1.0,24
vehicle (2),m,1,3,train,0.0,0.0,0.0,24
vehicle (2),m,1,3,train,0.0,1.0,1.0,24
vehicle (3),z,1,3,train,0.0,3.0,2.0,24
vehicle (1),m,1,3,train,0.0,5.0,1.0,24
vehicle (1),m,1,3,train,0.0,1.0,2.0,24
vehicle (2),m,1,3,train,0.0,4.0,2.0,24
vehicle (3),z,1,3,train,0.0,4.0,3.0,24
vehicle (1),m,1,3,train,0.0,3.0,3.0,24
vehicle (3),m,0,3,train,0.0,2.0,4.0,24
vehicle (2),m,1,3,train,0.0,4.0,3.0,24
vehicle (2),m,1,3,train,0.0,1.0,4.0,24
vehicle (3),z,1,3,train,0.0,5.0,4.0,24
vehicle (1),m,1,3,train,0.0,5.0,4.0,24
vehicle (3),z,1,3,train,0.0,2.0,5.0,24
vehicle (2),m,1,3,train,0.0,4.0,5.0,24
vehicle (1),m,1,3,train,0.0,3.0,5.0,24
vehicle (1),m,1,3,train,0.0,1.0,6.0,24
vehicle (3),z,1,3,train,0.0,4.0,6.0,24
vehicle (2),m,1,3,train,0.0,4.0,6.0,24
vehicle (2),m,1,3,train,0.0,1.0,7.0,24
vehicle (3),z,1,3,train,0.0,3.0,7.0,24
vehicle (1),m,1,3,train,0.0,5.0,7.0,24
vehicle (3),z,1,3,train,0.0,2.0,8.0,24
vehicle (1),m,1,3,train,0.0,2.0,8.0,24
vehicle (2),m,1,3,train,0.0,5.0,8.0,24
vehicle (2),m,1,3,train,0.0,1.0,9.0,24
vehicle (3),z,1,3,train,0.0,4.0,9.0,24
vehicle (2),m,1,3,train,0.0,2.0,10.0,24
vehicle (1),m,1,3,train,0.0,5.0,9.0,24
vehicle (3),z,1,3,train,0.0,3.0,10.0,24
vehicle (1),m,1,3,train,0.0,2.0,10.0,24
instrument (1),m,1,3,train,0.0,0.0,0.0,24
instrument (2),z,0,3,train,0.0,0.0,0.0,24
instrument (3),z,1,3,train,0.0,0.0,0.0,24
instrument (1),m,1,3,train,0.0,3.0,1.0,24
instrument (3),z,1,3,train,0.0,2.0,1.0,24
instrument (2),m,1,3,train,0.0,0.0,0.0,24
instrument (2),m,1,3,train,0.0,1.0,1.0,24
instrument (3),z,1,3,train,0.0,3.0,2.0,24
instrument (1),m,1,3,train,0.0,5.0,2.0,24
instrument (1),m,1,3,train,0.0,1.0,3.0,24
instrument (2),m,1,3,train,0.0,4.0,2.0,24
instrument (3),z,1,3,train,0.0,4.0,3.0,24
instrument (1),m,1,3,train,0.0,3.0,4.0,24
instrument (3),z,1,3,train,0.0,2.0,4.0,24
instrument (2),m,1,3,train,0.0,4.0,3.0,24
instrument (2),m,1,3,train,0.0,1.0,4.0,24
instrument (3),z,1,3,train,0.0,3.0,5.0,24
instrument (1),m,1,3,train,0.0,5.0,5.0,24
instrument (3),m,0,3,train,0.0,2.0,6.0,24
instrument (2),m,1,3,train,0.0,4.0,5.0,24
instrument (1),m,1,3,train,0.0,3.0,6.0,24
instrument (1),m,1,3,train,0.0,1.0,7.0,24
instrument (3),z,1,3,train,0.0,6.0,6.0,24
instrument (2),m,1,3,train,0.0,4.0,6.0,24
instrument (2),m,1,3,train,0.0,1.0,7.0,24
instrument (3),z,1,3,train,0.0,3.0,7.0,24
instrument (1),m,1,3,train,0.0,5.0,8.0,24
instrument (3),z,1,3,train,0.0,2.0,8.0,24
instrument (1),m,1,3,train,0.0,2.0,9.0,24
instrument (2),m,1,3,train,0.0,5.0,8.0,24
instrument (2),m,1,3,train,0.0,1.0,9.0,24
instrument (3),z,1,3,train,0.0,4.0,9.0,24
instrument (2),m,1,3,train,0.0,2.0,10.0,24
instrument (1),m,1,3,train,0.0,5.0,10.0,24
instrument (3),z,1,3,train,0.0,3.0,10.0,24
instrument (1),m,1,3,train,0.0,2.0,11.0,24
jungle2,m,0,3,train,0.0,0.0,0.0,25
jungle1,z,1,3,train,0.0,0.0,0.0,25
jungle3,m,1,3,train,0.0,0.0,0.0,25
jungle1,z,1,3,train,0.0,2.0,1.0,25
jungle3,m,1,3,train,0.0,2.0,1.0,25
jungle2,z,1,3,train,0.0,0.0,0.0,25
jungle3,m,1,3,train,0.0,2.0,2.0,25
jungle2,z,1,3,train,0.0,2.0,1.0,25
jungle1,z,1,3,train,0.0,5.0,2.0,25
jungle1,z,1,3,train,0.0,1.0,3.0,25
jungle2,m,0,3,train,1.0,3.0,2.0,25
jungle3,m,1,3,train,0.0,5.0,3.0,25
jungle3,m,1,3,train,0.0,1.0,4.0,25
jungle1,z,1,3,train,0.0,4.0,4.0,25
jungle2,z,1,3,train,0.0,7.0,2.0,25
jungle3,m,1,3,train,0.0,3.0,5.0,25
jungle1,z,1,3,train,0.0,3.0,5.0,25
jungle2,z,1,3,train,0.0,3.0,3.0,25
jungle1,z,1,3,train,0.0,2.0,6.0,25
jungle3,m,1,3,train,0.0,4.0,6.0,25
jungle2,z,1,3,train,0.0,3.0,4.0,25
jungle3,m,1,3,train,0.0,2.0,7.0,25
jungle2,z,1,3,train,0.0,2.0,5.0,25
jungle1,z,1,3,train,0.0,5.0,7.0,25
jungle2,z,1,3,train,0.0,2.0,6.0,25
jungle3,m,1,3,train,0.0,4.0,8.0,25
jungle1,z,1,3,train,0.0,3.0,8.0,25
jungle1,z,1,3,train,0.0,1.0,9.0,25
jungle2,z,1,3,train,0.0,4.0,7.0,25
jungle3,m,1,3,train,0.0,4.0,9.0,25
jungle2,z,1,3,train,0.0,2.0,8.0,25
jungle3,m,1,3,train,0.0,2.0,10.0,25
jungle1,z,1,3,train,0.0,5.0,10.0,25
jungle2,z,1,3,train,0.0,3.0,9.0,25
jungle1,z,1,3,train,0.0,2.0,11.0,25
jungle3,m,1,3,train,0.0,4.0,11.0,25
vegan (6),m,0,6,train,0.0,0.0,0.0,25
vegan (1),z,0,6,train,0.0,0.0,0.0,25
vegan (5),m,1,6,train,0.0,0.0,0.0,25
vegan (4),z,1,6,train,0.0,0.0,0.0,25
vegan (2),m,1,6,train,0.0,0.0,0.0,25
vegan (3),z,1,6,train,0.0,0.0,0.0,25
vegan (3),z,1,6,train,0.0,1.0,1.0,25
vegan (6),z,1,6,train,0.0,0.0,0.0,25
vegan (4),m,0,6,train,0.0,5.0,1.0,25
vegan (5),z,0,6,train,0.0,7.0,1.0,25
vegan (1),z,0,6,train,1.0,0.0,0.0,25
vegan (2),m,1,6,train,0.0,7.0,1.0,25
vegan (1),z,0,6,train,1.0,0.0,0.0,25
vegan (3),z,1,6,train,0.0,7.0,2.0,25
vegan (2),m,1,6,train,0.0,3.0,2.0,25
vegan (6),m,0,6,train,1.0,8.0,1.0,25
vegan (5),m,1,6,train,0.0,14.0,1.0,25
vegan (4),m,0,6,train,1.0,14.0,1.0,25
vegan (5),m,1,6,train,0.0,2.0,2.0,25
vegan (2),m,1,6,train,0.0,5.0,3.0,25
vegan (6),z,1,6,train,0.0,13.0,1.0,25
vegan (1),m,1,6,train,0.0,0.0,0.0,25
vegan (4),z,1,6,train,0.0,19.0,1.0,25
vegan (3),m,0,6,train,0.0,10.0,3.0,25
vegan (6),z,1,6,train,0.0,4.0,2.0,25
vegan (5),m,1,6,train,0.0,7.0,3.0,25
vegan (2),z,0,6,train,0.0,7.0,4.0,25
vegan (3),m,0,6,train,1.0,14.0,3.0,25
vegan (4),z,1,6,train,0.0,6.0,2.0,25
vegan (1),z,0,6,train,1.0,8.0,1.0,25
vegan (6),m,0,6,train,1.0,6.0,3.0,25
vegan (3),z,1,6,train,0.0,18.0,3.0,25
vegan (4),z,1,6,train,0.0,4.0,3.0,25
vegan (1),z,0,6,train,1.0,12.0,1.0,25
vegan (2),m,1,6,train,0.0,15.0,4.0,25
vegan (5),m,1,6,train,0.0,10.0,4.0,25
vegan (2),m,1,6,train,0.0,2.0,5.0,25
vegan (3),m,0,6,train,1.0,6.0,4.0,25
vegan (5),z,0,6,train,1.0,3.0,5.0,25
vegan (4),m,0,6,train,1.0,7.0,4.0,25
vegan (1),m,1,6,train,0.0,19.0,1.0,25
vegan (6),z,1,6,train,0.0,17.0,3.0,25
vegan (2),z,0,6,train,1.0,6.0,6.0,25
vegan (1),m,1,6,train,0.0,3.0,2.0,25
vegan (4),z,1,6,train,0.0,12.0,4.0,25
vegan (3),z,1,6,train,0.0,14.0,4.0,25
vegan (5),m,1,6,train,0.0,11.0,5.0,25
vegan (6),z,1,6,train,0.0,6.0,4.0,25
vegan (3),z,1,6,train,0.0,3.0,5.0,25
vegan (2),m,1,6,train,0.0,13.0,6.0,25
vegan (6),z,1,6,train,0.0,3.0,5.0,25
vegan (1),m,1,6,train,0.0,8.0,3.0,25
vegan (4),z,1,6,train,0.0,8.0,5.0,25
vegan (5),m,1,6,train,0.0,7.0,6.0,25
vegan (2),z,0,6,train,1.0,5.0,7.0,25
vegan (6),m,0,6,train,1.0,5.0,6.0,25
vegan (3),z,1,6,train,0.0,8.0,6.0,25
vegan (1),m,1,6,train,0.0,6.0,4.0,25
vegan (4),z,1,6,train,0.0,6.0,6.0,25
vegan (5),m,1,6,train,0.0,6.0,7.0,25
vegan (3),z,1,6,train,0.0,4.0,7.0,25
vegan (5),m,1,6,train,0.0,2.0,8.0,25
vegan (2),z,0,6,train,1.0,13.0,7.0,25
vegan (6),z,1,6,train,0.0,13.0,6.0,25
vegan (1),m,1,6,train,0.0,7.0,5.0,25
vegan (4),z,1,6,train,0.0,7.0,7.0,25
vegan (5),m,1,6,train,0.0,5.0,9.0,25
vegan (2),z,0,6,train,1.0,18.0,7.0,25
vegan (1),m,1,6,train,0.0,4.0,6.0,25
vegan (4),m,0,6,train,1.0,4.0,8.0,25
vegan (3),z,1,6,train,0.0,10.0,8.0,25
vegan (6),z,1,6,train,0.0,8.0,7.0,25
vegan (5),m,1,6,train,0.0,6.0,10.0,25
vegan (1),m,1,6,train,0.0,5.0,7.0,25
vegan (2),z,0,6,train,1.0,25.0,7.0,25
vegan (4),z,1,6,train,0.0,10.0,8.0,25
vegan (3),z,1,6,train,0.0,6.0,9.0,25
vegan (6),z,1,6,train,0.0,6.0,8.0,25
animal (1),z,1,3,train,0.0,0.0,0.0,25
animal (2),m,0,3,train,0.0,0.0,0.0,25
animal (3),m,1,3,train,0.0,0.0,0.0,25
animal (1),z,1,3,train,0.0,3.0,1.0,25
animal (3),z,0,3,train,0.0,2.0,1.0,25
animal (2),z,1,3,train,0.0,0.0,0.0,25
animal (2),z,1,3,train,0.0,1.0,1.0,25
animal (3),m,1,3,train,0.0,5.0,1.0,25
animal (1),z,1,3,train,0.0,5.0,2.0,25
animal (1),z,1,3,train,0.0,1.0,3.0,25
animal (2),m,0,3,train,1.0,4.0,2.0,25
animal (3),m,1,3,train,0.0,4.0,2.0,25
animal (1),z,1,3,train,0.0,3.0,4.0,25
animal (3),m,1,3,train,0.0,2.0,3.0,25
animal (2),z,1,3,train,0.0,8.0,2.0,25
animal (2),z,1,3,train,0.0,1.0,3.0,25
animal (3),m,1,3,train,0.0,3.0,4.0,25
animal (1),z,1,3,train,0.0,5.0,5.0,25
animal (3),m,1,3,train,0.0,2.0,5.0,25
animal (2),z,1,3,train,0.0,4.0,4.0,25
animal (1),z,1,3,train,0.0,3.0,6.0,25
animal (1),z,1,3,train,0.0,1.0,7.0,25
animal (3),m,1,3,train,0.0,4.0,6.0,25
animal (2),z,1,3,train,0.0,4.0,5.0,25
animal (2),z,1,3,train,0.0,1.0,6.0,25
animal (3),m,1,3,train,0.0,3.0,7.0,25
animal (1),z,1,3,train,0.0,5.0,8.0,25
animal (3),m,1,3,train,0.0,2.0,8.0,25
animal (1),z,1,3,train,0.0,2.0,9.0,25
animal (2),z,1,3,train,0.0,5.0,7.0,25
animal (2),z,1,3,train,0.0,1.0,8.0,25
animal (3),m,1,3,train,0.0,4.0,9.0,25
animal (2),z,1,3,train,0.0,2.0,9.0,25
animal (1),z,1,3,train,0.0,5.0,10.0,25
animal (3),m,1,3,train,0.0,3.0,10.0,25
animal (1),z,1,3,train,0.0,2.0,11.0,25
fruits (6),m,0,6,train,0.0,0.0,0.0,25
fruits (1),z,0,6,train,0.0,0.0,0.0,25
fruits (5),m,1,6,train,0.0,0.0,0.0,25
fruits (4),z,1,6,train,0.0,0.0,0.0,25
fruits (2),m,1,6,train,0.0,0.0,0.0,25
fruits (3),m,0,6,train,0.0,0.0,0.0,25
fruits (3),z,1,6,train,0.0,0.0,0.0,25
fruits (6),m,0,6,train,1.0,0.0,0.0,25
fruits (4),m,0,6,train,0.0,5.0,1.0,25
fruits (5),m,1,6,train,0.0,7.0,1.0,25
fruits (1),m,1,6,train,0.0,0.0,0.0,25
fruits (2),z,0,6,train,0.0,7.0,1.0,25
fruits (1),m,1,6,train,0.0,2.0,1.0,25
fruits (3),z,1,6,train,0.0,7.0,1.0,25
fruits (2),m,1,6,train,0.0,10.0,1.0,25
fruits (6),z,1,6,train,0.0,0.0,0.0,25
fruits (5),z,0,6,train,0.0,7.0,2.0,25
fruits (4),m,0,6,train,1.0,14.0,1.0,25
fruits (5),m,1,6,train,0.0,9.0,2.0,25
fruits (2),m,1,6,train,0.0,5.0,2.0,25
fruits (6),z,1,6,train,0.0,5.0,1.0,25
fruits (1),m,1,6,train,0.0,9.0,2.0,25
fruits (4),m,0,6,train,1.0,19.0,1.0,25
fruits (3),z,1,6,train,0.0,10.0,2.0,25
fruits (6),z,1,6,train,0.0,4.0,2.0,25
fruits (5),m,1,6,train,0.0,7.0,3.0,25
fruits (2),m,1,6,train,0.0,7.0,3.0,25
fruits (3),z,1,6,train,0.0,4.0,3.0,25
fruits (4),z,1,6,train,0.0,25.0,1.0,25
fruits (1),m,1,6,train,0.0,8.0,3.0,25
fruits (6),z,1,6,train,0.0,6.0,3.0,25
fruits (3),z,1,6,train,0.0,4.0,4.0,25
fruits (4),z,1,6,train,0.0,4.0,2.0,25
fruits (1),m,1,6,train,0.0,4.0,4.0,25
fruits (2),m,1,6,train,0.0,8.0,4.0,25
fruits (5),m,1,6,train,0.0,10.0,4.0,25
fruits (2),m,1,6,train,0.0,2.0,5.0,25
fruits (3),z,1,6,train,0.0,6.0,5.0,25
fruits (5),m,1,6,train,0.0,3.0,5.0,25
fruits (4),z,1,6,train,0.0,7.0,3.0,25
fruits (1),m,1,6,train,0.0,7.0,5.0,25
fruits (6),z,1,6,train,0.0,11.0,4.0,25
fruits (2),m,1,6,train,0.0,6.0,6.0,25
fruits (1),m,1,6,train,0.0,3.0,6.0,25
fruits (4),z,1,6,train,0.0,5.0,4.0,25
fruits (3),z,1,6,train,0.0,8.0,6.0,25
fruits (5),m,1,6,train,0.0,8.0,6.0,25
fruits (6),z,1,6,train,0.0,6.0,5.0,25
fruits (3),z,1,6,train,0.0,3.0,7.0,25
fruits (2),m,1,6,train,0.0,7.0,7.0,25
fruits (6),z,1,6,train,0.0,3.0,6.0,25
fruits (1),m,1,6,train,0.0,8.0,7.0,25
fruits (4),z,1,6,train,0.0,8.0,5.0,25
fruits (5),m,1,6,train,0.0,7.0,7.0,25
fruits (2),m,1,6,train,0.0,5.0,8.0,25
fruits (6),z,1,6,train,0.0,5.0,7.0,25
fruits (3),z,1,6,train,0.0,8.0,8.0,25
fruits (1),m,1,6,train,0.0,6.0,8.0,25
fruits (4),z,1,6,train,0.0,6.0,6.0,25
fruits (5),m,1,6,train,0.0,6.0,8.0,25
fruits (3),z,1,6,train,0.0,4.0,9.0,25
fruits (5),m,1,6,train,0.0,2.0,9.0,25
fruits (2),z,0,6,train,1.0,8.0,9.0,25
fruits (6),z,1,6,train,0.0,8.0,8.0,25
fruits (1),m,1,6,train,0.0,7.0,9.0,25
fruits (4),z,1,6,train,0.0,7.0,7.0,25
fruits (5),m,1,6,train,0.0,5.0,10.0,25
fruits (2),m,1,6,train,0.0,13.0,9.0,25
fruits (1),m,1,6,train,0.0,4.0,10.0,25
fruits (4),z,1,6,train,0.0,4.0,8.0,25
fruits (3),z,1,6,train,0.0,10.0,10.0,25
fruits (6),z,1,6,train,0.0,8.0,9.0,25
fruits (5),m,1,6,train,0.0,6.0,11.0,25
fruits (1),m,1,6,train,0.0,5.0,11.0,25
fruits (2),m,1,6,train,0.0,7.0,10.0,25
fruits (4),z,1,6,train,0.0,6.0,9.0,25
fruits (3),z,1,6,train,0.0,6.0,11.0,25
fruits (6),z,1,6,train,0.0,6.0,10.0,25
tools (1),m,0,3,train,0.0,0.0,0.0,25
tools (2),z,1,3,train,0.0,0.0,0.0,25
tools (3),m,1,3,train,0.0,0.0,0.0,25
tools (1),z,1,3,train,0.0,0.0,0.0,25
tools (3),m,1,3,train,0.0,2.0,1.0,25
tools (2),z,1,3,train,0.0,4.0,1.0,25
tools (2),z,1,3,train,0.0,1.0,2.0,25
tools (3),m,1,3,train,0.0,3.0,2.0,25
tools (1),z,1,3,train,0.0,5.0,1.0,25
tools (1),z,1,3,train,0.0,1.0,2.0,25
tools (2),z,1,3,train,0.0,4.0,3.0,25
tools (3),m,1,3,train,0.0,4.0,3.0,25
tools (1),z,1,3,train,0.0,3.0,3.0,25
tools (3),m,1,3,train,0.0,2.0,4.0,25
tools (2),z,1,3,train,0.0,4.0,4.0,25
tools (2),z,1,3,train,0.0,1.0,5.0,25
tools (3),m,1,3,train,0.0,3.0,5.0,25
tools (1),z,1,3,train,0.0,5.0,4.0,25
tools (3),m,1,3,train,0.0,2.0,6.0,25
tools (2),z,1,3,train,0.0,4.0,6.0,25
tools (1),z,1,3,train,0.0,3.0,5.0,25
tools (1),z,1,3,train,0.0,1.0,6.0,25
tools (3),m,1,3,train,0.0,4.0,7.0,25
tools (2),z,1,3,train,0.0,4.0,7.0,25
tools (2),z,1,3,train,0.0,1.0,8.0,25
tools (3),m,1,3,train,0.0,3.0,8.0,25
tools (1),z,1,3,train,0.0,5.0,7.0,25
tools (3),m,1,3,train,0.0,2.0,9.0,25
tools (1),z,1,3,train,0.0,2.0,8.0,25
tools (2),z,1,3,train,0.0,5.0,9.0,25
tools (2),z,1,3,train,0.0,1.0,10.0,25
tools (3),m,1,3,train,0.0,4.0,10.0,25
tools (2),z,1,3,train,0.0,2.0,11.0,25
tools (1),z,1,3,train,0.0,5.0,9.0,25
tools (3),m,1,3,train,0.0,3.0,11.0,25
tools (1),z,1,3,train,0.0,2.0,10.0,25
clothes (6),m,0,6,train,0.0,0.0,0.0,25
clothes (1),m,1,6,train,0.0,0.0,0.0,25
clothes (5),z,0,6,train,0.0,0.0,0.0,25
clothes (4),m,0,6,train,0.0,0.0,0.0,25
clothes (2),z,0,6,train,0.0,0.0,0.0,25
clothes (3),m,0,6,train,0.0,0.0,0.0,25
clothes (3),z,1,6,train,0.0,0.0,0.0,25
clothes (6),z,1,6,train,0.0,0.0,0.0,25
clothes (4),z,1,6,train,0.0,0.0,0.0,25
clothes (5),m,1,6,train,0.0,0.0,0.0,25
clothes (1),m,1,6,train,0.0,9.0,1.0,25
clothes (2),m,1,6,train,0.0,0.0,0.0,25
clothes (1),m,1,6,train,0.0,2.0,2.0,25
clothes (3),z,1,6,train,0.0,7.0,1.0,25
clothes (2),m,1,6,train,0.0,3.0,1.0,25
clothes (6),m,0,6,train,1.0,8.0,1.0,25
clothes (5),m,1,6,train,0.0,7.0,1.0,25
clothes (4),z,1,6,train,0.0,9.0,1.0,25
clothes (5),m,1,6,train,0.0,2.0,2.0,25
clothes (2),z,0,6,train,1.0,5.0,2.0,25
clothes (6),z,1,6,train,0.0,13.0,1.0,25
clothes (1),m,1,6,train,0.0,9.0,3.0,25
clothes (4),z,1,6,train,0.0,5.0,2.0,25
clothes (3),z,1,6,train,0.0,10.0,2.0,25
clothes (6),z,1,6,train,0.0,4.0,2.0,25
clothes (5),m,1,6,train,0.0,7.0,3.0,25
clothes (2),m,1,6,train,0.0,12.0,2.0,25
clothes (3),z,1,6,train,0.0,4.0,3.0,25
clothes (4),z,1,6,train,0.0,6.0,3.0,25
clothes (1),m,1,6,train,0.0,8.0,4.0,25
clothes (6),z,1,6,train,0.0,6.0,3.0,25
clothes (3),z,1,6,train,0.0,4.0,4.0,25
clothes (4),z,1,6,train,0.0,4.0,4.0,25
clothes (1),m,1,6,train,0.0,4.0,5.0,25
clothes (2),m,1,6,train,0.0,8.0,3.0,25
clothes (5),m,1,6,train,0.0,10.0,4.0,25
clothes (2),m,1,6,train,0.0,2.0,4.0,25
clothes (3),z,1,6,train,0.0,6.0,5.0,25
clothes (5),m,1,6,train,0.0,3.0,5.0,25
clothes (4),z,1,6,train,0.0,7.0,5.0,25
clothes (1),m,1,6,train,0.0,7.0,6.0,25
clothes (6),z,1,6,train,0.0,11.0,4.0,25
clothes (2),m,1,6,train,0.0,6.0,5.0,25
clothes (1),m,1,6,train,0.0,3.0,7.0,25
clothes (4),z,1,6,train,0.0,5.0,6.0,25
clothes (3),z,1,6,train,0.0,8.0,6.0,25
clothes (5),m,1,6,train,0.0,8.0,6.0,25
clothes (6),z,1,6,train,0.0,6.0,5.0,25
clothes (3),z,1,6,train,0.0,3.0,7.0,25
clothes (2),m,1,6,train,0.0,7.0,6.0,25
clothes (6),z,1,6,train,0.0,3.0,6.0,25
clothes (1),m,1,6,train,0.0,8.0,8.0,25
clothes (4),z,1,6,train,0.0,8.0,7.0,25
clothes (5),m,1,6,train,0.0,7.0,7.0,25
clothes (2),m,1,6,train,0.0,5.0,7.0,25
clothes (6),z,1,6,train,0.0,5.0,7.0,25
clothes (3),z,1,6,train,0.0,8.0,8.0,25
clothes (1),m,1,6,train,0.0,6.0,9.0,25
clothes (4),z,1,6,train,0.0,6.0,8.0,25
clothes (5),m,1,6,train,0.0,6.0,8.0,25
clothes (3),z,1,6,train,0.0,4.0,9.0,25
clothes (5),m,1,6,train,0.0,2.0,9.0,25
clothes (2),m,1,6,train,0.0,8.0,8.0,25
clothes (6),z,1,6,train,0.0,8.0,8.0,25
clothes (1),m,1,6,train,0.0,7.0,10.0,25
clothes (4),z,1,6,train,0.0,7.0,9.0,25
clothes (5),m,1,6,train,0.0,5.0,10.0,25
clothes (2),m,1,6,train,0.0,5.0,9.0,25
clothes (1),m,1,6,train,0.0,4.0,11.0,25
clothes (4),z,1,6,train,0.0,4.0,10.0,25
clothes (3),z,1,6,train,0.0,10.0,10.0,25
clothes (6),z,1,6,train,0.0,8.0,9.0,25
clothes (5),m,1,6,train,0.0,6.0,11.0,25
clothes (1),m,1,6,train,0.0,5.0,12.0,25
clothes (2),m,1,6,train,0.0,7.0,10.0,25
clothes (4),z,1,6,train,0.0,6.0,11.0,25
clothes (3),z,1,6,train,0.0,6.0,11.0,25
clothes (6),z,1,6,train,0.0,6.0,10.0,25
face (1),m,0,3,train,0.0,0.0,0.0,25
face (2),z,1,3,train,0.0,0.0,0.0,25
face (3),m,1,3,train,0.0,0.0,0.0,25
face (1),z,1,3,train,0.0,0.0,0.0,25
face (3),m,1,3,train,0.0,2.0,1.0,25
face (2),z,1,3,train,0.0,4.0,1.0,25
face (2),m,0,3,train,0.0,1.0,2.0,25
face (3),m,1,3,train,0.0,3.0,2.0,25
face (1),z,1,3,train,0.0,5.0,1.0,25
face (1),z,1,3,train,0.0,1.0,2.0,25
face (2),z,1,3,train,0.0,5.0,2.0,25
face (3),m,1,3,train,0.0,4.0,3.0,25
face (1),z,1,3,train,0.0,3.0,3.0,25
face (3),m,1,3,train,0.0,2.0,4.0,25
face (2),z,1,3,train,0.0,4.0,3.0,25
face (2),z,1,3,train,0.0,1.0,4.0,25
face (3),m,1,3,train,0.0,3.0,5.0,25
face (1),z,1,3,train,0.0,5.0,4.0,25
face (3),m,1,3,train,0.0,2.0,6.0,25
face (2),z,1,3,train,0.0,4.0,5.0,25
face (1),z,1,3,train,0.0,3.0,5.0,25
face (1),z,1,3,train,0.0,1.0,6.0,25
face (3),m,1,3,train,0.0,4.0,7.0,25
face (2),z,1,3,train,0.0,4.0,6.0,25
face (2),z,1,3,train,0.0,1.0,7.0,25
face (3),m,1,3,train,0.0,3.0,8.0,25
face (1),z,1,3,train,0.0,5.0,7.0,25
face (3),m,1,3,train,0.0,2.0,9.0,25
face (1),z,1,3,train,0.0,2.0,8.0,25
face (2),z,1,3,train,0.0,5.0,8.0,25
face (2),z,1,3,train,0.0,1.0,9.0,25
face (3),m,1,3,train,0.0,4.0,10.0,25
face (2),z,1,3,train,0.0,2.0,10.0,25
face (1),z,1,3,train,0.0,5.0,9.0,25
face (3),m,1,3,train,0.0,3.0,11.0,25
face (1),z,1,3,train,0.0,2.0,10.0,25
color (6),m,0,6,train,0.0,0.0,0.0,25
color (1),z,0,6,train,0.0,0.0,0.0,25
color (5),z,0,6,train,0.0,0.0,0.0,25
color (4),m,0,6,train,0.0,0.0,0.0,25
color (2),z,0,6,train,0.0,0.0,0.0,25
color (3),m,0,6,train,0.0,0.0,0.0,25
color (3),z,1,6,train,0.0,0.0,0.0,25
color (6),z,1,6,train,0.0,0.0,0.0,25
color (4),z,1,6,train,0.0,0.0,0.0,25
color (5),m,1,6,train,0.0,0.0,0.0,25
color (1),m,1,6,train,0.0,0.0,0.0,25
color (2),m,1,6,train,0.0,0.0,0.0,25
color (1),m,1,6,train,0.0,2.0,1.0,25
color (3),z,1,6,train,0.0,7.0,1.0,25
color (2),m,1,6,train,0.0,3.0,1.0,25
color (6),z,1,6,train,0.0,8.0,1.0,25
color (5),m,1,6,train,0.0,7.0,1.0,25
color (4),z,1,6,train,0.0,9.0,1.0,25
color (5),m,1,6,train,0.0,2.0,2.0,25
color (2),m,1,6,train,0.0,5.0,2.0,25
color (6),z,1,6,train,0.0,5.0,2.0,25
color (1),m,1,6,train,0.0,9.0,2.0,25
color (4),z,1,6,train,0.0,5.0,2.0,25
color (3),z,1,6,train,0.0,10.0,2.0,25
color (6),z,1,6,train,0.0,4.0,3.0,25
color (5),m,1,6,train,0.0,7.0,3.0,25
color (2),m,1,6,train,0.0,7.0,3.0,25
color (3),z,1,6,train,0.0,4.0,3.0,25
color (4),z,1,6,train,0.0,6.0,3.0,25
color (1),m,1,6,train,0.0,8.0,3.0,25
color (6),z,1,6,train,0.0,6.0,4.0,25
color (3),z,1,6,train,0.0,4.0,4.0,25
color (4),z,1,6,train,0.0,4.0,4.0,25
color (1),m,1,6,train,0.0,4.0,4.0,25
color (2),m,1,6,train,0.0,8.0,4.0,25
color (5),m,1,6,train,0.0,10.0,4.0,25
color (2),m,1,6,train,0.0,2.0,5.0,25
color (3),z,1,6,train,0.0,6.0,5.0,25
color (5),m,1,6,train,0.0,3.0,5.0,25
color (4),z,1,6,train,0.0,7.0,5.0,25
color (1),m,1,6,train,0.0,7.0,5.0,25
color (6),z,1,6,train,0.0,11.0,5.0,25
color (2),m,1,6,train,0.0,6.0,6.0,25
color (1),m,1,6,train,0.0,3.0,6.0,25
color (4),z,1,6,train,0.0,5.0,6.0,25
color (3),z,1,6,train,0.0,8.0,6.0,25
color (5),m,1,6,train,0.0,8.0,6.0,25
color (6),z,1,6,train,0.0,6.0,6.0,25
color (3),z,1,6,train,0.0,3.0,7.0,25
color (2),m,1,6,train,0.0,7.0,7.0,25
color (6),z,1,6,train,0.0,3.0,7.0,25
color (1),m,1,6,train,0.0,8.0,7.0,25
color (4),z,1,6,train,0.0,8.0,7.0,25
color (5),m,1,6,train,0.0,7.0,7.0,25
color (2),m,1,6,train,0.0,5.0,8.0,25
color (6),z,1,6,train,0.0,5.0,8.0,25
color (3),z,1,6,train,0.0,8.0,8.0,25
color (1),m,1,6,train,0.0,6.0,8.0,25
color (4),z,1,6,train,0.0,6.0,8.0,25
color (5),m,1,6,train,0.0,6.0,8.0,25
color (3),z,1,6,train,0.0,4.0,9.0,25
color (5),m,1,6,train,0.0,2.0,9.0,25
color (2),m,1,6,train,0.0,8.0,9.0,25
color (6),z,1,6,train,0.0,8.0,9.0,25
color (1),m,1,6,train,0.0,7.0,9.0,25
color (4),z,1,6,train,0.0,7.0,9.0,25
color (5),m,1,6,train,0.0,5.0,10.0,25
color (2),m,1,6,train,0.0,5.0,10.0,25
color (1),m,1,6,train,0.0,4.0,10.0,25
color (4),z,1,6,train,0.0,4.0,10.0,25
color (3),z,1,6,train,0.0,10.0,10.0,25
color (6),z,1,6,train,0.0,8.0,10.0,25
color (5),m,1,6,train,0.0,6.0,11.0,25
color (1),m,1,6,train,0.0,5.0,11.0,25
color (2),m,1,6,train,0.0,7.0,11.0,25
color (4),z,1,6,train,0.0,6.0,11.0,25
color (3),z,1,6,train,0.0,6.0,11.0,25
color (6),z,1,6,train,0.0,6.0,11.0,25
symbol (1),m,1,3,train,0.0,0.0,0.0,25
symbol (2),m,1,3,train,0.0,0.0,0.0,25
symbol (3),z,1,3,train,0.0,0.0,0.0,25
symbol (1),m,1,3,train,0.0,3.0,1.0,25
symbol (3),z,1,3,train,0.0,2.0,1.0,25
symbol (2),m,1,3,train,0.0,4.0,1.0,25
symbol (2),m,1,3,train,0.0,1.0,2.0,25
symbol (3),z,1,3,train,0.0,3.0,2.0,25
symbol (1),m,1,3,train,0.0,5.0,2.0,25
symbol (1),m,1,3,train,0.0,1.0,3.0,25
symbol (2),m,1,3,train,0.0,4.0,3.0,25
symbol (3),z,1,3,train,0.0,4.0,3.0,25
symbol (1),m,1,3,train,0.0,3.0,4.0,25
symbol (3),z,1,3,train,0.0,2.0,4.0,25
symbol (2),m,1,3,train,0.0,4.0,4.0,25
symbol (2),m,1,3,train,0.0,1.0,5.0,25
symbol (3),z,1,3,train,0.0,3.0,5.0,25
symbol (1),m,1,3,train,0.0,5.0,5.0,25
symbol (3),z,1,3,train,0.0,2.0,6.0,25
symbol (2),m,1,3,train,0.0,4.0,6.0,25
symbol (1),m,1,3,train,0.0,3.0,6.0,25
symbol (1),m,1,3,train,0.0,1.0,7.0,25
symbol (3),z,1,3,train,0.0,4.0,7.0,25
symbol (2),m,1,3,train,0.0,4.0,7.0,25
symbol (2),m,1,3,train,0.0,1.0,8.0,25
symbol (3),z,1,3,train,0.0,3.0,8.0,25
symbol (1),m,1,3,train,0.0,5.0,8.0,25
symbol (3),z,1,3,train,0.0,2.0,9.0,25
symbol (1),m,1,3,train,0.0,2.0,9.0,25
symbol (2),m,1,3,train,0.0,5.0,9.0,25
symbol (2),m,1,3,train,0.0,1.0,10.0,25
symbol (3),z,1,3,train,0.0,4.0,10.0,25
symbol (2),m,1,3,train,0.0,2.0,11.0,25
symbol (1),m,1,3,train,0.0,5.0,10.0,25
symbol (3),z,1,3,train,0.0,3.0,11.0,25
symbol (1),m,1,3,train,0.0,2.0,11.0,25
environment (6),m,0,6,train,0.0,0.0,0.0,25
environment (1),z,0,6,train,0.0,0.0,0.0,25
environment (5),m,1,6,train,0.0,0.0,0.0,25
environment (4),z,1,6,train,0.0,0.0,0.0,25
environment (2),m,1,6,train,0.0,0.0,0.0,25
environment (3),z,1,6,train,0.0,0.0,0.0,25
environment (3),z,1,6,train,0.0,1.0,1.0,25
environment (6),z,1,6,train,0.0,0.0,0.0,25
environment (4),z,1,6,train,0.0,5.0,1.0,25
environment (5),m,1,6,train,0.0,7.0,1.0,25
environment (1),m,1,6,train,0.0,0.0,0.0,25
environment (2),m,1,6,train,0.0,7.0,1.0,25
environment (1),m,1,6,train,0.0,2.0,1.0,25
environment (3),z,1,6,train,0.0,7.0,2.0,25
environment (2),m,1,6,train,0.0,3.0,2.0,25
environment (6),z,1,6,train,0.0,8.0,1.0,25
environment (5),m,1,6,train,0.0,7.0,2.0,25
environment (4),z,1,6,train,0.0,9.0,2.0,25
environment (5),m,1,6,train,0.0,2.0,3.0,25
environment (2),m,1,6,train,0.0,5.0,3.0,25
environment (6),z,1,6,train,0.0,5.0,2.0,25
environment (1),z,0,6,train,1.0,9.0,2.0,25
environment (4),z,1,6,train,0.0,5.0,3.0,25
environment (3),z,1,6,train,0.0,10.0,3.0,25
environment (6),m,0,6,train,1.0,4.0,3.0,25
environment (5),m,1,6,train,0.0,7.0,4.0,25
environment (2),m,1,6,train,0.0,7.0,4.0,25
environment (3),z,1,6,train,0.0,4.0,4.0,25
environment (4),z,1,6,train,0.0,6.0,4.0,25
environment (1),m,1,6,train,0.0,17.0,2.0,25
environment (6),z,1,6,train,0.0,10.0,3.0,25
environment (3),z,1,6,train,0.0,4.0,5.0,25
environment (4),z,1,6,train,0.0,4.0,5.0,25
environment (1),m,1,6,train,0.0,4.0,3.0,25
environment (2),m,1,6,train,0.0,8.0,5.0,25
environment (5),m,1,6,train,0.0,10.0,5.0,25
environment (2),m,1,6,train,0.0,2.0,6.0,25
environment (3),z,1,6,train,0.0,6.0,6.0,25
environment (5),m,1,6,train,0.0,3.0,6.0,25
environment (4),z,1,6,train,0.0,7.0,6.0,25
environment (1),m,1,6,train,0.0,7.0,4.0,25
environment (6),z,1,6,train,0.0,11.0,4.0,25
environment (2),m,1,6,train,0.0,6.0,7.0,25
environment (1),m,1,6,train,0.0,3.0,5.0,25
environment (4),z,1,6,train,0.0,5.0,7.0,25
environment (3),z,1,6,train,0.0,8.0,7.0,25
environment (5),m,1,6,train,0.0,8.0,7.0,25
environment (6),z,1,6,train,0.0,6.0,5.0,25
environment (3),z,1,6,train,0.0,3.0,8.0,25
environment (2),m,1,6,train,0.0,7.0,8.0,25
environment (6),z,1,6,train,0.0,3.0,6.0,25
environment (1),m,1,6,train,0.0,8.0,6.0,25
environment (4),z,1,6,train,0.0,8.0,8.0,25
environment (5),m,1,6,train,0.0,7.0,8.0,25
environment (2),m,1,6,train,0.0,5.0,9.0,25
environment (6),z,1,6,train,0.0,5.0,7.0,25
environment (3),z,1,6,train,0.0,8.0,9.0,25
environment (1),m,1,6,train,0.0,6.0,7.0,25
environment (4),z,1,6,train,0.0,6.0,9.0,25
environment (5),m,1,6,train,0.0,6.0,9.0,25
environment (3),z,1,6,train,0.0,4.0,10.0,25
environment (5),m,1,6,train,0.0,2.0,10.0,25
environment (2),m,1,6,train,0.0,8.0,10.0,25
environment (6),z,1,6,train,0.0,8.0,8.0,25
environment (1),m,1,6,train,0.0,7.0,8.0,25
environment (4),z,1,6,train,0.0,7.0,10.0,25
environment (5),m,1,6,train,0.0,5.0,11.0,25
environment (2),m,1,6,train,0.0,5.0,11.0,25
environment (1),m,1,6,train,0.0,4.0,9.0,25
environment (4),z,1,6,train,0.0,4.0,11.0,25
environment (3),z,1,6,train,0.0,10.0,11.0,25
environment (6),z,1,6,train,0.0,8.0,9.0,25
environment (5),m,1,6,train,0.0,6.0,12.0,25
environment (1),m,1,6,train,0.0,5.0,10.0,25
environment (2),m,1,6,train,0.0,7.0,12.0,25
environment (4),z,1,6,train,0.0,6.0,12.0,25
environment (3),z,1,6,train,0.0,6.0,12.0,25
environment (6),z,1,6,train,0.0,6.0,10.0,25
vehicle (1),m,1,3,train,0.0,0.0,0.0,25
vehicle (2),m,1,3,train,0.0,0.0,0.0,25
vehicle (3),z,1,3,train,0.0,0.0,0.0,25
vehicle (1),m,1,3,train,0.0,3.0,1.0,25
vehicle (3),z,1,3,train,0.0,2.0,1.0,25
vehicle (2),m,1,3,train,0.0,4.0,1.0,25
vehicle (2),m,1,3,train,0.0,1.0,2.0,25
vehicle (3),z,1,3,train,0.0,3.0,2.0,25
vehicle (1),m,1,3,train,0.0,5.0,2.0,25
vehicle (1),m,1,3,train,0.0,1.0,3.0,25
vehicle (2),m,1,3,train,0.0,4.0,3.0,25
vehicle (3),z,1,3,train,0.0,4.0,3.0,25
vehicle (1),m,1,3,train,0.0,3.0,4.0,25
vehicle (3),z,1,3,train,0.0,2.0,4.0,25
vehicle (2),m,1,3,train,0.0,4.0,4.0,25
vehicle (2),m,1,3,train,0.0,1.0,5.0,25
vehicle (3),z,1,3,train,0.0,3.0,5.0,25
vehicle (1),m,1,3,train,0.0,5.0,5.0,25
vehicle (3),z,1,3,train,0.0,2.0,6.0,25
vehicle (2),m,1,3,train,0.0,4.0,6.0,25
vehicle (1),m,1,3,train,0.0,3.0,6.0,25
vehicle (1),m,1,3,train,0.0,1.0,7.0,25
vehicle (3),z,1,3,train,0.0,4.0,7.0,25
vehicle (2),m,1,3,train,0.0,4.0,7.0,25
vehicle (2),m,1,3,train,0.0,1.0,8.0,25
vehicle (3),z,1,3,train,0.0,3.0,8.0,25
vehicle (1),m,1,3,train,0.0,5.0,8.0,25
vehicle (3),z,1,3,train,0.0,2.0,9.0,25
vehicle (1),m,1,3,train,0.0,2.0,9.0,25
vehicle (2),m,1,3,train,0.0,5.0,9.0,25
vehicle (2),m,1,3,train,0.0,1.0,10.0,25
vehicle (3),z,1,3,train,0.0,4.0,10.0,25
vehicle (2),m,1,3,train,0.0,2.0,11.0,25
vehicle (1),m,1,3,train,0.0,5.0,10.0,25
vehicle (3),z,1,3,train,0.0,3.0,11.0,25
vehicle (1),m,1,3,train,0.0,2.0,11.0,25
instrument (1),m,1,3,train,0.0,0.0,0.0,25
instrument (2),m,1,3,train,0.0,0.0,0.0,25
instrument (3),z,1,3,train,0.0,0.0,0.0,25
instrument (1),m,1,3,train,0.0,3.0,1.0,25
instrument (3),z,1,3,train,0.0,2.0,1.0,25
instrument (2),m,1,3,train,0.0,4.0,1.0,25
instrument (2),m,1,3,train,0.0,1.0,2.0,25
instrument (3),z,1,3,train,0.0,3.0,2.0,25
instrument (1),m,1,3,train,0.0,5.0,2.0,25
instrument (1),m,1,3,train,0.0,1.0,3.0,25
instrument (2),m,1,3,train,0.0,4.0,3.0,25
instrument (3),z,1,3,train,0.0,4.0,3.0,25
instrument (1),m,1,3,train,0.0,3.0,4.0,25
instrument (3),z,1,3,train,0.0,2.0,4.0,25
instrument (2),m,1,3,train,0.0,4.0,4.0,25
instrument (2),m,1,3,train,0.0,1.0,5.0,25
instrument (3),z,1,3,train,0.0,3.0,5.0,25
instrument (1),m,1,3,train,0.0,5.0,5.0,25
instrument (3),z,1,3,train,0.0,2.0,6.0,25
instrument (2),m,1,3,train,0.0,4.0,6.0,25
instrument (1),m,1,3,train,0.0,3.0,6.0,25
instrument (1),m,1,3,train,0.0,1.0,7.0,25
instrument (3),z,1,3,train,0.0,4.0,7.0,25
instrument (2),m,1,3,train,0.0,4.0,7.0,25
instrument (2),m,1,3,train,0.0,1.0,8.0,25
instrument (3),z,1,3,train,0.0,3.0,8.0,25
instrument (1),m,1,3,train,0.0,5.0,8.0,25
instrument (3),z,1,3,train,0.0,2.0,9.0,25
instrument (1),m,1,3,train,0.0,2.0,9.0,25
instrument (2),m,1,3,train,0.0,5.0,9.0,25
instrument (2),m,1,3,train,0.0,1.0,10.0,25
instrument (3),z,1,3,train,0.0,4.0,10.0,25
instrument (2),m,1,3,train,0.0,2.0,11.0,25
instrument (1),m,1,3,train,0.0,5.0,10.0,25
instrument (3),z,1,3,train,0.0,3.0,11.0,25
instrument (1),m,1,3,train,0.0,2.0,11.0,25
jungle2,m,0,3,train,0.0,0.0,0.0,26
jungle1,m,0,3,train,0.0,0.0,0.0,26
jungle3,z,0,3,train,0.0,0.0,0.0,26
jungle1,m,0,3,train,1.0,0.0,0.0,26
jungle3,z,0,3,train,1.0,0.0,0.0,26
jungle2,z,1,3,train,0.0,0.0,0.0,26
jungle3,m,1,3,train,0.0,0.0,0.0,26
jungle2,z,1,3,train,0.0,2.0,1.0,26
jungle1,z,1,3,train,0.0,0.0,0.0,26
jungle1,z,1,3,train,0.0,1.0,1.0,26
jungle2,m,0,3,train,1.0,3.0,2.0,26
jungle3,z,0,3,train,1.0,5.0,1.0,26
jungle3,m,1,3,train,0.0,6.0,1.0,26
jungle1,z,1,3,train,0.0,4.0,2.0,26
jungle2,z,1,3,train,0.0,7.0,2.0,26
jungle3,m,1,3,train,0.0,3.0,2.0,26
jungle1,z,1,3,train,0.0,3.0,3.0,26
jungle2,m,0,3,train,1.0,3.0,3.0,26
jungle1,z,1,3,train,0.0,2.0,4.0,26
jungle3,m,1,3,train,0.0,4.0,3.0,26
jungle2,z,1,3,train,0.0,6.0,3.0,26
jungle3,m,1,3,train,0.0,2.0,4.0,26
jungle2,z,1,3,train,0.0,2.0,4.0,26
jungle1,z,1,3,train,0.0,5.0,5.0,26
jungle2,z,1,3,train,0.0,2.0,5.0,26
jungle3,m,1,3,train,0.0,4.0,5.0,26
jungle1,z,1,3,train,0.0,3.0,6.0,26
jungle1,z,1,3,train,0.0,1.0,7.0,26
jungle2,z,1,3,train,0.0,4.0,6.0,26
jungle3,m,1,3,train,0.0,4.0,6.0,26
jungle2,z,1,3,train,0.0,2.0,7.0,26
jungle3,m,1,3,train,0.0,2.0,7.0,26
jungle1,z,1,3,train,0.0,5.0,8.0,26
jungle2,z,1,3,train,0.0,3.0,8.0,26
jungle1,z,1,3,train,0.0,2.0,9.0,26
jungle3,m,1,3,train,0.0,4.0,8.0,26
vegan (6),m,0,6,train,0.0,0.0,0.0,26
vegan (1),m,1,6,train,0.0,0.0,0.0,26
vegan (5),m,1,6,train,0.0,0.0,0.0,26
vegan (4),z,1,6,train,0.0,0.0,0.0,26
vegan (2),m,1,6,train,0.0,0.0,0.0,26
vegan (3),z,1,6,train,0.0,0.0,0.0,26
vegan (3),z,1,6,train,0.0,1.0,1.0,26
vegan (6),m,0,6,train,1.0,0.0,0.0,26
vegan (4),z,1,6,train,0.0,5.0,1.0,26
vegan (5),m,1,6,train,0.0,7.0,1.0,26
vegan (1),z,0,6,train,0.0,9.0,1.0,26
vegan (2),m,1,6,train,0.0,7.0,1.0,26
vegan (1),z,0,6,train,1.0,11.0,1.0,26
vegan (3),m,0,6,train,0.0,7.0,2.0,26
vegan (2),z,0,6,train,0.0,3.0,2.0,26
vegan (6),z,1,6,train,0.0,0.0,0.0,26
vegan (5),m,1,6,train,0.0,7.0,2.0,26
vegan (4),z,1,6,train,0.0,9.0,2.0,26
vegan (5),m,1,6,train,0.0,2.0,3.0,26
vegan (2),m,1,6,train,0.0,8.0,2.0,26
vegan (6),m,0,6,train,1.0,5.0,1.0,26
vegan (1),z,0,6,train,1.0,20.0,1.0,26
vegan (4),z,1,6,train,0.0,5.0,3.0,26
vegan (3),m,0,6,train,1.0,17.0,2.0,26
vegan (6),m,0,6,train,1.0,9.0,1.0,26
vegan (5),m,1,6,train,0.0,7.0,4.0,26
vegan (2),z,0,6,train,1.0,7.0,3.0,26
vegan (3),m,0,6,train,1.0,21.0,2.0,26
vegan (4),z,1,6,train,0.0,6.0,4.0,26
vegan (1),z,0,6,train,1.0,28.0,1.0,26
vegan (6),m,0,6,train,1.0,15.0,1.0,26
vegan (3),z,1,6,train,0.0,25.0,2.0,26
vegan (4),z,1,6,train,0.0,4.0,5.0,26
vegan (1),m,1,6,train,0.0,32.0,1.0,26
vegan (2),z,0,6,train,1.0,15.0,3.0,26
vegan (5),z,0,6,train,0.0,10.0,5.0,26
vegan (2),m,1,6,train,0.0,17.0,3.0,26
vegan (3),z,1,6,train,0.0,6.0,3.0,26
vegan (5),m,1,6,train,0.0,13.0,5.0,26
vegan (4),z,1,6,train,0.0,7.0,6.0,26
vegan (1),m,1,6,train,0.0,7.0,2.0,26
vegan (6),z,1,6,train,0.0,26.0,1.0,26
vegan (2),m,1,6,train,0.0,6.0,4.0,26
vegan (1),m,1,6,train,0.0,3.0,3.0,26
vegan (4),z,1,6,train,0.0,5.0,7.0,26
vegan (3),z,1,6,train,0.0,8.0,4.0,26
vegan (5),m,1,6,train,0.0,8.0,6.0,26
vegan (6),m,0,6,train,1.0,6.0,2.0,26
vegan (3),m,0,6,train,1.0,3.0,5.0,26
vegan (2),m,1,6,train,0.0,7.0,5.0,26
vegan (6),m,0,6,train,1.0,9.0,2.0,26
vegan (1),m,1,6,train,0.0,8.0,4.0,26
vegan (4),z,1,6,train,0.0,8.0,8.0,26
vegan (5),m,1,6,train,0.0,7.0,7.0,26
vegan (2),z,0,6,train,1.0,5.0,6.0,26
vegan (6),m,0,6,train,1.0,14.0,2.0,26
vegan (3),z,1,6,train,0.0,11.0,5.0,26
vegan (1),m,1,6,train,0.0,6.0,5.0,26
vegan (4),z,1,6,train,0.0,6.0,9.0,26
vegan (5),m,1,6,train,0.0,6.0,8.0,26
vegan (3),z,1,6,train,0.0,4.0,6.0,26
vegan (5),m,1,6,train,0.0,2.0,9.0,26
vegan (2),m,1,6,train,0.0,13.0,6.0,26
vegan (6),z,1,6,train,0.0,22.0,2.0,26
vegan (1),z,0,6,train,1.0,7.0,6.0,26
vegan (4),z,1,6,train,0.0,7.0,10.0,26
vegan (5),m,1,6,train,0.0,5.0,10.0,26
vegan (2),m,1,6,train,0.0,5.0,7.0,26
vegan (1),m,1,6,train,0.0,11.0,6.0,26
vegan (4),z,1,6,train,0.0,4.0,11.0,26
vegan (3),m,0,6,train,1.0,10.0,7.0,26
vegan (6),m,0,6,train,1.0,8.0,3.0,26
vegan (5),m,1,6,train,0.0,6.0,11.0,26
vegan (1),m,1,6,train,0.0,5.0,7.0,26
vegan (2),z,0,6,train,1.0,7.0,8.0,26
vegan (4),z,1,6,train,0.0,6.0,12.0,26
vegan (3),z,1,6,train,0.0,16.0,7.0,26
vegan (6),m,0,6,train,1.0,14.0,3.0,26
animal (1),z,1,3,train,0.0,0.0,0.0,26
animal (2),m,0,3,train,0.0,0.0,0.0,26
animal (3),m,1,3,train,0.0,0.0,0.0,26
animal (1),z,1,3,train,0.0,3.0,1.0,26
animal (3),m,1,3,train,0.0,2.0,1.0,26
animal (2),m,0,3,train,1.0,0.0,0.0,26
animal (2),z,1,3,train,0.0,0.0,0.0,26
animal (3),m,1,3,train,0.0,3.0,2.0,26
animal (1),z,1,3,train,0.0,5.0,2.0,26
animal (1),z,1,3,train,0.0,1.0,3.0,26
animal (2),m,0,3,train,1.0,4.0,1.0,26
animal (3),m,1,3,train,0.0,4.0,3.0,26
animal (1),z,1,3,train,0.0,3.0,4.0,26
animal (3),m,1,3,train,0.0,2.0,4.0,26
animal (2),z,1,3,train,0.0,8.0,1.0,26
animal (2),z,1,3,train,0.0,1.0,2.0,26
animal (3),m,1,3,train,0.0,3.0,5.0,26
animal (1),z,1,3,train,0.0,5.0,5.0,26
animal (3),m,1,3,train,0.0,2.0,6.0,26
animal (2),z,1,3,train,0.0,4.0,3.0,26
animal (1),z,1,3,train,0.0,3.0,6.0,26
animal (1),z,1,3,train,0.0,1.0,7.0,26
animal (3),m,1,3,train,0.0,4.0,7.0,26
animal (2),z,1,3,train,0.0,4.0,4.0,26
animal (2),z,1,3,train,0.0,1.0,5.0,26
animal (3),m,1,3,train,0.0,3.0,8.0,26
animal (1),z,1,3,train,0.0,5.0,8.0,26
animal (3),m,1,3,train,0.0,2.0,9.0,26
animal (1),z,1,3,train,0.0,2.0,9.0,26
animal (2),z,1,3,train,0.0,5.0,6.0,26
animal (2),z,1,3,train,0.0,1.0,7.0,26
animal (3),m,1,3,train,0.0,4.0,10.0,26
animal (2),z,1,3,train,0.0,2.0,8.0,26
animal (1),z,1,3,train,0.0,5.0,10.0,26
animal (3),m,1,3,train,0.0,3.0,11.0,26
animal (1),z,1,3,train,0.0,2.0,11.0,26
fruits (6),m,0,6,train,0.0,0.0,0.0,26
fruits (1),m,1,6,train,0.0,0.0,0.0,26
fruits (5),z,0,6,train,0.0,0.0,0.0,26
fruits (4),m,0,6,train,0.0,0.0,0.0,26
fruits (2),m,1,6,train,0.0,0.0,0.0,26
fruits (3),z,1,6,train,0.0,0.0,0.0,26
fruits (3),z,1,6,train,0.0,1.0,1.0,26
fruits (6),m,0,6,train,1.0,0.0,0.0,26
fruits (4),z,1,6,train,0.0,0.0,0.0,26
fruits (5),m,1,6,train,0.0,0.0,0.0,26
fruits (1),z,0,6,train,0.0,9.0,1.0,26
fruits (2),m,1,6,train,0.0,7.0,1.0,26
fruits (1),m,1,6,train,0.0,11.0,1.0,26
fruits (3),z,1,6,train,0.0,7.0,2.0,26
fruits (2),m,1,6,train,0.0,3.0,2.0,26
fruits (6),z,1,6,train,0.0,0.0,0.0,26
fruits (5),m,1,6,train,0.0,7.0,1.0,26
fruits (4),z,1,6,train,0.0,9.0,1.0,26
fruits (5),m,1,6,train,0.0,2.0,2.0,26
fruits (2),m,1,6,train,0.0,5.0,3.0,26
fruits (6),z,1,6,train,0.0,5.0,1.0,26
fruits (1),m,1,6,train,0.0,9.0,2.0,26
fruits (4),z,1,6,train,0.0,5.0,2.0,26
fruits (3),z,1,6,train,0.0,10.0,3.0,26
fruits (6),z,1,6,train,0.0,4.0,2.0,26
fruits (5),m,1,6,train,0.0,7.0,3.0,26
fruits (2),m,1,6,train,0.0,7.0,4.0,26
fruits (3),z,1,6,train,0.0,4.0,4.0,26
fruits (4),z,1,6,train,0.0,6.0,3.0,26
fruits (1),m,1,6,train,0.0,8.0,3.0,26
fruits (6),z,1,6,train,0.0,6.0,3.0,26
fruits (3),z,1,6,train,0.0,4.0,5.0,26
fruits (4),z,1,6,train,0.0,4.0,4.0,26
fruits (1),m,1,6,train,0.0,4.0,4.0,26
fruits (2),m,1,6,train,0.0,8.0,5.0,26
fruits (5),m,1,6,train,0.0,10.0,4.0,26
fruits (2),m,1,6,train,0.0,2.0,6.0,26
fruits (3),z,1,6,train,0.0,6.0,6.0,26
fruits (5),m,1,6,train,0.0,3.0,5.0,26
fruits (4),z,1,6,train,0.0,7.0,5.0,26
fruits (1),m,1,6,train,0.0,7.0,5.0,26
fruits (6),z,1,6,train,0.0,11.0,4.0,26
fruits (2),m,1,6,train,0.0,6.0,7.0,26
fruits (1),m,1,6,train,0.0,3.0,6.0,26
fruits (4),z,1,6,train,0.0,5.0,6.0,26
fruits (3),z,1,6,train,0.0,8.0,7.0,26
fruits (5),m,1,6,train,0.0,8.0,6.0,26
fruits (6),z,1,6,train,0.0,6.0,5.0,26
fruits (3),z,1,6,train,0.0,3.0,8.0,26
fruits (2),m,1,6,train,0.0,7.0,8.0,26
fruits (6),z,1,6,train,0.0,3.0,6.0,26
fruits (1),m,1,6,train,0.0,8.0,7.0,26
fruits (4),z,1,6,train,0.0,8.0,7.0,26
fruits (5),m,1,6,train,0.0,7.0,7.0,26
fruits (2),m,1,6,train,0.0,5.0,9.0,26
fruits (6),z,1,6,train,0.0,5.0,7.0,26
fruits (3),z,1,6,train,0.0,8.0,9.0,26
fruits (1),m,1,6,train,0.0,6.0,8.0,26
fruits (4),z,1,6,train,0.0,6.0,8.0,26
fruits (5),m,1,6,train,0.0,6.0,8.0,26
fruits (3),z,1,6,train,0.0,4.0,10.0,26
fruits (5),m,1,6,train,0.0,2.0,9.0,26
fruits (2),m,1,6,train,0.0,8.0,10.0,26
fruits (6),z,1,6,train,0.0,8.0,8.0,26
fruits (1),m,1,6,train,0.0,7.0,9.0,26
fruits (4),z,1,6,train,0.0,7.0,9.0,26
fruits (5),m,1,6,train,0.0,5.0,10.0,26
fruits (2),m,1,6,train,0.0,5.0,11.0,26
fruits (1),m,1,6,train,0.0,4.0,10.0,26
fruits (4),z,1,6,train,0.0,4.0,10.0,26
fruits (3),z,1,6,train,0.0,10.0,11.0,26
fruits (6),z,1,6,train,0.0,8.0,9.0,26
fruits (5),m,1,6,train,0.0,6.0,11.0,26
fruits (1),m,1,6,train,0.0,5.0,11.0,26
fruits (2),m,1,6,train,0.0,7.0,12.0,26
fruits (4),z,1,6,train,0.0,6.0,11.0,26
fruits (3),z,1,6,train,0.0,6.0,12.0,26
fruits (6),z,1,6,train,0.0,6.0,10.0,26
tools (1),m,0,3,train,0.0,0.0,0.0,26
tools (2),m,0,3,train,0.0,0.0,0.0,26
tools (3),m,1,3,train,0.0,0.0,0.0,26
tools (1),z,1,3,train,0.0,0.0,0.0,26
tools (3),m,1,3,train,0.0,2.0,1.0,26
tools (2),z,1,3,train,0.0,0.0,0.0,26
tools (2),z,1,3,train,0.0,1.0,1.0,26
tools (3),m,1,3,train,0.0,3.0,2.0,26
tools (1),z,1,3,train,0.0,5.0,1.0,26
tools (1),z,1,3,train,0.0,1.0,2.0,26
tools (2),z,1,3,train,0.0,4.0,2.0,26
tools (3),m,1,3,train,0.0,4.0,3.0,26
tools (1),z,1,3,train,0.0,3.0,3.0,26
tools (3),m,1,3,train,0.0,2.0,4.0,26
tools (2),z,1,3,train,0.0,4.0,3.0,26
tools (2),z,1,3,train,0.0,1.0,4.0,26
tools (3),m,1,3,train,0.0,3.0,5.0,26
tools (1),z,1,3,train,0.0,5.0,4.0,26
tools (3),m,1,3,train,0.0,2.0,6.0,26
tools (2),z,1,3,train,0.0,4.0,5.0,26
tools (1),z,1,3,train,0.0,3.0,5.0,26
tools (1),m,0,3,train,1.0,1.0,6.0,26
tools (3),m,1,3,train,0.0,4.0,7.0,26
tools (2),z,1,3,train,0.0,4.0,6.0,26
tools (2),z,1,3,train,0.0,1.0,7.0,26
tools (3),m,1,3,train,0.0,3.0,8.0,26
tools (1),z,1,3,train,0.0,6.0,6.0,26
tools (3),m,1,3,train,0.0,2.0,9.0,26
tools (1),z,1,3,train,0.0,2.0,7.0,26
tools (2),z,1,3,train,0.0,5.0,8.0,26
tools (2),z,1,3,train,0.0,1.0,9.0,26
tools (3),m,1,3,train,0.0,4.0,10.0,26
tools (2),z,1,3,train,0.0,2.0,10.0,26
tools (1),z,1,3,train,0.0,5.0,8.0,26
tools (3),m,1,3,train,0.0,3.0,11.0,26
tools (1),z,1,3,train,0.0,2.0,9.0,26
clothes (6),m,0,6,train,0.0,0.0,0.0,26
clothes (1),m,1,6,train,0.0,0.0,0.0,26
clothes (5),z,0,6,train,0.0,0.0,0.0,26
clothes (4),m,0,6,train,0.0,0.0,0.0,26
clothes (2),m,1,6,train,0.0,0.0,0.0,26
clothes (3),z,1,6,train,0.0,0.0,0.0,26
clothes (3),z,1,6,train,0.0,1.0,1.0,26
clothes (6),z,1,6,train,0.0,0.0,0.0,26
clothes (4),z,1,6,train,0.0,0.0,0.0,26
clothes (5),z,0,6,train,1.0,0.0,0.0,26
clothes (1),m,1,6,train,0.0,9.0,1.0,26
clothes (2),z,0,6,train,0.0,7.0,1.0,26
clothes (1),m,1,6,train,0.0,2.0,2.0,26
clothes (3),z,1,6,train,0.0,7.0,2.0,26
clothes (2),m,1,6,train,0.0,10.0,1.0,26
clothes (6),z,1,6,train,0.0,8.0,1.0,26
clothes (5),m,1,6,train,0.0,0.0,0.0,26
clothes (4),m,0,6,train,1.0,9.0,1.0,26
clothes (5),m,1,6,train,0.0,2.0,1.0,26
clothes (2),m,1,6,train,0.0,5.0,2.0,26
clothes (6),z,1,6,train,0.0,5.0,2.0,26
clothes (1),m,1,6,train,0.0,9.0,3.0,26
clothes (4),z,1,6,train,0.0,14.0,1.0,26
clothes (3),z,1,6,train,0.0,10.0,3.0,26
clothes (6),z,1,6,train,0.0,4.0,3.0,26
clothes (5),m,1,6,train,0.0,7.0,2.0,26
clothes (2),m,1,6,train,0.0,7.0,3.0,26
clothes (3),z,1,6,train,0.0,4.0,4.0,26
clothes (4),z,1,6,train,0.0,6.0,2.0,26
clothes (1),m,1,6,train,0.0,8.0,4.0,26
clothes (6),z,1,6,train,0.0,6.0,4.0,26
clothes (3),z,1,6,train,0.0,4.0,5.0,26
clothes (4),z,1,6,train,0.0,4.0,3.0,26
clothes (1),m,1,6,train,0.0,4.0,5.0,26
clothes (2),m,1,6,train,0.0,8.0,4.0,26
clothes (5),m,1,6,train,0.0,10.0,3.0,26
clothes (2),m,1,6,train,0.0,2.0,5.0,26
clothes (3),z,1,6,train,0.0,6.0,6.0,26
clothes (5),m,1,6,train,0.0,3.0,4.0,26
clothes (4),z,1,6,train,0.0,7.0,4.0,26
clothes (1),m,1,6,train,0.0,7.0,6.0,26
clothes (6),z,1,6,train,0.0,11.0,5.0,26
clothes (2),m,1,6,train,0.0,6.0,6.0,26
clothes (1),m,1,6,train,0.0,3.0,7.0,26
clothes (4),z,1,6,train,0.0,5.0,5.0,26
clothes (3),z,1,6,train,0.0,8.0,7.0,26
clothes (5),m,1,6,train,0.0,8.0,5.0,26
clothes (6),z,1,6,train,0.0,6.0,6.0,26
clothes (3),z,1,6,train,0.0,3.0,8.0,26
clothes (2),m,1,6,train,0.0,7.0,7.0,26
clothes (6),z,1,6,train,0.0,3.0,7.0,26
clothes (1),m,1,6,train,0.0,8.0,8.0,26
clothes (4),z,1,6,train,0.0,8.0,6.0,26
clothes (5),m,1,6,train,0.0,7.0,6.0,26
clothes (2),m,1,6,train,0.0,5.0,8.0,26
clothes (6),z,1,6,train,0.0,5.0,8.0,26
clothes (3),z,1,6,train,0.0,8.0,9.0,26
clothes (1),m,1,6,train,0.0,6.0,9.0,26
clothes (4),z,1,6,train,0.0,6.0,7.0,26
clothes (5),m,1,6,train,0.0,6.0,7.0,26
clothes (3),z,1,6,train,0.0,4.0,10.0,26
clothes (5),m,1,6,train,0.0,2.0,8.0,26
clothes (2),m,1,6,train,0.0,8.0,9.0,26
clothes (6),z,1,6,train,0.0,8.0,9.0,26
clothes (1),m,1,6,train,0.0,7.0,10.0,26
clothes (4),z,1,6,train,0.0,7.0,8.0,26
clothes (5),m,1,6,train,0.0,5.0,9.0,26
clothes (2),m,1,6,train,0.0,5.0,10.0,26
clothes (1),m,1,6,train,0.0,4.0,11.0,26
clothes (4),z,1,6,train,0.0,4.0,9.0,26
clothes (3),z,1,6,train,0.0,10.0,11.0,26
clothes (6),z,1,6,train,0.0,8.0,10.0,26
clothes (5),m,1,6,train,0.0,6.0,10.0,26
clothes (1),m,1,6,train,0.0,5.0,12.0,26
clothes (2),m,1,6,train,0.0,7.0,11.0,26
clothes (4),z,1,6,train,0.0,6.0,10.0,26
clothes (3),z,1,6,train,0.0,6.0,12.0,26
clothes (6),z,1,6,train,0.0,6.0,11.0,26
face (1),m,0,3,train,0.0,0.0,0.0,26
face (2),m,0,3,train,0.0,0.0,0.0,26
face (3),z,0,3,train,0.0,0.0,0.0,26
face (1),z,1,3,train,0.0,0.0,0.0,26
face (3),z,0,3,train,1.0,0.0,0.0,26
face (2),z,1,3,train,0.0,0.0,0.0,26
face (2),z,1,3,train,0.0,1.0,1.0,26
face (3),m,1,3,train,0.0,0.0,0.0,26
face (1),z,1,3,train,0.0,5.0,1.0,26
face (1),z,1,3,train,0.0,1.0,2.0,26
face (2),z,1,3,train,0.0,4.0,2.0,26
face (3),m,1,3,train,0.0,4.0,1.0,26
face (1),z,1,3,train,0.0,3.0,3.0,26
face (3),m,1,3,train,0.0,2.0,2.0,26
face (2),z,1,3,train,0.0,4.0,3.0,26
face (2),z,1,3,train,0.0,1.0,4.0,26
face (3),m,1,3,train,0.0,3.0,3.0,26
face (1),z,1,3,train,0.0,5.0,4.0,26
face (3),m,1,3,train,0.0,2.0,4.0,26
face (2),z,1,3,train,0.0,4.0,5.0,26
face (1),z,1,3,train,0.0,3.0,5.0,26
face (1),z,1,3,train,0.0,1.0,6.0,26
face (3),m,1,3,train,0.0,4.0,5.0,26
face (2),z,1,3,train,0.0,4.0,6.0,26
face (2),z,1,3,train,0.0,1.0,7.0,26
face (3),m,1,3,train,0.0,3.0,6.0,26
face (1),z,1,3,train,0.0,5.0,7.0,26
face (3),m,1,3,train,0.0,2.0,7.0,26
face (1),z,1,3,train,0.0,2.0,8.0,26
face (2),z,1,3,train,0.0,5.0,8.0,26
face (2),z,1,3,train,0.0,1.0,9.0,26
face (3),m,1,3,train,0.0,4.0,8.0,26
face (2),z,1,3,train,0.0,2.0,10.0,26
face (1),z,1,3,train,0.0,5.0,9.0,26
face (3),m,1,3,train,0.0,3.0,9.0,26
face (1),z,1,3,train,0.0,2.0,10.0,26
color (6),z,1,6,train,0.0,0.0,0.0,26
color (1),m,1,6,train,0.0,0.0,0.0,26
color (5),z,0,6,train,0.0,0.0,0.0,26
color (4),m,0,6,train,0.0,0.0,0.0,26
color (2),m,1,6,train,0.0,0.0,0.0,26
color (3),z,1,6,train,0.0,0.0,0.0,26
color (3),z,1,6,train,0.0,1.0,1.0,26
color (6),z,1,6,train,0.0,7.0,1.0,26
color (4),m,0,6,train,1.0,0.0,0.0,26
color (5),z,0,6,train,1.0,0.0,0.0,26
color (1),m,1,6,train,0.0,9.0,1.0,26
color (2),z,0,6,train,0.0,7.0,1.0,26
color (1),m,1,6,train,0.0,2.0,2.0,26
color (3),z,1,6,train,0.0,7.0,2.0,26
color (2),m,1,6,train,0.0,10.0,1.0,26
color (6),z,1,6,train,0.0,8.0,2.0,26
color (5),m,1,6,train,0.0,0.0,0.0,26
color (4),m,0,6,train,1.0,0.0,0.0,26
color (5),m,1,6,train,0.0,2.0,1.0,26
color (2),z,0,6,train,1.0,5.0,2.0,26
color (6),z,1,6,train,0.0,5.0,3.0,26
color (1),m,1,6,train,0.0,9.0,3.0,26
color (4),m,0,6,train,1.0,0.0,0.0,26
color (3),z,1,6,train,0.0,10.0,3.0,26
color (6),z,1,6,train,0.0,4.0,4.0,26
color (5),m,1,6,train,0.0,7.0,2.0,26
color (2),m,1,6,train,0.0,12.0,2.0,26
color (3),z,1,6,train,0.0,4.0,4.0,26
color (4),m,0,6,train,1.0,0.0,0.0,26
color (1),m,1,6,train,0.0,8.0,4.0,26
color (6),z,1,6,train,0.0,6.0,5.0,26
color (3),z,1,6,train,0.0,4.0,5.0,26
color (4),z,1,6,train,0.0,0.0,0.0,26
color (1),m,1,6,train,0.0,4.0,5.0,26
color (2),z,0,6,train,1.0,8.0,3.0,26
color (5),z,0,6,train,1.0,10.0,3.0,26
color (2),z,0,6,train,1.0,10.0,3.0,26
color (3),z,1,6,train,0.0,6.0,6.0,26
color (5),m,1,6,train,0.0,13.0,3.0,26
color (4),z,1,6,train,0.0,7.0,1.0,26
color (1),m,1,6,train,0.0,7.0,6.0,26
color (6),z,1,6,train,0.0,11.0,6.0,26
color (2),m,1,6,train,0.0,16.0,3.0,26
color (1),m,1,6,train,0.0,3.0,7.0,26
color (4),z,1,6,train,0.0,5.0,2.0,26
color (3),m,0,6,train,0.0,8.0,7.0,26
color (5),m,1,6,train,0.0,8.0,4.0,26
color (6),z,1,6,train,0.0,6.0,7.0,26
color (3),z,1,6,train,0.0,11.0,7.0,26
color (2),z,0,6,train,1.0,7.0,4.0,26
color (6),z,1,6,train,0.0,3.0,8.0,26
color (1),m,1,6,train,0.0,8.0,8.0,26
color (4),z,1,6,train,0.0,8.0,3.0,26
color (5),m,1,6,train,0.0,7.0,5.0,26
color (2),m,1,6,train,0.0,12.0,4.0,26
color (6),z,1,6,train,0.0,5.0,9.0,26
color (3),z,1,6,train,0.0,8.0,8.0,26
color (1),m,1,6,train,0.0,6.0,9.0,26
color (4),z,1,6,train,0.0,6.0,4.0,26
color (5),m,1,6,train,0.0,6.0,6.0,26
color (3),z,1,6,train,0.0,4.0,9.0,26
color (5),m,1,6,train,0.0,2.0,7.0,26
color (2),m,1,6,train,0.0,8.0,5.0,26
color (6),z,1,6,train,0.0,8.0,10.0,26
color (1),m,1,6,train,0.0,7.0,10.0,26
color (4),z,1,6,train,0.0,7.0,5.0,26
color (5),m,1,6,train,0.0,5.0,8.0,26
color (2),m,1,6,train,0.0,5.0,6.0,26
color (1),m,1,6,train,0.0,4.0,11.0,26
color (4),z,1,6,train,0.0,4.0,6.0,26
color (3),z,1,6,train,0.0,10.0,10.0,26
color (6),z,1,6,train,0.0,8.0,11.0,26
color (5),m,1,6,train,0.0,6.0,9.0,26
color (1),m,1,6,train,0.0,5.0,12.0,26
color (2),m,1,6,train,0.0,7.0,7.0,26
color (4),z,1,6,train,0.0,6.0,7.0,26
color (3),z,1,6,train,0.0,6.0,11.0,26
color (6),z,1,6,train,0.0,6.0,12.0,26
symbol (1),z,0,3,train,0.0,0.0,0.0,26
symbol (2),m,1,3,train,0.0,0.0,0.0,26
symbol (3),m,0,3,train,0.0,0.0,0.0,26
symbol (1),z,0,3,train,1.0,0.0,0.0,26
symbol (3),m,0,3,train,1.0,0.0,0.0,26
symbol (2),z,0,3,train,0.0,4.0,1.0,26
symbol (2),m,1,3,train,0.0,5.0,1.0,26
symbol (3),z,1,3,train,0.0,0.0,0.0,26
symbol (1),z,0,3,train,1.0,0.0,0.0,26
symbol (1),m,1,3,train,0.0,0.0,0.0,26
symbol (2),m,1,3,train,0.0,4.0,2.0,26
symbol (3),z,1,3,train,0.0,4.0,1.0,26
symbol (1),m,1,3,train,0.0,3.0,1.0,26
symbol (3),z,1,3,train,0.0,2.0,2.0,26
symbol (2),m,1,3,train,0.0,4.0,3.0,26
symbol (2),m,1,3,train,0.0,1.0,4.0,26
symbol (3),z,1,3,train,0.0,3.0,3.0,26
symbol (1),m,1,3,train,0.0,5.0,2.0,26
symbol (3),z,1,3,train,0.0,2.0,4.0,26
symbol (2),m,1,3,train,0.0,4.0,5.0,26
symbol (1),m,1,3,train,0.0,3.0,3.0,26
symbol (1),m,1,3,train,0.0,1.0,4.0,26
symbol (3),z,1,3,train,0.0,4.0,5.0,26
symbol (2),m,1,3,train,0.0,4.0,6.0,26
symbol (2),m,1,3,train,0.0,1.0,7.0,26
symbol (3),z,1,3,train,0.0,3.0,6.0,26
symbol (1),m,1,3,train,0.0,5.0,5.0,26
symbol (3),z,1,3,train,0.0,2.0,7.0,26
symbol (1),m,1,3,train,0.0,2.0,6.0,26
symbol (2),m,1,3,train,0.0,5.0,8.0,26
symbol (2),m,1,3,train,0.0,1.0,9.0,26
symbol (3),z,1,3,train,0.0,4.0,8.0,26
symbol (2),m,1,3,train,0.0,2.0,10.0,26
symbol (1),z,0,3,train,1.0,5.0,7.0,26
symbol (3),z,1,3,train,0.0,3.0,9.0,26
symbol (1),m,1,3,train,0.0,7.0,7.0,26
environment (6),z,1,6,train,0.0,0.0,0.0,26
environment (1),m,1,6,train,0.0,0.0,0.0,26
environment (5),m,1,6,train,0.0,0.0,0.0,26
environment (4),z,1,6,train,0.0,0.0,0.0,26
environment (2),z,0,6,train,0.0,0.0,0.0,26
environment (3),m,0,6,train,0.0,0.0,0.0,26
environment (3),z,1,6,train,0.0,0.0,0.0,26
environment (6),z,1,6,train,0.0,7.0,1.0,26
environment (4),m,0,6,train,0.0,5.0,1.0,26
environment (5),m,1,6,train,0.0,7.0,1.0,26
environment (1),m,1,6,train,0.0,9.0,1.0,26
environment (2),z,0,6,train,1.0,0.0,0.0,26
environment (1),m,1,6,train,0.0,2.0,2.0,26
environment (3),m,0,6,train,1.0,7.0,1.0,26
environment (2),z,0,6,train,1.0,0.0,0.0,26
environment (6),z,1,6,train,0.0,8.0,2.0,26
environment (5),m,1,6,train,0.0,7.0,2.0,26
environment (4),z,1,6,train,0.0,14.0,1.0,26
environment (5),m,1,6,train,0.0,2.0,3.0,26
environment (2),z,0,6,train,1.0,0.0,0.0,26
environment (6),z,1,6,train,0.0,5.0,3.0,26
environment (1),m,1,6,train,0.0,9.0,3.0,26
environment (4),m,0,6,train,1.0,5.0,2.0,26
environment (3),m,0,6,train,1.0,17.0,1.0,26
environment (6),z,1,6,train,0.0,4.0,4.0,26
environment (5),m,1,6,train,0.0,7.0,4.0,26
environment (2),z,0,6,train,1.0,0.0,0.0,26
environment (3),m,0,6,train,1.0,21.0,1.0,26
environment (4),m,0,6,train,1.0,11.0,2.0,26
environment (1),m,1,6,train,0.0,8.0,4.0,26
environment (6),z,1,6,train,0.0,6.0,5.0,26
environment (3),m,0,6,train,1.0,25.0,1.0,26
environment (4),z,1,6,train,0.0,15.0,2.0,26
environment (1),m,1,6,train,0.0,4.0,5.0,26
environment (2),m,1,6,train,0.0,0.0,0.0,26
environment (5),m,1,6,train,0.0,10.0,5.0,26
environment (2),z,0,6,train,1.0,2.0,1.0,26
environment (3),z,1,6,train,0.0,31.0,1.0,26
environment (5),m,1,6,train,0.0,3.0,6.0,26
environment (4),z,1,6,train,0.0,7.0,3.0,26
environment (1),m,1,6,train,0.0,7.0,6.0,26
environment (6),z,1,6,train,0.0,11.0,6.0,26
environment (2),m,1,6,train,0.0,8.0,1.0,26
environment (1),z,0,6,train,0.0,3.0,7.0,26
environment (4),m,0,6,train,1.0,5.0,4.0,26
environment (3),m,0,6,train,1.0,8.0,2.0,26
environment (5),m,1,6,train,0.0,8.0,7.0,26
environment (6),z,1,6,train,0.0,6.0,7.0,26
environment (3),z,1,6,train,0.0,11.0,2.0,26
environment (2),z,0,6,train,1.0,7.0,2.0,26
environment (6),z,1,6,train,0.0,3.0,8.0,26
environment (1),m,1,6,train,0.0,11.0,7.0,26
environment (4),z,1,6,train,0.0,13.0,4.0,26
environment (5),m,1,6,train,0.0,7.0,8.0,26
environment (2),z,0,6,train,1.0,12.0,2.0,26
environment (6),z,1,6,train,0.0,5.0,9.0,26
environment (3),z,1,6,train,0.0,8.0,3.0,26
environment (1),m,1,6,train,0.0,6.0,8.0,26
environment (4),z,1,6,train,0.0,6.0,5.0,26
environment (5),m,1,6,train,0.0,6.0,9.0,26
environment (3),z,1,6,train,0.0,4.0,4.0,26
environment (5),m,1,6,train,0.0,2.0,10.0,26
environment (2),m,1,6,train,0.0,20.0,2.0,26
environment (6),z,1,6,train,0.0,8.0,10.0,26
environment (1),m,1,6,train,0.0,7.0,9.0,26
environment (4),z,1,6,train,0.0,7.0,6.0,26
environment (5),m,1,6,train,0.0,5.0,11.0,26
environment (2),m,1,6,train,0.0,5.0,3.0,26
environment (1),m,1,6,train,0.0,4.0,10.0,26
environment (4),z,1,6,train,0.0,4.0,7.0,26
environment (3),z,1,6,train,0.0,10.0,5.0,26
environment (6),z,1,6,train,0.0,8.0,11.0,26
environment (5),m,1,6,train,0.0,6.0,12.0,26
environment (1),m,1,6,train,0.0,5.0,11.0,26
environment (2),m,1,6,train,0.0,7.0,4.0,26
environment (4),z,1,6,train,0.0,6.0,8.0,26
environment (3),z,1,6,train,0.0,6.0,6.0,26
environment (6),z,1,6,train,0.0,6.0,12.0,26
vehicle (1),z,0,3,train,0.0,0.0,0.0,26
vehicle (2),m,1,3,train,0.0,0.0,0.0,26
vehicle (3),m,0,3,train,0.0,0.0,0.0,26
vehicle (1),m,1,3,train,0.0,0.0,0.0,26
vehicle (3),z,1,3,train,0.0,0.0,0.0,26
vehicle (2),m,1,3,train,0.0,4.0,1.0,26
vehicle (2),m,1,3,train,0.0,1.0,2.0,26
vehicle (3),z,1,3,train,0.0,3.0,1.0,26
vehicle (1),m,1,3,train,0.0,5.0,1.0,26
vehicle (1),m,1,3,train,0.0,1.0,2.0,26
vehicle (2),m,1,3,train,0.0,4.0,3.0,26
vehicle (3),z,1,3,train,0.0,4.0,2.0,26
vehicle (1),m,1,3,train,0.0,3.0,3.0,26
vehicle (3),z,1,3,train,0.0,2.0,3.0,26
vehicle (2),m,1,3,train,0.0,4.0,4.0,26
vehicle (2),m,1,3,train,0.0,1.0,5.0,26
vehicle (3),z,1,3,train,0.0,3.0,4.0,26
vehicle (1),m,1,3,train,0.0,5.0,4.0,26
vehicle (3),z,1,3,train,0.0,2.0,5.0,26
vehicle (2),m,1,3,train,0.0,4.0,6.0,26
vehicle (1),m,1,3,train,0.0,3.0,5.0,26
vehicle (1),m,1,3,train,0.0,1.0,6.0,26
vehicle (3),z,1,3,train,0.0,4.0,6.0,26
vehicle (2),m,1,3,train,0.0,4.0,7.0,26
vehicle (2),z,0,3,train,0.0,1.0,8.0,26
vehicle (3),z,1,3,train,0.0,3.0,7.0,26
vehicle (1),m,1,3,train,0.0,5.0,7.0,26
vehicle (3),z,1,3,train,0.0,2.0,8.0,26
vehicle (1),m,1,3,train,0.0,2.0,8.0,26
vehicle (2),m,1,3,train,0.0,6.0,8.0,26
vehicle (2),m,1,3,train,0.0,1.0,9.0,26
vehicle (3),z,1,3,train,0.0,4.0,9.0,26
vehicle (2),m,1,3,train,0.0,2.0,10.0,26
vehicle (1),m,1,3,train,0.0,5.0,9.0,26
vehicle (3),z,1,3,train,0.0,3.0,10.0,26
vehicle (1),m,1,3,train,0.0,2.0,10.0,26
instrument (1),m,1,3,train,0.0,0.0,0.0,26
instrument (2),m,1,3,train,0.0,0.0,0.0,26
instrument (3),z,1,3,train,0.0,0.0,0.0,26
instrument (1),m,1,3,train,0.0,3.0,1.0,26
instrument (3),z,1,3,train,0.0,2.0,1.0,26
instrument (2),m,1,3,train,0.0,4.0,1.0,26
instrument (2),m,1,3,train,0.0,1.0,2.0,26
instrument (3),z,1,3,train,0.0,3.0,2.0,26
instrument (1),m,1,3,train,0.0,5.0,2.0,26
instrument (1),m,1,3,train,0.0,1.0,3.0,26
instrument (2),m,1,3,train,0.0,4.0,3.0,26
instrument (3),z,1,3,train,0.0,4.0,3.0,26
instrument (1),m,1,3,train,0.0,3.0,4.0,26
instrument (3),z,1,3,train,0.0,2.0,4.0,26
instrument (2),m,1,3,train,0.0,4.0,4.0,26
instrument (2),m,1,3,train,0.0,1.0,5.0,26
instrument (3),m,0,3,train,0.0,3.0,5.0,26
instrument (1),m,1,3,train,0.0,5.0,5.0,26
instrument (3),z,1,3,train,0.0,5.0,5.0,26
instrument (2),m,1,3,train,0.0,4.0,6.0,26
instrument (1),m,1,3,train,0.0,3.0,6.0,26
instrument (1),m,1,3,train,0.0,1.0,7.0,26
instrument (3),z,1,3,train,0.0,4.0,6.0,26
instrument (2),m,1,3,train,0.0,4.0,7.0,26
instrument (2),m,1,3,train,0.0,1.0,8.0,26
instrument (3),z,1,3,train,0.0,3.0,7.0,26
instrument (1),m,1,3,train,0.0,5.0,8.0,26
instrument (3),z,1,3,train,0.0,2.0,8.0,26
instrument (1),m,1,3,train,0.0,2.0,9.0,26
instrument (2),m,1,3,train,0.0,5.0,9.0,26
instrument (2),m,1,3,train,0.0,1.0,10.0,26
instrument (3),z,1,3,train,0.0,4.0,9.0,26
instrument (2),m,1,3,train,0.0,2.0,11.0,26
instrument (1),m,1,3,train,0.0,5.0,10.0,26
instrument (3),z,1,3,train,0.0,3.0,10.0,26
instrument (1),m,1,3,train,0.0,2.0,11.0,26
jungle2,m,0,3,train,0.0,0.0,0.0,27
jungle1,m,0,3,train,0.0,0.0,0.0,27
jungle3,m,1,3,train,0.0,0.0,0.0,27
jungle1,m,0,3,train,1.0,0.0,0.0,27
jungle3,z,0,3,train,0.0,2.0,1.0,27
jungle2,z,1,3,train,0.0,0.0,0.0,27
jungle3,m,1,3,train,0.0,4.0,1.0,27
jungle2,z,1,3,train,0.0,2.0,1.0,27
jungle1,z,1,3,train,0.0,0.0,0.0,27
jungle1,z,1,3,train,0.0,1.0,1.0,27
jungle2,m,0,3,train,1.0,3.0,2.0,27
jungle3,z,0,3,train,1.0,5.0,2.0,27
jungle3,m,1,3,train,0.0,6.0,2.0,27
jungle1,m,0,3,train,1.0,4.0,2.0,27
jungle2,m,0,3,train,1.0,7.0,2.0,27
jungle3,z,0,3,train,1.0,3.0,3.0,27
jungle1,z,1,3,train,0.0,7.0,2.0,27
jungle2,z,1,3,train,0.0,10.0,2.0,27
jungle1,z,1,3,train,0.0,2.0,3.0,27
jungle3,m,1,3,train,0.0,7.0,3.0,27
jungle2,z,1,3,train,0.0,3.0,3.0,27
jungle3,z,0,3,train,1.0,2.0,4.0,27
jungle2,z,1,3,train,0.0,2.0,4.0,27
jungle1,m,0,3,train,1.0,5.0,4.0,27
jungle2,z,1,3,train,0.0,2.0,5.0,27
jungle3,m,1,3,train,0.0,6.0,4.0,27
jungle1,m,0,3,train,1.0,8.0,4.0,27
jungle1,z,1,3,train,0.0,9.0,4.0,27
jungle2,z,1,3,train,0.0,4.0,6.0,27
jungle3,m,1,3,train,0.0,4.0,5.0,27
jungle2,z,1,3,train,0.0,2.0,7.0,27
jungle3,m,1,3,train,0.0,2.0,6.0,27
jungle1,z,1,3,train,0.0,5.0,5.0,27
jungle2,z,1,3,train,0.0,3.0,8.0,27
jungle1,z,1,3,train,0.0,2.0,6.0,27
jungle3,z,0,3,train,1.0,4.0,7.0,27
vegan (6),m,0,6,train,0.0,0.0,0.0,27
vegan (1),m,1,6,train,0.0,0.0,0.0,27
vegan (5),m,1,6,train,0.0,0.0,0.0,27
vegan (4),m,0,6,train,0.0,0.0,0.0,27
vegan (2),m,1,6,train,0.0,0.0,0.0,27
vegan (3),m,0,6,train,0.0,0.0,0.0,27
vegan (3),z,1,6,train,0.0,0.0,0.0,27
vegan (6),z,1,6,train,0.0,0.0,0.0,27
vegan (4),m,0,6,train,1.0,0.0,0.0,27
vegan (5),z,0,6,train,0.0,7.0,1.0,27
vegan (1),z,0,6,train,0.0,9.0,1.0,27
vegan (2),z,0,6,train,0.0,7.0,1.0,27
vegan (1),z,0,6,train,1.0,11.0,1.0,27
vegan (3),m,0,6,train,1.0,7.0,1.0,27
vegan (2),z,0,6,train,1.0,10.0,1.0,27
vegan (6),m,0,6,train,1.0,8.0,1.0,27
vegan (5),m,1,6,train,0.0,14.0,1.0,27
vegan (4),m,0,6,train,1.0,0.0,0.0,27
vegan (5),z,0,6,train,1.0,2.0,2.0,27
vegan (2),m,1,6,train,0.0,15.0,1.0,27
vegan (6),m,0,6,train,1.0,13.0,1.0,27
vegan (1),z,0,6,train,1.0,20.0,1.0,27
vegan (4),m,0,6,train,1.0,0.0,0.0,27
vegan (3),m,0,6,train,1.0,17.0,1.0,27
vegan (6),z,1,6,train,0.0,17.0,1.0,27
vegan (5),z,0,6,train,1.0,9.0,2.0,27
vegan (2),z,0,6,train,1.0,7.0,2.0,27
vegan (3),m,0,6,train,1.0,21.0,1.0,27
vegan (4),z,1,6,train,0.0,0.0,0.0,27
vegan (1),z,0,6,train,1.0,28.0,1.0,27
vegan (6),m,0,6,train,1.0,6.0,2.0,27
vegan (3),m,0,6,train,1.0,25.0,1.0,27
vegan (4),z,1,6,train,0.0,4.0,1.0,27
vegan (1),z,0,6,train,1.0,32.0,1.0,27
vegan (2),m,1,6,train,0.0,15.0,2.0,27
vegan (5),m,1,6,train,0.0,19.0,2.0,27
vegan (2),m,1,6,train,0.0,2.0,3.0,27
vegan (3),m,0,6,train,1.0,31.0,1.0,27
vegan (5),z,0,6,train,1.0,3.0,3.0,27
vegan (4),z,1,6,train,0.0,7.0,2.0,27
vegan (1),m,1,6,train,0.0,39.0,1.0,27
vegan (6),m,0,6,train,1.0,17.0,2.0,27
vegan (2),m,1,6,train,0.0,6.0,4.0,27
vegan (1),m,1,6,train,0.0,3.0,2.0,27
vegan (4),z,1,6,train,0.0,5.0,3.0,27
vegan (3),m,0,6,train,1.0,39.0,1.0,27
vegan (5),m,1,6,train,0.0,11.0,3.0,27
vegan (6),m,0,6,train,1.0,23.0,2.0,27
vegan (3),m,0,6,train,1.0,42.0,1.0,27
vegan (2),z,0,6,train,1.0,7.0,5.0,27
vegan (6),m,0,6,train,1.0,26.0,2.0,27
vegan (1),m,1,6,train,0.0,8.0,3.0,27
vegan (4),z,1,6,train,0.0,8.0,4.0,27
vegan (5),z,0,6,train,1.0,7.0,4.0,27
vegan (2),z,0,6,train,1.0,12.0,5.0,27
vegan (6),z,1,6,train,0.0,31.0,2.0,27
vegan (3),z,1,6,train,0.0,50.0,1.0,27
vegan (1),z,0,6,train,1.0,6.0,4.0,27
vegan (4),z,1,6,train,0.0,6.0,5.0,27
vegan (5),m,1,6,train,0.0,13.0,4.0,27
vegan (3),z,1,6,train,0.0,4.0,2.0,27
vegan (5),m,1,6,train,0.0,2.0,5.0,27
vegan (2),m,1,6,train,0.0,20.0,5.0,27
vegan (6),z,1,6,train,0.0,8.0,3.0,27
vegan (1),m,1,6,train,0.0,13.0,4.0,27
vegan (4),z,1,6,train,0.0,7.0,6.0,27
vegan (5),z,0,6,train,1.0,5.0,6.0,27
vegan (2),m,1,6,train,0.0,5.0,6.0,27
vegan (1),m,1,6,train,0.0,4.0,5.0,27
vegan (4),z,1,6,train,0.0,4.0,7.0,27
vegan (3),z,1,6,train,0.0,10.0,3.0,27
vegan (6),z,1,6,train,0.0,8.0,4.0,27
vegan (5),m,1,6,train,0.0,11.0,6.0,27
vegan (1),m,1,6,train,0.0,5.0,6.0,27
vegan (2),m,1,6,train,0.0,7.0,7.0,27
vegan (4),z,1,6,train,0.0,6.0,8.0,27
vegan (3),z,1,6,train,0.0,6.0,4.0,27
vegan (6),m,0,6,train,1.0,6.0,5.0,27
animal (1),m,0,3,train,0.0,0.0,0.0,27
animal (2),m,0,3,train,0.0,0.0,0.0,27
animal (3),m,1,3,train,0.0,0.0,0.0,27
animal (1),z,1,3,train,0.0,0.0,0.0,27
animal (3),z,0,3,train,0.0,2.0,1.0,27
animal (2),z,1,3,train,0.0,0.0,0.0,27
animal (2),z,1,3,train,0.0,1.0,1.0,27
animal (3),m,1,3,train,0.0,5.0,1.0,27
animal (1),z,1,3,train,0.0,5.0,1.0,27
animal (1),z,1,3,train,0.0,1.0,2.0,27
animal (2),z,1,3,train,0.0,4.0,2.0,27
animal (3),m,1,3,train,0.0,4.0,2.0,27
animal (1),z,1,3,train,0.0,3.0,3.0,27
animal (3),z,0,3,train,1.0,2.0,3.0,27
animal (2),z,1,3,train,0.0,4.0,3.0,27
animal (2),z,1,3,train,0.0,1.0,4.0,27
animal (3),m,1,3,train,0.0,5.0,3.0,27
animal (1),z,1,3,train,0.0,5.0,4.0,27
animal (3),m,1,3,train,0.0,2.0,4.0,27
animal (2),z,1,3,train,0.0,4.0,5.0,27
animal (1),z,1,3,train,0.0,3.0,5.0,27
animal (1),z,1,3,train,0.0,1.0,6.0,27
animal (3),m,1,3,train,0.0,4.0,5.0,27
animal (2),z,1,3,train,0.0,4.0,6.0,27
animal (2),z,1,3,train,0.0,1.0,7.0,27
animal (3),m,1,3,train,0.0,3.0,6.0,27
animal (1),z,1,3,train,0.0,5.0,7.0,27
animal (3),m,1,3,train,0.0,2.0,7.0,27
animal (1),z,1,3,train,0.0,2.0,8.0,27
animal (2),z,1,3,train,0.0,5.0,8.0,27
animal (2),z,1,3,train,0.0,1.0,9.0,27
animal (3),m,1,3,train,0.0,4.0,8.0,27
animal (2),z,1,3,train,0.0,2.0,10.0,27
animal (1),z,1,3,train,0.0,5.0,9.0,27
animal (3),m,1,3,train,0.0,3.0,9.0,27
animal (1),z,1,3,train,0.0,2.0,10.0,27
fruits (6),m,0,6,train,0.0,0.0,0.0,27
fruits (1),m,1,6,train,0.0,0.0,0.0,27
fruits (5),m,1,6,train,0.0,0.0,0.0,27
fruits (4),m,0,6,train,0.0,0.0,0.0,27
fruits (2),m,1,6,train,0.0,0.0,0.0,27
fruits (3),m,0,6,train,0.0,0.0,0.0,27
fruits (3),z,1,6,train,0.0,0.0,0.0,27
fruits (6),z,1,6,train,0.0,0.0,0.0,27
fruits (4),z,1,6,train,0.0,0.0,0.0,27
fruits (5),z,0,6,train,0.0,7.0,1.0,27
fruits (1),z,0,6,train,0.0,9.0,1.0,27
fruits (2),z,0,6,train,0.0,7.0,1.0,27
fruits (1),z,0,6,train,1.0,11.0,1.0,27
fruits (3),z,1,6,train,0.0,7.0,1.0,27
fruits (2),m,1,6,train,0.0,10.0,1.0,27
fruits (6),m,0,6,train,1.0,8.0,1.0,27
fruits (5),m,1,6,train,0.0,14.0,1.0,27
fruits (4),m,0,6,train,1.0,9.0,1.0,27
fruits (5),m,1,6,train,0.0,2.0,2.0,27
fruits (2),z,0,6,train,1.0,5.0,2.0,27
fruits (6),z,1,6,train,0.0,13.0,1.0,27
fruits (1),z,0,6,train,1.0,20.0,1.0,27
fruits (4),m,0,6,train,1.0,14.0,1.0,27
fruits (3),z,1,6,train,0.0,10.0,2.0,27
fruits (6),z,1,6,train,0.0,4.0,2.0,27
fruits (5),m,1,6,train,0.0,7.0,3.0,27
fruits (2),m,1,6,train,0.0,12.0,2.0,27
fruits (3),m,0,6,train,1.0,4.0,3.0,27
fruits (4),z,1,6,train,0.0,20.0,1.0,27
fruits (1),m,1,6,train,0.0,28.0,1.0,27
fruits (6),z,1,6,train,0.0,6.0,3.0,27
fruits (3),z,1,6,train,0.0,8.0,3.0,27
fruits (4),m,0,6,train,1.0,4.0,2.0,27
fruits (1),z,0,6,train,1.0,4.0,2.0,27
fruits (2),m,1,6,train,0.0,8.0,3.0,27
fruits (5),m,1,6,train,0.0,10.0,4.0,27
fruits (2),m,1,6,train,0.0,2.0,4.0,27
fruits (3),m,0,6,train,1.0,6.0,4.0,27
fruits (5),m,1,6,train,0.0,3.0,5.0,27
fruits (4),z,1,6,train,0.0,11.0,2.0,27
fruits (1),m,1,6,train,0.0,11.0,2.0,27
fruits (6),z,1,6,train,0.0,11.0,4.0,27
fruits (2),z,0,6,train,1.0,6.0,5.0,27
fruits (1),m,1,6,train,0.0,3.0,3.0,27
fruits (4),z,1,6,train,0.0,5.0,3.0,27
fruits (3),z,1,6,train,0.0,14.0,4.0,27
fruits (5),m,1,6,train,0.0,8.0,6.0,27
fruits (6),z,1,6,train,0.0,6.0,5.0,27
fruits (3),z,1,6,train,0.0,3.0,5.0,27
fruits (2),z,0,6,train,1.0,13.0,5.0,27
fruits (6),z,1,6,train,0.0,3.0,6.0,27
fruits (1),z,0,6,train,1.0,8.0,4.0,27
fruits (4),z,1,6,train,0.0,8.0,4.0,27
fruits (5),m,1,6,train,0.0,7.0,7.0,27
fruits (2),m,1,6,train,0.0,18.0,5.0,27
fruits (6),z,1,6,train,0.0,5.0,7.0,27
fruits (3),z,1,6,train,0.0,8.0,6.0,27
fruits (1),m,1,6,train,0.0,14.0,4.0,27
fruits (4),z,1,6,train,0.0,6.0,5.0,27
fruits (5),m,1,6,train,0.0,6.0,8.0,27
fruits (3),m,0,6,train,1.0,4.0,7.0,27
fruits (5),m,1,6,train,0.0,2.0,9.0,27
fruits (2),m,1,6,train,0.0,8.0,6.0,27
fruits (6),z,1,6,train,0.0,8.0,8.0,27
fruits (1),m,1,6,train,0.0,7.0,5.0,27
fruits (4),z,1,6,train,0.0,7.0,6.0,27
fruits (5),m,1,6,train,0.0,5.0,10.0,27
fruits (2),m,1,6,train,0.0,5.0,7.0,27
fruits (1),m,1,6,train,0.0,4.0,6.0,27
fruits (4),z,1,6,train,0.0,4.0,7.0,27
fruits (3),z,1,6,train,0.0,14.0,7.0,27
fruits (6),z,1,6,train,0.0,8.0,9.0,27
fruits (5),m,1,6,train,0.0,6.0,11.0,27
fruits (1),m,1,6,train,0.0,5.0,7.0,27
fruits (2),m,1,6,train,0.0,7.0,8.0,27
fruits (4),z,1,6,train,0.0,6.0,8.0,27
fruits (3),z,1,6,train,0.0,6.0,8.0,27
fruits (6),z,1,6,train,0.0,6.0,10.0,27
tools (1),m,0,3,train,0.0,0.0,0.0,27
tools (2),m,0,3,train,0.0,0.0,0.0,27
tools (3),m,1,3,train,0.0,0.0,0.0,27
tools (1),z,1,3,train,0.0,0.0,0.0,27
tools (3),z,0,3,train,0.0,2.0,1.0,27
tools (2),z,1,3,train,0.0,0.0,0.0,27
tools (2),z,1,3,train,0.0,1.0,1.0,27
tools (3),m,1,3,train,0.0,5.0,1.0,27
tools (1),z,1,3,train,0.0,5.0,1.0,27
tools (1),z,1,3,train,0.0,1.0,2.0,27
tools (2),z,1,3,train,0.0,4.0,2.0,27
tools (3),m,1,3,train,0.0,4.0,2.0,27
tools (1),z,1,3,train,0.0,3.0,3.0,27
tools (3),m,1,3,train,0.0,2.0,3.0,27
tools (2),z,1,3,train,0.0,4.0,3.0,27
tools (2),z,1,3,train,0.0,1.0,4.0,27
tools (3),m,1,3,train,0.0,3.0,4.0,27
tools (1),z,1,3,train,0.0,5.0,4.0,27
tools (3),m,1,3,train,0.0,2.0,5.0,27
tools (2),z,1,3,train,0.0,4.0,5.0,27
tools (1),z,1,3,train,0.0,3.0,5.0,27
tools (1),z,1,3,train,0.0,1.0,6.0,27
tools (3),m,1,3,train,0.0,4.0,6.0,27
tools (2),z,1,3,train,0.0,4.0,6.0,27
tools (2),z,1,3,train,0.0,1.0,7.0,27
tools (3),m,1,3,train,0.0,3.0,7.0,27
tools (1),z,1,3,train,0.0,5.0,7.0,27
tools (3),m,1,3,train,0.0,2.0,8.0,27
tools (1),z,1,3,train,0.0,2.0,8.0,27
tools (2),z,1,3,train,0.0,5.0,8.0,27
tools (2),z,1,3,train,0.0,1.0,9.0,27
tools (3),m,1,3,train,0.0,4.0,9.0,27
tools (2),z,1,3,train,0.0,2.0,10.0,27
tools (1),z,1,3,train,0.0,5.0,9.0,27
tools (3),m,1,3,train,0.0,3.0,10.0,27
tools (1),z,1,3,train,0.0,2.0,10.0,27
clothes (6),m,0,6,train,0.0,0.0,0.0,27
clothes (1),m,1,6,train,0.0,0.0,0.0,27
clothes (5),m,1,6,train,0.0,0.0,0.0,27
clothes (4),m,0,6,train,0.0,0.0,0.0,27
clothes (2),m,1,6,train,0.0,0.0,0.0,27
clothes (3),m,0,6,train,0.0,0.0,0.0,27
clothes (3),z,1,6,train,0.0,0.0,0.0,27
clothes (6),m,0,6,train,1.0,0.0,0.0,27
clothes (4),z,1,6,train,0.0,0.0,0.0,27
clothes (5),m,1,6,train,0.0,7.0,1.0,27
clothes (1),m,1,6,train,0.0,9.0,1.0,27
clothes (2),z,0,6,train,0.0,7.0,1.0,27
clothes (1),m,1,6,train,0.0,2.0,2.0,27
clothes (3),z,1,6,train,0.0,7.0,1.0,27
clothes (2),z,0,6,train,1.0,10.0,1.0,27
clothes (6),m,0,6,train,1.0,0.0,0.0,27
clothes (5),z,0,6,train,0.0,7.0,2.0,27
clothes (4),z,1,6,train,0.0,9.0,1.0,27
clothes (5),m,1,6,train,0.0,9.0,2.0,27
clothes (2),m,1,6,train,0.0,15.0,1.0,27
clothes (6),m,0,6,train,1.0,0.0,0.0,27
clothes (1),m,1,6,train,0.0,9.0,3.0,27
clothes (4),z,1,6,train,0.0,5.0,2.0,27
clothes (3),m,0,6,train,1.0,10.0,2.0,27
clothes (6),z,1,6,train,0.0,0.0,0.0,27
clothes (5),m,1,6,train,0.0,7.0,3.0,27
clothes (2),m,1,6,train,0.0,7.0,2.0,27
clothes (3),m,0,6,train,1.0,14.0,2.0,27
clothes (4),z,1,6,train,0.0,6.0,3.0,27
clothes (1),m,1,6,train,0.0,8.0,4.0,27
clothes (6),z,1,6,train,0.0,6.0,1.0,27
clothes (3),z,1,6,train,0.0,18.0,2.0,27
clothes (4),z,1,6,train,0.0,4.0,4.0,27
clothes (1),m,1,6,train,0.0,4.0,5.0,27
clothes (2),m,1,6,train,0.0,8.0,3.0,27
clothes (5),m,1,6,train,0.0,10.0,4.0,27
clothes (2),m,1,6,train,0.0,2.0,4.0,27
clothes (3),z,1,6,train,0.0,6.0,3.0,27
clothes (5),m,1,6,train,0.0,3.0,5.0,27
clothes (4),z,1,6,train,0.0,7.0,5.0,27
clothes (1),m,1,6,train,0.0,7.0,6.0,27
clothes (6),z,1,6,train,0.0,11.0,2.0,27
clothes (2),m,1,6,train,0.0,6.0,5.0,27
clothes (1),m,1,6,train,0.0,3.0,7.0,27
clothes (4),z,1,6,train,0.0,5.0,6.0,27
clothes (3),z,1,6,train,0.0,8.0,4.0,27
clothes (5),m,1,6,train,0.0,8.0,6.0,27
clothes (6),z,1,6,train,0.0,6.0,3.0,27
clothes (3),z,1,6,train,0.0,3.0,5.0,27
clothes (2),m,1,6,train,0.0,7.0,6.0,27
clothes (6),z,1,6,train,0.0,3.0,4.0,27
clothes (1),m,1,6,train,0.0,8.0,8.0,27
clothes (4),z,1,6,train,0.0,8.0,7.0,27
clothes (5),m,1,6,train,0.0,7.0,7.0,27
clothes (2),m,1,6,train,0.0,5.0,7.0,27
clothes (6),z,1,6,train,0.0,5.0,5.0,27
clothes (3),z,1,6,train,0.0,8.0,6.0,27
clothes (1),m,1,6,train,0.0,6.0,9.0,27
clothes (4),z,1,6,train,0.0,6.0,8.0,27
clothes (5),m,1,6,train,0.0,6.0,8.0,27
clothes (3),z,1,6,train,0.0,4.0,7.0,27
clothes (5),m,1,6,train,0.0,2.0,9.0,27
clothes (2),m,1,6,train,0.0,8.0,8.0,27
clothes (6),z,1,6,train,0.0,8.0,6.0,27
clothes (1),m,1,6,train,0.0,7.0,10.0,27
clothes (4),z,1,6,train,0.0,7.0,9.0,27
clothes (5),m,1,6,train,0.0,5.0,10.0,27
clothes (2),m,1,6,train,0.0,5.0,9.0,27
clothes (1),m,1,6,train,0.0,4.0,11.0,27
clothes (4),z,1,6,train,0.0,4.0,10.0,27
clothes (3),z,1,6,train,0.0,10.0,8.0,27
clothes (6),z,1,6,train,0.0,8.0,7.0,27
clothes (5),m,1,6,train,0.0,6.0,11.0,27
clothes (1),m,1,6,train,0.0,5.0,12.0,27
clothes (2),m,1,6,train,0.0,7.0,10.0,27
clothes (4),z,1,6,train,0.0,6.0,11.0,27
clothes (3),z,1,6,train,0.0,6.0,9.0,27
clothes (6),z,1,6,train,0.0,6.0,8.0,27
face (1),m,0,3,train,0.0,0.0,0.0,27
face (2),m,0,3,train,0.0,0.0,0.0,27
face (3),m,1,3,train,0.0,0.0,0.0,27
face (1),z,1,3,train,0.0,0.0,0.0,27
face (3),m,1,3,train,0.0,2.0,1.0,27
face (2),z,1,3,train,0.0,0.0,0.0,27
face (2),z,1,3,train,0.0,1.0,1.0,27
face (3),m,1,3,train,0.0,3.0,2.0,27
face (1),z,1,3,train,0.0,5.0,1.0,27
face (1),z,1,3,train,0.0,1.0,2.0,27
face (2),z,1,3,train,0.0,4.0,2.0,27
face (3),m,1,3,train,0.0,4.0,3.0,27
face (1),z,1,3,train,0.0,3.0,3.0,27
face (3),m,1,3,train,0.0,2.0,4.0,27
face (2),z,1,3,train,0.0,4.0,3.0,27
face (2),z,1,3,train,0.0,1.0,4.0,27
face (3),m,1,3,train,0.0,3.0,5.0,27
face (1),z,1,3,train,0.0,5.0,4.0,27
face (3),m,1,3,train,0.0,2.0,6.0,27
face (2),z,1,3,train,0.0,4.0,5.0,27
face (1),z,1,3,train,0.0,3.0,5.0,27
face (1),z,1,3,train,0.0,1.0,6.0,27
face (3),m,1,3,train,0.0,4.0,7.0,27
face (2),z,1,3,train,0.0,4.0,6.0,27
face (2),z,1,3,train,0.0,1.0,7.0,27
face (3),m,1,3,train,0.0,3.0,8.0,27
face (1),z,1,3,train,0.0,5.0,7.0,27
face (3),m,1,3,train,0.0,2.0,9.0,27
face (1),z,1,3,train,0.0,2.0,8.0,27
face (2),z,1,3,train,0.0,5.0,8.0,27
face (2),m,0,3,train,1.0,1.0,9.0,27
face (3),m,1,3,train,0.0,4.0,10.0,27
face (2),z,1,3,train,0.0,3.0,9.0,27
face (1),z,1,3,train,0.0,5.0,9.0,27
face (3),m,1,3,train,0.0,3.0,11.0,27
face (1),z,1,3,train,0.0,2.0,10.0,27
color (6),m,0,6,train,0.0,0.0,0.0,27
color (1),m,1,6,train,0.0,0.0,0.0,27
color (5),m,1,6,train,0.0,0.0,0.0,27
color (4),m,0,6,train,0.0,0.0,0.0,27
color (2),m,1,6,train,0.0,0.0,0.0,27
color (3),z,1,6,train,0.0,0.0,0.0,27
color (3),z,1,6,train,0.0,1.0,1.0,27
color (6),z,1,6,train,0.0,0.0,0.0,27
color (4),z,1,6,train,0.0,0.0,0.0,27
color (5),m,1,6,train,0.0,7.0,1.0,27
color (1),m,1,6,train,0.0,9.0,1.0,27
color (2),m,1,6,train,0.0,7.0,1.0,27
color (1),m,1,6,train,0.0,2.0,2.0,27
color (3),z,1,6,train,0.0,7.0,2.0,27
color (2),m,1,6,train,0.0,3.0,2.0,27
color (6),z,1,6,train,0.0,8.0,1.0,27
color (5),m,1,6,train,0.0,7.0,2.0,27
color (4),z,1,6,train,0.0,9.0,1.0,27
color (5),m,1,6,train,0.0,2.0,3.0,27
color (2),m,1,6,train,0.0,5.0,3.0,27
color (6),z,1,6,train,0.0,5.0,2.0,27
color (1),m,1,6,train,0.0,9.0,3.0,27
color (4),z,1,6,train,0.0,5.0,2.0,27
color (3),z,1,6,train,0.0,10.0,3.0,27
color (6),z,1,6,train,0.0,4.0,3.0,27
color (5),m,1,6,train,0.0,7.0,4.0,27
color (2),m,1,6,train,0.0,7.0,4.0,27
color (3),z,1,6,train,0.0,4.0,4.0,27
color (4),z,1,6,train,0.0,6.0,3.0,27
color (1),m,1,6,train,0.0,8.0,4.0,27
color (6),z,1,6,train,0.0,6.0,4.0,27
color (3),z,1,6,train,0.0,4.0,5.0,27
color (4),z,1,6,train,0.0,4.0,4.0,27
color (1),m,1,6,train,0.0,4.0,5.0,27
color (2),z,0,6,train,0.0,8.0,5.0,27
color (5),m,1,6,train,0.0,10.0,5.0,27
color (2),m,1,6,train,0.0,10.0,5.0,27
color (3),z,1,6,train,0.0,6.0,6.0,27
color (5),m,1,6,train,0.0,3.0,6.0,27
color (4),z,1,6,train,0.0,7.0,5.0,27
color (1),m,1,6,train,0.0,7.0,6.0,27
color (6),z,1,6,train,0.0,11.0,5.0,27
color (2),m,1,6,train,0.0,6.0,6.0,27
color (1),m,1,6,train,0.0,3.0,7.0,27
color (4),z,1,6,train,0.0,5.0,6.0,27
color (3),z,1,6,train,0.0,8.0,7.0,27
color (5),m,1,6,train,0.0,8.0,7.0,27
color (6),z,1,6,train,0.0,6.0,6.0,27
color (3),z,1,6,train,0.0,3.0,8.0,27
color (2),m,1,6,train,0.0,7.0,7.0,27
color (6),z,1,6,train,0.0,3.0,7.0,27
color (1),m,1,6,train,0.0,8.0,8.0,27
color (4),z,1,6,train,0.0,8.0,7.0,27
color (5),m,1,6,train,0.0,7.0,8.0,27
color (2),m,1,6,train,0.0,5.0,8.0,27
color (6),z,1,6,train,0.0,5.0,8.0,27
color (3),z,1,6,train,0.0,8.0,9.0,27
color (1),m,1,6,train,0.0,6.0,9.0,27
color (4),z,1,6,train,0.0,6.0,8.0,27
color (5),m,1,6,train,0.0,6.0,9.0,27
color (3),z,1,6,train,0.0,4.0,10.0,27
color (5),m,1,6,train,0.0,2.0,10.0,27
color (2),m,1,6,train,0.0,8.0,9.0,27
color (6),z,1,6,train,0.0,8.0,9.0,27
color (1),m,1,6,train,0.0,7.0,10.0,27
color (4),z,1,6,train,0.0,7.0,9.0,27
color (5),m,1,6,train,0.0,5.0,11.0,27
color (2),z,0,6,train,1.0,5.0,10.0,27
color (1),m,1,6,train,0.0,4.0,11.0,27
color (4),z,1,6,train,0.0,4.0,10.0,27
color (3),z,1,6,train,0.0,10.0,11.0,27
color (6),z,1,6,train,0.0,8.0,10.0,27
color (5),m,1,6,train,0.0,6.0,12.0,27
color (1),m,1,6,train,0.0,5.0,12.0,27
color (2),m,1,6,train,0.0,12.0,10.0,27
color (4),z,1,6,train,0.0,6.0,11.0,27
color (3),z,1,6,train,0.0,6.0,12.0,27
color (6),z,1,6,train,0.0,6.0,11.0,27
symbol (1),m,1,3,train,0.0,0.0,0.0,27
symbol (2),m,1,3,train,0.0,0.0,0.0,27
symbol (3),z,1,3,train,0.0,0.0,0.0,27
symbol (1),m,1,3,train,0.0,3.0,1.0,27
symbol (3),z,1,3,train,0.0,2.0,1.0,27
symbol (2),m,1,3,train,0.0,4.0,1.0,27
symbol (2),m,1,3,train,0.0,1.0,2.0,27
symbol (3),z,1,3,train,0.0,3.0,2.0,27
symbol (1),m,1,3,train,0.0,5.0,2.0,27
symbol (1),m,1,3,train,0.0,1.0,3.0,27
symbol (2),m,1,3,train,0.0,4.0,3.0,27
symbol (3),z,1,3,train,0.0,4.0,3.0,27
symbol (1),m,1,3,train,0.0,3.0,4.0,27
symbol (3),z,1,3,train,0.0,2.0,4.0,27
symbol (2),m,1,3,train,0.0,4.0,4.0,27
symbol (2),m,1,3,train,0.0,1.0,5.0,27
symbol (3),z,1,3,train,0.0,3.0,5.0,27
symbol (1),m,1,3,train,0.0,5.0,5.0,27
symbol (3),z,1,3,train,0.0,2.0,6.0,27
symbol (2),m,1,3,train,0.0,4.0,6.0,27
symbol (1),m,1,3,train,0.0,3.0,6.0,27
symbol (1),m,1,3,train,0.0,1.0,7.0,27
symbol (3),z,1,3,train,0.0,4.0,7.0,27
symbol (2),m,1,3,train,0.0,4.0,7.0,27
symbol (2),m,1,3,train,0.0,1.0,8.0,27
symbol (3),z,1,3,train,0.0,3.0,8.0,27
symbol (1),m,1,3,train,0.0,5.0,8.0,27
symbol (3),z,1,3,train,0.0,2.0,9.0,27
symbol (1),m,1,3,train,0.0,2.0,9.0,27
symbol (2),m,1,3,train,0.0,5.0,9.0,27
symbol (2),m,1,3,train,0.0,1.0,10.0,27
symbol (3),z,1,3,train,0.0,4.0,10.0,27
symbol (2),m,1,3,train,0.0,2.0,11.0,27
symbol (1),m,1,3,train,0.0,5.0,10.0,27
symbol (3),z,1,3,train,0.0,3.0,11.0,27
symbol (1),m,1,3,train,0.0,2.0,11.0,27
environment (6),m,0,6,train,0.0,0.0,0.0,27
environment (1),m,1,6,train,0.0,0.0,0.0,27
environment (5),m,1,6,train,0.0,0.0,0.0,27
environment (4),m,0,6,train,0.0,0.0,0.0,27
environment (2),m,1,6,train,0.0,0.0,0.0,27
environment (3),z,1,6,train,0.0,0.0,0.0,27
environment (3),z,1,6,train,0.0,1.0,1.0,27
environment (6),z,1,6,train,0.0,0.0,0.0,27
environment (4),m,0,6,train,1.0,0.0,0.0,27
environment (5),m,1,6,train,0.0,7.0,1.0,27
environment (1),m,1,6,train,0.0,9.0,1.0,27
environment (2),m,1,6,train,0.0,7.0,1.0,27
environment (1),m,1,6,train,0.0,2.0,2.0,27
environment (3),z,1,6,train,0.0,7.0,2.0,27
environment (2),m,1,6,train,0.0,3.0,2.0,27
environment (6),z,1,6,train,0.0,8.0,1.0,27
environment (5),m,1,6,train,0.0,7.0,2.0,27
environment (4),z,1,6,train,0.0,0.0,0.0,27
environment (5),m,1,6,train,0.0,2.0,3.0,27
environment (2),m,1,6,train,0.0,5.0,3.0,27
environment (6),z,1,6,train,0.0,5.0,2.0,27
environment (1),m,1,6,train,0.0,9.0,3.0,27
environment (4),z,1,6,train,0.0,5.0,1.0,27
environment (3),z,1,6,train,0.0,10.0,3.0,27
environment (6),z,1,6,train,0.0,4.0,3.0,27
environment (5),m,1,6,train,0.0,7.0,4.0,27
environment (2),m,1,6,train,0.0,7.0,4.0,27
environment (3),z,1,6,train,0.0,4.0,4.0,27
environment (4),z,1,6,train,0.0,6.0,2.0,27
environment (1),m,1,6,train,0.0,8.0,4.0,27
environment (6),z,1,6,train,0.0,6.0,4.0,27
environment (3),z,1,6,train,0.0,4.0,5.0,27
environment (4),z,1,6,train,0.0,4.0,3.0,27
environment (1),m,1,6,train,0.0,4.0,5.0,27
environment (2),m,1,6,train,0.0,8.0,5.0,27
environment (5),m,1,6,train,0.0,10.0,5.0,27
environment (2),m,1,6,train,0.0,2.0,6.0,27
environment (3),z,1,6,train,0.0,6.0,6.0,27
environment (5),m,1,6,train,0.0,3.0,6.0,27
environment (4),z,1,6,train,0.0,7.0,4.0,27
environment (1),m,1,6,train,0.0,7.0,6.0,27
environment (6),z,1,6,train,0.0,11.0,5.0,27
environment (2),m,1,6,train,0.0,6.0,7.0,27
environment (1),m,1,6,train,0.0,3.0,7.0,27
environment (4),z,1,6,train,0.0,5.0,5.0,27
environment (3),z,1,6,train,0.0,8.0,7.0,27
environment (5),m,1,6,train,0.0,8.0,7.0,27
environment (6),z,1,6,train,0.0,6.0,6.0,27
environment (3),m,0,6,train,0.0,3.0,8.0,27
environment (2),m,1,6,train,0.0,7.0,8.0,27
environment (6),z,1,6,train,0.0,3.0,7.0,27
environment (1),m,1,6,train,0.0,8.0,8.0,27
environment (4),z,1,6,train,0.0,8.0,6.0,27
environment (5),m,1,6,train,0.0,7.0,8.0,27
environment (2),m,1,6,train,0.0,5.0,9.0,27
environment (6),z,1,6,train,0.0,5.0,8.0,27
environment (3),z,1,6,train,0.0,11.0,8.0,27
environment (1),m,1,6,train,0.0,6.0,9.0,27
environment (4),z,1,6,train,0.0,6.0,7.0,27
environment (5),m,1,6,train,0.0,6.0,9.0,27
environment (3),z,1,6,train,0.0,4.0,9.0,27
environment (5),m,1,6,train,0.0,2.0,10.0,27
environment (2),m,1,6,train,0.0,8.0,10.0,27
environment (6),z,1,6,train,0.0,8.0,9.0,27
environment (1),m,1,6,train,0.0,7.0,10.0,27
environment (4),z,1,6,train,0.0,7.0,8.0,27
environment (5),z,0,6,train,0.0,5.0,11.0,27
environment (2),m,1,6,train,0.0,5.0,11.0,27
environment (1),m,1,6,train,0.0,4.0,11.0,27
environment (4),z,1,6,train,0.0,4.0,9.0,27
environment (3),z,1,6,train,0.0,10.0,10.0,27
environment (6),z,1,6,train,0.0,8.0,10.0,27
environment (5),m,1,6,train,0.0,11.0,11.0,27
environment (1),m,1,6,train,0.0,5.0,12.0,27
environment (2),m,1,6,train,0.0,7.0,12.0,27
environment (4),z,1,6,train,0.0,6.0,10.0,27
environment (3),z,1,6,train,0.0,6.0,11.0,27
environment (6),z,1,6,train,0.0,6.0,11.0,27
vehicle (1),m,1,3,train,0.0,0.0,0.0,27
vehicle (2),m,1,3,train,0.0,0.0,0.0,27
vehicle (3),z,1,3,train,0.0,0.0,0.0,27
vehicle (1),m,1,3,train,0.0,3.0,1.0,27
vehicle (3),z,1,3,train,0.0,2.0,1.0,27
vehicle (2),m,1,3,train,0.0,4.0,1.0,27
vehicle (2),m,1,3,train,0.0,1.0,2.0,27
vehicle (3),z,1,3,train,0.0,3.0,2.0,27
vehicle (1),m,1,3,train,0.0,5.0,2.0,27
vehicle (1),m,1,3,train,0.0,1.0,3.0,27
vehicle (2),m,1,3,train,0.0,4.0,3.0,27
vehicle (3),z,1,3,train,0.0,4.0,3.0,27
vehicle (1),m,1,3,train,0.0,3.0,4.0,27
vehicle (3),z,1,3,train,0.0,2.0,4.0,27
vehicle (2),m,1,3,train,0.0,4.0,4.0,27
vehicle (2),m,1,3,train,0.0,1.0,5.0,27
vehicle (3),z,1,3,train,0.0,3.0,5.0,27
vehicle (1),m,1,3,train,0.0,5.0,5.0,27
vehicle (3),z,1,3,train,0.0,2.0,6.0,27
vehicle (2),m,1,3,train,0.0,4.0,6.0,27
vehicle (1),m,1,3,train,0.0,3.0,6.0,27
vehicle (1),m,1,3,train,0.0,1.0,7.0,27
vehicle (3),z,1,3,train,0.0,4.0,7.0,27
vehicle (2),m,1,3,train,0.0,4.0,7.0,27
vehicle (2),m,1,3,train,0.0,1.0,8.0,27
vehicle (3),z,1,3,train,0.0,3.0,8.0,27
vehicle (1),m,1,3,train,0.0,5.0,8.0,27
vehicle (3),z,1,3,train,0.0,2.0,9.0,27
vehicle (1),m,1,3,train,0.0,2.0,9.0,27
vehicle (2),m,1,3,train,0.0,5.0,9.0,27
vehicle (2),m,1,3,train,0.0,1.0,10.0,27
vehicle (3),z,1,3,train,0.0,4.0,10.0,27
vehicle (2),m,1,3,train,0.0,2.0,11.0,27
vehicle (1),m,1,3,train,0.0,5.0,10.0,27
vehicle (3),z,1,3,train,0.0,3.0,11.0,27
vehicle (1),m,1,3,train,0.0,2.0,11.0,27
instrument (1),m,1,3,train,0.0,0.0,0.0,27
instrument (2),m,1,3,train,0.0,0.0,0.0,27
instrument (3),z,1,3,train,0.0,0.0,0.0,27
instrument (1),m,1,3,train,0.0,3.0,1.0,27
instrument (3),z,1,3,train,0.0,2.0,1.0,27
instrument (2),m,1,3,train,0.0,4.0,1.0,27
instrument (2),m,1,3,train,0.0,1.0,2.0,27
instrument (3),z,1,3,train,0.0,3.0,2.0,27
instrument (1),m,1,3,train,0.0,5.0,2.0,27
instrument (1),m,1,3,train,0.0,1.0,3.0,27
instrument (2),m,1,3,train,0.0,4.0,3.0,27
instrument (3),z,1,3,train,0.0,4.0,3.0,27
instrument (1),m,1,3,train,0.0,3.0,4.0,27
instrument (3),z,1,3,train,0.0,2.0,4.0,27
instrument (2),m,1,3,train,0.0,4.0,4.0,27
instrument (2),m,1,3,train,0.0,1.0,5.0,27
instrument (3),z,1,3,train,0.0,3.0,5.0,27
instrument (1),m,1,3,train,0.0,5.0,5.0,27
instrument (3),z,1,3,train,0.0,2.0,6.0,27
instrument (2),m,1,3,train,0.0,4.0,6.0,27
instrument (1),m,1,3,train,0.0,3.0,6.0,27
instrument (1),m,1,3,train,0.0,1.0,7.0,27
instrument (3),z,1,3,train,0.0,4.0,7.0,27
instrument (2),m,1,3,train,0.0,4.0,7.0,27
instrument (2),m,1,3,train,0.0,1.0,8.0,27
instrument (3),z,1,3,train,0.0,3.0,8.0,27
instrument (1),m,1,3,train,0.0,5.0,8.0,27
instrument (3),z,1,3,train,0.0,2.0,9.0,27
instrument (1),m,1,3,train,0.0,2.0,9.0,27
instrument (2),m,1,3,train,0.0,5.0,9.0,27
instrument (2),m,1,3,train,0.0,1.0,10.0,27
instrument (3),z,1,3,train,0.0,4.0,10.0,27
instrument (2),m,1,3,train,0.0,2.0,11.0,27
instrument (1),m,1,3,train,0.0,5.0,10.0,27
instrument (3),z,1,3,train,0.0,3.0,11.0,27
instrument (1),m,1,3,train,0.0,2.0,11.0,27
jungle2,m,0,3,train,0.0,0.0,0.0,28
jungle1,z,1,3,train,0.0,0.0,0.0,28
jungle3,m,1,3,train,0.0,0.0,0.0,28
jungle1,m,0,3,train,0.0,2.0,1.0,28
jungle3,z,0,3,train,0.0,2.0,1.0,28
jungle2,z,1,3,train,0.0,0.0,0.0,28
jungle3,m,1,3,train,0.0,4.0,1.0,28
jungle2,z,1,3,train,0.0,2.0,1.0,28
jungle1,m,0,3,train,1.0,7.0,1.0,28
jungle1,z,1,3,train,0.0,8.0,1.0,28
jungle2,m,0,3,train,1.0,3.0,2.0,28
jungle3,m,1,3,train,0.0,5.0,2.0,28
jungle3,m,1,3,train,0.0,1.0,3.0,28
jungle1,z,1,3,train,0.0,4.0,2.0,28
jungle2,z,1,3,train,0.0,7.0,2.0,28
jungle3,m,1,3,train,0.0,3.0,4.0,28
jungle1,z,1,3,train,0.0,3.0,3.0,28
jungle2,z,1,3,train,0.0,3.0,3.0,28
jungle1,z,1,3,train,0.0,2.0,4.0,28
jungle3,z,0,3,train,1.0,4.0,5.0,28
jungle2,m,0,3,train,1.0,3.0,4.0,28
jungle3,z,0,3,train,1.0,6.0,5.0,28
jungle2,z,1,3,train,0.0,5.0,4.0,28
jungle1,z,1,3,train,0.0,5.0,5.0,28
jungle2,z,1,3,train,0.0,2.0,5.0,28
jungle3,m,1,3,train,0.0,10.0,5.0,28
jungle1,z,1,3,train,0.0,3.0,6.0,28
jungle1,z,1,3,train,0.0,1.0,7.0,28
jungle2,z,1,3,train,0.0,4.0,6.0,28
jungle3,m,1,3,train,0.0,4.0,6.0,28
jungle2,z,1,3,train,0.0,2.0,7.0,28
jungle3,m,1,3,train,0.0,2.0,7.0,28
jungle1,z,1,3,train,0.0,5.0,8.0,28
jungle2,m,0,3,train,1.0,3.0,8.0,28
jungle1,z,1,3,train,0.0,2.0,9.0,28
jungle3,m,1,3,train,0.0,4.0,8.0,28
vegan (6),z,1,6,train,0.0,0.0,0.0,28
vegan (1),m,1,6,train,0.0,0.0,0.0,28
vegan (5),m,1,6,train,0.0,0.0,0.0,28
vegan (4),z,1,6,train,0.0,0.0,0.0,28
vegan (2),m,1,6,train,0.0,0.0,0.0,28
vegan (3),z,1,6,train,0.0,0.0,0.0,28
vegan (3),z,1,6,train,0.0,1.0,1.0,28
vegan (6),z,1,6,train,0.0,7.0,1.0,28
vegan (4),m,0,6,train,0.0,5.0,1.0,28
vegan (5),m,1,6,train,0.0,7.0,1.0,28
vegan (1),m,1,6,train,0.0,9.0,1.0,28
vegan (2),m,1,6,train,0.0,7.0,1.0,28
vegan (1),z,0,6,train,0.0,2.0,2.0,28
vegan (3),z,1,6,train,0.0,7.0,2.0,28
vegan (2),m,1,6,train,0.0,3.0,2.0,28
vegan (6),z,1,6,train,0.0,8.0,2.0,28
vegan (5),z,0,6,train,0.0,7.0,2.0,28
vegan (4),z,1,6,train,0.0,14.0,1.0,28
vegan (5),m,1,6,train,0.0,9.0,2.0,28
vegan (2),m,1,6,train,0.0,5.0,3.0,28
vegan (6),z,1,6,train,0.0,5.0,3.0,28
vegan (1),z,0,6,train,1.0,11.0,2.0,28
vegan (4),z,1,6,train,0.0,5.0,2.0,28
vegan (3),m,0,6,train,0.0,10.0,3.0,28
vegan (6),z,1,6,train,0.0,4.0,4.0,28
vegan (5),m,1,6,train,0.0,7.0,3.0,28
vegan (2),m,1,6,train,0.0,7.0,4.0,28
vegan (3),z,1,6,train,0.0,14.0,3.0,28
vegan (4),z,1,6,train,0.0,6.0,3.0,28
vegan (1),z,0,6,train,1.0,19.0,2.0,28
vegan (6),m,0,6,train,0.0,6.0,5.0,28
vegan (3),z,1,6,train,0.0,4.0,4.0,28
vegan (4),m,0,6,train,1.0,4.0,4.0,28
vegan (1),m,1,6,train,0.0,23.0,2.0,28
vegan (2),m,1,6,train,0.0,8.0,5.0,28
vegan (5),m,1,6,train,0.0,10.0,4.0,28
vegan (2),m,1,6,train,0.0,2.0,6.0,28
vegan (3),m,0,6,train,1.0,6.0,5.0,28
vegan (5),m,1,6,train,0.0,3.0,5.0,28
vegan (4),z,1,6,train,0.0,11.0,4.0,28
vegan (1),m,1,6,train,0.0,7.0,3.0,28
vegan (6),z,1,6,train,0.0,17.0,5.0,28
vegan (2),m,1,6,train,0.0,6.0,7.0,28
vegan (1),m,1,6,train,0.0,3.0,4.0,28
vegan (4),z,1,6,train,0.0,5.0,5.0,28
vegan (3),z,1,6,train,0.0,14.0,5.0,28
vegan (5),m,1,6,train,0.0,8.0,6.0,28
vegan (6),z,1,6,train,0.0,6.0,6.0,28
vegan (3),z,1,6,train,0.0,3.0,6.0,28
vegan (2),m,1,6,train,0.0,7.0,8.0,28
vegan (6),z,1,6,train,0.0,3.0,7.0,28
vegan (1),m,1,6,train,0.0,8.0,5.0,28
vegan (4),z,1,6,train,0.0,8.0,6.0,28
vegan (5),m,1,6,train,0.0,7.0,7.0,28
vegan (2),m,1,6,train,0.0,5.0,9.0,28
vegan (6),z,1,6,train,0.0,5.0,8.0,28
vegan (3),z,1,6,train,0.0,8.0,7.0,28
vegan (1),m,1,6,train,0.0,6.0,6.0,28
vegan (4),z,1,6,train,0.0,6.0,7.0,28
vegan (5),z,0,6,train,1.0,6.0,8.0,28
vegan (3),z,1,6,train,0.0,4.0,8.0,28
vegan (5),m,1,6,train,0.0,8.0,8.0,28
vegan (2),m,1,6,train,0.0,8.0,10.0,28
vegan (6),z,1,6,train,0.0,8.0,9.0,28
vegan (1),m,1,6,train,0.0,7.0,7.0,28
vegan (4),z,1,6,train,0.0,7.0,8.0,28
vegan (5),m,1,6,train,0.0,5.0,9.0,28
vegan (2),m,1,6,train,0.0,5.0,11.0,28
vegan (1),m,1,6,train,0.0,4.0,8.0,28
vegan (4),z,1,6,train,0.0,4.0,9.0,28
vegan (3),z,1,6,train,0.0,10.0,9.0,28
vegan (6),z,1,6,train,0.0,8.0,10.0,28
vegan (5),m,1,6,train,0.0,6.0,10.0,28
vegan (1),z,0,6,train,1.0,5.0,9.0,28
vegan (2),m,1,6,train,0.0,7.0,12.0,28
vegan (4),z,1,6,train,0.0,6.0,10.0,28
vegan (3),z,1,6,train,0.0,6.0,10.0,28
vegan (6),m,0,6,train,1.0,6.0,11.0,28
animal (1),z,1,3,train,0.0,0.0,0.0,28
animal (2),m,0,3,train,0.0,0.0,0.0,28
animal (3),m,1,3,train,0.0,0.0,0.0,28
animal (1),z,1,3,train,0.0,3.0,1.0,28
animal (3),m,1,3,train,0.0,2.0,1.0,28
animal (2),z,1,3,train,0.0,0.0,0.0,28
animal (2),z,1,3,train,0.0,1.0,1.0,28
animal (3),m,1,3,train,0.0,3.0,2.0,28
animal (1),z,1,3,train,0.0,5.0,2.0,28
animal (1),z,1,3,train,0.0,1.0,3.0,28
animal (2),z,1,3,train,0.0,4.0,2.0,28
animal (3),m,1,3,train,0.0,4.0,3.0,28
animal (1),z,1,3,train,0.0,3.0,4.0,28
animal (3),m,1,3,train,0.0,2.0,4.0,28
animal (2),z,1,3,train,0.0,4.0,3.0,28
animal (2),z,1,3,train,0.0,1.0,4.0,28
animal (3),m,1,3,train,0.0,3.0,5.0,28
animal (1),z,1,3,train,0.0,5.0,5.0,28
animal (3),z,0,3,train,0.0,2.0,6.0,28
animal (2),z,1,3,train,0.0,4.0,5.0,28
animal (1),z,1,3,train,0.0,3.0,6.0,28
animal (1),z,1,3,train,0.0,1.0,7.0,28
animal (3),m,1,3,train,0.0,6.0,6.0,28
animal (2),z,1,3,train,0.0,4.0,6.0,28
animal (2),z,1,3,train,0.0,1.0,7.0,28
animal (3),m,1,3,train,0.0,3.0,7.0,28
animal (1),z,1,3,train,0.0,5.0,8.0,28
animal (3),m,1,3,train,0.0,2.0,8.0,28
animal (1),z,1,3,train,0.0,2.0,9.0,28
animal (2),z,1,3,train,0.0,5.0,8.0,28
animal (2),z,1,3,train,0.0,1.0,9.0,28
animal (3),m,1,3,train,0.0,4.0,9.0,28
animal (2),z,1,3,train,0.0,2.0,10.0,28
animal (1),z,1,3,train,0.0,5.0,10.0,28
animal (3),m,1,3,train,0.0,3.0,10.0,28
animal (1),z,1,3,train,0.0,2.0,11.0,28
fruits (6),m,0,6,train,0.0,0.0,0.0,28
fruits (1),m,1,6,train,0.0,0.0,0.0,28
fruits (5),z,0,6,train,0.0,0.0,0.0,28
fruits (4),z,1,6,train,0.0,0.0,0.0,28
fruits (2),m,1,6,train,0.0,0.0,0.0,28
fruits (3),z,1,6,train,0.0,0.0,0.0,28
fruits (3),z,1,6,train,0.0,1.0,1.0,28
fruits (6),z,1,6,train,0.0,0.0,0.0,28
fruits (4),m,0,6,train,0.0,5.0,1.0,28
fruits (5),z,0,6,train,1.0,0.0,0.0,28
fruits (1),z,0,6,train,0.0,9.0,1.0,28
fruits (2),z,0,6,train,0.0,7.0,1.0,28
fruits (1),m,1,6,train,0.0,11.0,1.0,28
fruits (3),z,1,6,train,0.0,7.0,2.0,28
fruits (2),m,1,6,train,0.0,10.0,1.0,28
fruits (6),m,0,6,train,1.0,8.0,1.0,28
fruits (5),m,1,6,train,0.0,0.0,0.0,28
fruits (4),m,0,6,train,1.0,14.0,1.0,28
fruits (5),z,0,6,train,1.0,2.0,1.0,28
fruits (2),m,1,6,train,0.0,5.0,2.0,28
fruits (6),z,1,6,train,0.0,13.0,1.0,28
fruits (1),z,0,6,train,1.0,9.0,2.0,28
fruits (4),z,1,6,train,0.0,19.0,1.0,28
fruits (3),m,0,6,train,0.0,10.0,3.0,28
fruits (6),z,1,6,train,0.0,4.0,2.0,28
fruits (5),z,0,6,train,1.0,9.0,1.0,28
fruits (2),m,1,6,train,0.0,7.0,3.0,28
fruits (3),z,1,6,train,0.0,14.0,3.0,28
fruits (4),z,1,6,train,0.0,6.0,2.0,28
fruits (1),m,1,6,train,0.0,17.0,2.0,28
fruits (6),z,1,6,train,0.0,6.0,3.0,28
fruits (3),m,0,6,train,1.0,4.0,4.0,28
fruits (4),z,1,6,train,0.0,4.0,3.0,28
fruits (1),m,1,6,train,0.0,4.0,3.0,28
fruits (2),z,0,6,train,1.0,8.0,4.0,28
fruits (5),z,0,6,train,1.0,19.0,1.0,28
fruits (2),m,1,6,train,0.0,10.0,4.0,28
fruits (3),z,1,6,train,0.0,10.0,4.0,28
fruits (5),m,1,6,train,0.0,22.0,1.0,28
fruits (4),z,1,6,train,0.0,7.0,4.0,28
fruits (1),m,1,6,train,0.0,7.0,4.0,28
fruits (6),z,1,6,train,0.0,11.0,4.0,28
fruits (2),m,1,6,train,0.0,6.0,5.0,28
fruits (1),z,0,6,train,1.0,3.0,5.0,28
fruits (4),z,1,6,train,0.0,5.0,5.0,28
fruits (3),z,1,6,train,0.0,8.0,5.0,28
fruits (5),m,1,6,train,0.0,8.0,2.0,28
fruits (6),m,0,6,train,1.0,6.0,5.0,28
fruits (3),z,1,6,train,0.0,3.0,6.0,28
fruits (2),m,1,6,train,0.0,7.0,6.0,28
fruits (6),z,1,6,train,0.0,9.0,5.0,28
fruits (1),m,1,6,train,0.0,11.0,5.0,28
fruits (4),z,1,6,train,0.0,8.0,6.0,28
fruits (5),m,1,6,train,0.0,7.0,3.0,28
fruits (2),m,1,6,train,0.0,5.0,7.0,28
fruits (6),z,1,6,train,0.0,5.0,6.0,28
fruits (3),z,1,6,train,0.0,8.0,7.0,28
fruits (1),m,1,6,train,0.0,6.0,6.0,28
fruits (4),z,1,6,train,0.0,6.0,7.0,28
fruits (5),m,1,6,train,0.0,6.0,4.0,28
fruits (3),z,1,6,train,0.0,4.0,8.0,28
fruits (5),m,1,6,train,0.0,2.0,5.0,28
fruits (2),m,1,6,train,0.0,8.0,8.0,28
fruits (6),z,1,6,train,0.0,8.0,7.0,28
fruits (1),m,1,6,train,0.0,7.0,7.0,28
fruits (4),z,1,6,train,0.0,7.0,8.0,28
fruits (5),m,1,6,train,0.0,5.0,6.0,28
fruits (2),m,1,6,train,0.0,5.0,9.0,28
fruits (1),z,0,6,train,1.0,4.0,8.0,28
fruits (4),z,1,6,train,0.0,4.0,9.0,28
fruits (3),z,1,6,train,0.0,10.0,9.0,28
fruits (6),z,1,6,train,0.0,8.0,8.0,28
fruits (5),m,1,6,train,0.0,6.0,7.0,28
fruits (1),m,1,6,train,0.0,9.0,8.0,28
fruits (2),m,1,6,train,0.0,7.0,10.0,28
fruits (4),z,1,6,train,0.0,6.0,10.0,28
fruits (3),z,1,6,train,0.0,6.0,10.0,28
fruits (6),z,1,6,train,0.0,6.0,9.0,28
tools (1),z,1,3,train,0.0,0.0,0.0,28
tools (2),m,0,3,train,0.0,0.0,0.0,28
tools (3),m,1,3,train,0.0,0.0,0.0,28
tools (1),z,1,3,train,0.0,3.0,1.0,28
tools (3),m,1,3,train,0.0,2.0,1.0,28
tools (2),z,1,3,train,0.0,0.0,0.0,28
tools (2),z,1,3,train,0.0,1.0,1.0,28
tools (3),m,1,3,train,0.0,3.0,2.0,28
tools (1),z,1,3,train,0.0,5.0,2.0,28
tools (1),z,1,3,train,0.0,1.0,3.0,28
tools (2),z,1,3,train,0.0,4.0,2.0,28
tools (3),m,1,3,train,0.0,4.0,3.0,28
tools (1),z,1,3,train,0.0,3.0,4.0,28
tools (3),z,0,3,train,0.0,2.0,4.0,28
tools (2),z,1,3,train,0.0,4.0,3.0,28
tools (2),z,1,3,train,0.0,1.0,4.0,28
tools (3),m,1,3,train,0.0,5.0,4.0,28
tools (1),z,1,3,train,0.0,5.0,5.0,28
tools (3),m,1,3,train,0.0,2.0,5.0,28
tools (2),z,1,3,train,0.0,4.0,5.0,28
tools (1),z,1,3,train,0.0,3.0,6.0,28
tools (1),z,1,3,train,0.0,1.0,7.0,28
tools (3),m,1,3,train,0.0,4.0,6.0,28
tools (2),z,1,3,train,0.0,4.0,6.0,28
tools (2),z,1,3,train,0.0,1.0,7.0,28
tools (3),m,1,3,train,0.0,3.0,7.0,28
tools (1),z,1,3,train,0.0,5.0,8.0,28
tools (3),m,1,3,train,0.0,2.0,8.0,28
tools (1),z,1,3,train,0.0,2.0,9.0,28
tools (2),z,1,3,train,0.0,5.0,8.0,28
tools (2),z,1,3,train,0.0,1.0,9.0,28
tools (3),m,1,3,train,0.0,4.0,9.0,28
tools (2),z,1,3,train,0.0,2.0,10.0,28
tools (1),z,1,3,train,0.0,5.0,10.0,28
tools (3),m,1,3,train,0.0,3.0,10.0,28
tools (1),z,1,3,train,0.0,2.0,11.0,28
clothes (6),z,1,6,train,0.0,0.0,0.0,28
clothes (1),m,1,6,train,0.0,0.0,0.0,28
clothes (5),z,0,6,train,0.0,0.0,0.0,28
clothes (4),m,0,6,train,0.0,0.0,0.0,28
clothes (2),z,0,6,train,0.0,0.0,0.0,28
clothes (3),m,0,6,train,0.0,0.0,0.0,28
clothes (3),z,1,6,train,0.0,0.0,0.0,28
clothes (6),m,0,6,train,0.0,7.0,1.0,28
clothes (4),z,1,6,train,0.0,0.0,0.0,28
clothes (5),m,1,6,train,0.0,0.0,0.0,28
clothes (1),z,0,6,train,0.0,9.0,1.0,28
clothes (2),z,0,6,train,1.0,0.0,0.0,28
clothes (1),m,1,6,train,0.0,11.0,1.0,28
clothes (3),z,1,6,train,0.0,7.0,1.0,28
clothes (2),m,1,6,train,0.0,0.0,0.0,28
clothes (6),z,1,6,train,0.0,15.0,1.0,28
clothes (5),m,1,6,train,0.0,7.0,1.0,28
clothes (4),z,1,6,train,0.0,9.0,1.0,28
clothes (5),m,1,6,train,0.0,2.0,2.0,28
clothes (2),m,1,6,train,0.0,5.0,1.0,28
clothes (6),z,1,6,train,0.0,5.0,2.0,28
clothes (1),z,0,6,train,1.0,9.0,2.0,28
clothes (4),z,1,6,train,0.0,5.0,2.0,28
clothes (3),z,1,6,train,0.0,10.0,2.0,28
clothes (6),z,1,6,train,0.0,4.0,3.0,28
clothes (5),m,1,6,train,0.0,7.0,3.0,28
clothes (2),m,1,6,train,0.0,7.0,2.0,28
clothes (3),m,0,6,train,1.0,4.0,3.0,28
clothes (4),z,1,6,train,0.0,6.0,3.0,28
clothes (1),m,1,6,train,0.0,17.0,2.0,28
clothes (6),z,1,6,train,0.0,6.0,4.0,28
clothes (3),z,1,6,train,0.0,8.0,3.0,28
clothes (4),m,0,6,train,1.0,4.0,4.0,28
clothes (1),m,1,6,train,0.0,4.0,3.0,28
clothes (2),m,1,6,train,0.0,8.0,3.0,28
clothes (5),z,0,6,train,1.0,10.0,4.0,28
clothes (2),m,1,6,train,0.0,2.0,4.0,28
clothes (3),z,1,6,train,0.0,6.0,4.0,28
clothes (5),m,1,6,train,0.0,13.0,4.0,28
clothes (4),z,1,6,train,0.0,11.0,4.0,28
clothes (1),m,1,6,train,0.0,7.0,4.0,28
clothes (6),z,1,6,train,0.0,11.0,5.0,28
clothes (2),m,1,6,train,0.0,6.0,5.0,28
clothes (1),z,0,6,train,1.0,3.0,5.0,28
clothes (4),z,1,6,train,0.0,5.0,5.0,28
clothes (3),z,1,6,train,0.0,8.0,5.0,28
clothes (5),z,0,6,train,1.0,8.0,5.0,28
clothes (6),z,1,6,train,0.0,6.0,6.0,28
clothes (3),z,1,6,train,0.0,3.0,6.0,28
clothes (2),m,1,6,train,0.0,7.0,6.0,28
clothes (6),m,0,6,train,1.0,3.0,7.0,28
clothes (1),m,1,6,train,0.0,11.0,5.0,28
clothes (4),z,1,6,train,0.0,8.0,6.0,28
clothes (5),m,1,6,train,0.0,15.0,5.0,28
clothes (2),m,1,6,train,0.0,5.0,7.0,28
clothes (6),z,1,6,train,0.0,8.0,7.0,28
clothes (3),z,1,6,train,0.0,8.0,7.0,28
clothes (1),m,1,6,train,0.0,6.0,6.0,28
clothes (4),z,1,6,train,0.0,6.0,7.0,28
clothes (5),m,1,6,train,0.0,6.0,6.0,28
clothes (3),z,1,6,train,0.0,4.0,8.0,28
clothes (5),m,1,6,train,0.0,2.0,7.0,28
clothes (2),m,1,6,train,0.0,8.0,8.0,28
clothes (6),z,1,6,train,0.0,8.0,8.0,28
clothes (1),m,1,6,train,0.0,7.0,7.0,28
clothes (4),z,1,6,train,0.0,7.0,8.0,28
clothes (5),m,1,6,train,0.0,5.0,8.0,28
clothes (2),m,1,6,train,0.0,5.0,9.0,28
clothes (1),z,0,6,train,1.0,4.0,8.0,28
clothes (4),z,1,6,train,0.0,4.0,9.0,28
clothes (3),z,1,6,train,0.0,10.0,9.0,28
clothes (6),z,1,6,train,0.0,8.0,9.0,28
clothes (5),m,1,6,train,0.0,6.0,9.0,28
clothes (1),m,1,6,train,0.0,9.0,8.0,28
clothes (2),z,0,6,train,1.0,7.0,10.0,28
clothes (4),z,1,6,train,0.0,6.0,10.0,28
clothes (3),z,1,6,train,0.0,6.0,10.0,28
clothes (6),z,1,6,train,0.0,6.0,10.0,28
face (1),m,0,3,train,0.0,0.0,0.0,28
face (2),m,0,3,train,0.0,0.0,0.0,28
face (3),m,1,3,train,0.0,0.0,0.0,28
face (1),z,1,3,train,0.0,0.0,0.0,28
face (3),m,1,3,train,0.0,2.0,1.0,28
face (2),z,1,3,train,0.0,0.0,0.0,28
face (2),z,1,3,train,0.0,1.0,1.0,28
face (3),m,1,3,train,0.0,3.0,2.0,28
face (1),z,1,3,train,0.0,5.0,1.0,28
face (1),z,1,3,train,0.0,1.0,2.0,28
face (2),z,1,3,train,0.0,4.0,2.0,28
face (3),m,1,3,train,0.0,4.0,3.0,28
face (1),z,1,3,train,0.0,3.0,3.0,28
face (3),z,0,3,train,0.0,2.0,4.0,28
face (2),m,0,3,train,1.0,4.0,3.0,28
face (2),z,1,3,train,0.0,5.0,3.0,28
face (3),z,0,3,train,1.0,5.0,4.0,28
face (1),z,1,3,train,0.0,5.0,4.0,28
face (3),m,1,3,train,0.0,7.0,4.0,28
face (2),z,1,3,train,0.0,4.0,4.0,28
face (1),z,1,3,train,0.0,3.0,5.0,28
face (1),z,1,3,train,0.0,1.0,6.0,28
face (3),m,1,3,train,0.0,4.0,5.0,28
face (2),z,1,3,train,0.0,4.0,5.0,28
face (2),z,1,3,train,0.0,1.0,6.0,28
face (3),m,1,3,train,0.0,3.0,6.0,28
face (1),z,1,3,train,0.0,5.0,7.0,28
face (3),m,1,3,train,0.0,2.0,7.0,28
face (1),z,1,3,train,0.0,2.0,8.0,28
face (2),m,0,3,train,1.0,5.0,7.0,28
face (2),z,1,3,train,0.0,6.0,7.0,28
face (3),m,1,3,train,0.0,4.0,8.0,28
face (2),z,1,3,train,0.0,2.0,8.0,28
face (1),z,1,3,train,0.0,5.0,9.0,28
face (3),m,1,3,train,0.0,3.0,9.0,28
face (1),z,1,3,train,0.0,2.0,10.0,28
color (6),z,1,6,train,0.0,0.0,0.0,28
color (1),m,1,6,train,0.0,0.0,0.0,28
color (5),z,0,6,train,0.0,0.0,0.0,28
color (4),z,1,6,train,0.0,0.0,0.0,28
color (2),m,1,6,train,0.0,0.0,0.0,28
color (3),z,1,6,train,0.0,0.0,0.0,28
color (3),z,1,6,train,0.0,1.0,1.0,28
color (6),z,1,6,train,0.0,7.0,1.0,28
color (4),z,1,6,train,0.0,5.0,1.0,28
color (5),m,1,6,train,0.0,0.0,0.0,28
color (1),m,1,6,train,0.0,9.0,1.0,28
color (2),m,1,6,train,0.0,7.0,1.0,28
color (1),m,1,6,train,0.0,2.0,2.0,28
color (3),z,1,6,train,0.0,7.0,2.0,28
color (2),m,1,6,train,0.0,3.0,2.0,28
color (6),z,1,6,train,0.0,8.0,2.0,28
color (5),m,1,6,train,0.0,7.0,1.0,28
color (4),z,1,6,train,0.0,9.0,2.0,28
color (5),m,1,6,train,0.0,2.0,2.0,28
color (2),m,1,6,train,0.0,5.0,3.0,28
color (6),z,1,6,train,0.0,5.0,3.0,28
color (1),m,1,6,train,0.0,9.0,3.0,28
color (4),z,1,6,train,0.0,5.0,3.0,28
color (3),z,1,6,train,0.0,10.0,3.0,28
color (6),z,1,6,train,0.0,4.0,4.0,28
color (5),m,1,6,train,0.0,7.0,3.0,28
color (2),z,0,6,train,0.0,7.0,4.0,28
color (3),z,1,6,train,0.0,4.0,4.0,28
color (4),z,1,6,train,0.0,6.0,4.0,28
color (1),m,1,6,train,0.0,8.0,4.0,28
color (6),z,1,6,train,0.0,6.0,5.0,28
color (3),z,1,6,train,0.0,4.0,5.0,28
color (4),z,1,6,train,0.0,4.0,5.0,28
color (1),m,1,6,train,0.0,4.0,5.0,28
color (2),m,1,6,train,0.0,15.0,4.0,28
color (5),z,0,6,train,1.0,10.0,4.0,28
color (2),m,1,6,train,0.0,2.0,5.0,28
color (3),z,1,6,train,0.0,6.0,6.0,28
color (5),m,1,6,train,0.0,13.0,4.0,28
color (4),z,1,6,train,0.0,7.0,6.0,28
color (1),m,1,6,train,0.0,7.0,6.0,28
color (6),z,1,6,train,0.0,11.0,6.0,28
color (2),m,1,6,train,0.0,6.0,6.0,28
color (1),m,1,6,train,0.0,3.0,7.0,28
color (4),z,1,6,train,0.0,5.0,7.0,28
color (3),z,1,6,train,0.0,8.0,7.0,28
color (5),m,1,6,train,0.0,8.0,5.0,28
color (6),m,0,6,train,0.0,6.0,7.0,28
color (3),z,1,6,train,0.0,3.0,8.0,28
color (2),m,1,6,train,0.0,7.0,7.0,28
color (6),z,1,6,train,0.0,9.0,7.0,28
color (1),m,1,6,train,0.0,8.0,8.0,28
color (4),z,1,6,train,0.0,8.0,8.0,28
color (5),m,1,6,train,0.0,7.0,6.0,28
color (2),m,1,6,train,0.0,5.0,8.0,28
color (6),z,1,6,train,0.0,5.0,8.0,28
color (3),z,1,6,train,0.0,8.0,9.0,28
color (1),m,1,6,train,0.0,6.0,9.0,28
color (4),z,1,6,train,0.0,6.0,9.0,28
color (5),m,1,6,train,0.0,6.0,7.0,28
color (3),z,1,6,train,0.0,4.0,10.0,28
color (5),m,1,6,train,0.0,2.0,8.0,28
color (2),z,0,6,train,1.0,8.0,9.0,28
color (6),z,1,6,train,0.0,8.0,9.0,28
color (1),m,1,6,train,0.0,7.0,10.0,28
color (4),z,1,6,train,0.0,7.0,10.0,28
color (5),m,1,6,train,0.0,5.0,9.0,28
color (2),m,1,6,train,0.0,13.0,9.0,28
color (1),m,1,6,train,0.0,4.0,11.0,28
color (4),z,1,6,train,0.0,4.0,11.0,28
color (3),z,1,6,train,0.0,10.0,11.0,28
color (6),z,1,6,train,0.0,8.0,10.0,28
color (5),m,1,6,train,0.0,6.0,10.0,28
color (1),z,0,6,train,0.0,5.0,12.0,28
color (2),m,1,6,train,0.0,7.0,10.0,28
color (4),z,1,6,train,0.0,6.0,12.0,28
color (3),z,1,6,train,0.0,6.0,12.0,28
color (6),z,1,6,train,0.0,6.0,11.0,28
symbol (1),m,1,3,train,0.0,0.0,0.0,28
symbol (2),z,0,3,train,0.0,0.0,0.0,28
symbol (3),z,1,3,train,0.0,0.0,0.0,28
symbol (1),m,1,3,train,0.0,3.0,1.0,28
symbol (3),z,1,3,train,0.0,2.0,1.0,28
symbol (2),m,1,3,train,0.0,0.0,0.0,28
symbol (2),m,1,3,train,0.0,1.0,1.0,28
symbol (3),z,1,3,train,0.0,3.0,2.0,28
symbol (1),m,1,3,train,0.0,5.0,2.0,28
symbol (1),m,1,3,train,0.0,1.0,3.0,28
symbol (2),m,1,3,train,0.0,4.0,2.0,28
symbol (3),z,1,3,train,0.0,4.0,3.0,28
symbol (1),m,1,3,train,0.0,3.0,4.0,28
symbol (3),z,1,3,train,0.0,2.0,4.0,28
symbol (2),m,1,3,train,0.0,4.0,3.0,28
symbol (2),m,1,3,train,0.0,1.0,4.0,28
symbol (3),z,1,3,train,0.0,3.0,5.0,28
symbol (1),m,1,3,train,0.0,5.0,5.0,28
symbol (3),z,1,3,train,0.0,2.0,6.0,28
symbol (2),m,1,3,train,0.0,4.0,5.0,28
symbol (1),z,0,3,train,0.0,3.0,6.0,28
symbol (1),m,1,3,train,0.0,4.0,6.0,28
symbol (3),m,0,3,train,0.0,4.0,7.0,28
symbol (2),m,1,3,train,0.0,4.0,6.0,28
symbol (2),m,1,3,train,0.0,1.0,7.0,28
symbol (3),z,1,3,train,0.0,7.0,7.0,28
symbol (1),m,1,3,train,0.0,5.0,7.0,28
symbol (3),z,1,3,train,0.0,2.0,8.0,28
symbol (1),m,1,3,train,0.0,2.0,8.0,28
symbol (2),m,1,3,train,0.0,5.0,8.0,28
symbol (2),m,1,3,train,0.0,1.0,9.0,28
symbol (3),z,1,3,train,0.0,4.0,9.0,28
symbol (2),z,0,3,train,1.0,2.0,10.0,28
symbol (1),m,1,3,train,0.0,5.0,9.0,28
symbol (3),z,1,3,train,0.0,3.0,10.0,28
symbol (1),m,1,3,train,0.0,2.0,10.0,28
environment (6),z,1,6,train,0.0,0.0,0.0,28
environment (1),m,1,6,train,0.0,0.0,0.0,28
environment (5),z,0,6,train,0.0,0.0,0.0,28
environment (4),z,1,6,train,0.0,0.0,0.0,28
environment (2),m,1,6,train,0.0,0.0,0.0,28
environment (3),z,1,6,train,0.0,0.0,0.0,28
environment (3),z,1,6,train,0.0,1.0,1.0,28
environment (6),z,1,6,train,0.0,7.0,1.0,28
environment (4),z,1,6,train,0.0,5.0,1.0,28
environment (5),m,1,6,train,0.0,0.0,0.0,28
environment (1),m,1,6,train,0.0,9.0,1.0,28
environment (2),m,1,6,train,0.0,7.0,1.0,28
environment (1),m,1,6,train,0.0,2.0,2.0,28
environment (3),z,1,6,train,0.0,7.0,2.0,28
environment (2),m,1,6,train,0.0,3.0,2.0,28
environment (6),z,1,6,train,0.0,8.0,2.0,28
environment (5),m,1,6,train,0.0,7.0,1.0,28
environment (4),z,1,6,train,0.0,9.0,2.0,28
environment (5),m,1,6,train,0.0,2.0,2.0,28
environment (2),m,1,6,train,0.0,5.0,3.0,28
environment (6),z,1,6,train,0.0,5.0,3.0,28
environment (1),m,1,6,train,0.0,9.0,3.0,28
environment (4),z,1,6,train,0.0,5.0,3.0,28
environment (3),z,1,6,train,0.0,10.0,3.0,28
environment (6),z,1,6,train,0.0,4.0,4.0,28
environment (5),m,1,6,train,0.0,7.0,3.0,28
environment (2),z,0,6,train,0.0,7.0,4.0,28
environment (3),z,1,6,train,0.0,4.0,4.0,28
environment (4),z,1,6,train,0.0,6.0,4.0,28
environment (1),m,1,6,train,0.0,8.0,4.0,28
environment (6),z,1,6,train,0.0,6.0,5.0,28
environment (3),m,0,6,train,0.0,4.0,5.0,28
environment (4),z,1,6,train,0.0,4.0,5.0,28
environment (1),m,1,6,train,0.0,4.0,5.0,28
environment (2),m,1,6,train,0.0,15.0,4.0,28
environment (5),m,1,6,train,0.0,10.0,4.0,28
environment (2),m,1,6,train,0.0,2.0,5.0,28
environment (3),z,1,6,train,0.0,10.0,5.0,28
environment (5),m,1,6,train,0.0,3.0,5.0,28
environment (4),z,1,6,train,0.0,7.0,6.0,28
environment (1),m,1,6,train,0.0,7.0,6.0,28
environment (6),z,1,6,train,0.0,11.0,6.0,28
environment (2),m,1,6,train,0.0,6.0,6.0,28
environment (1),z,0,6,train,0.0,3.0,7.0,28
environment (4),z,1,6,train,0.0,5.0,7.0,28
environment (3),z,1,6,train,0.0,8.0,6.0,28
environment (5),m,1,6,train,0.0,8.0,6.0,28
environment (6),z,1,6,train,0.0,6.0,7.0,28
environment (3),z,1,6,train,0.0,3.0,7.0,28
environment (2),m,1,6,train,0.0,7.0,7.0,28
environment (6),z,1,6,train,0.0,3.0,8.0,28
environment (1),m,1,6,train,0.0,11.0,7.0,28
environment (4),z,1,6,train,0.0,8.0,8.0,28
environment (5),m,1,6,train,0.0,7.0,7.0,28
environment (2),m,1,6,train,0.0,5.0,8.0,28
environment (6),z,1,6,train,0.0,5.0,9.0,28
environment (3),z,1,6,train,0.0,8.0,8.0,28
environment (1),m,1,6,train,0.0,6.0,8.0,28
environment (4),z,1,6,train,0.0,6.0,9.0,28
environment (5),m,1,6,train,0.0,6.0,8.0,28
environment (3),z,1,6,train,0.0,4.0,9.0,28
environment (5),m,1,6,train,0.0,2.0,9.0,28
environment (2),m,1,6,train,0.0,8.0,9.0,28
environment (6),z,1,6,train,0.0,8.0,10.0,28
environment (1),m,1,6,train,0.0,7.0,9.0,28
environment (4),z,1,6,train,0.0,7.0,10.0,28
environment (5),m,1,6,train,0.0,5.0,10.0,28
environment (2),m,1,6,train,0.0,5.0,10.0,28
environment (1),z,0,6,train,1.0,4.0,10.0,28
environment (4),z,1,6,train,0.0,4.0,11.0,28
environment (3),z,1,6,train,0.0,10.0,10.0,28
environment (6),z,1,6,train,0.0,8.0,11.0,28
environment (5),m,1,6,train,0.0,6.0,11.0,28
environment (1),m,1,6,train,0.0,9.0,10.0,28
environment (2),m,1,6,train,0.0,7.0,11.0,28
environment (4),z,1,6,train,0.0,6.0,12.0,28
environment (3),z,1,6,train,0.0,6.0,11.0,28
environment (6),z,1,6,train,0.0,6.0,12.0,28
vehicle (1),z,0,3,train,0.0,0.0,0.0,28
vehicle (2),z,0,3,train,0.0,0.0,0.0,28
vehicle (3),z,1,3,train,0.0,0.0,0.0,28
vehicle (1),m,1,3,train,0.0,0.0,0.0,28
vehicle (3),z,1,3,train,0.0,2.0,1.0,28
vehicle (2),m,1,3,train,0.0,0.0,0.0,28
vehicle (2),m,1,3,train,0.0,1.0,1.0,28
vehicle (3),z,1,3,train,0.0,3.0,2.0,28
vehicle (1),m,1,3,train,0.0,5.0,1.0,28
vehicle (1),m,1,3,train,0.0,1.0,2.0,28
vehicle (2),m,1,3,train,0.0,4.0,2.0,28
vehicle (3),z,1,3,train,0.0,4.0,3.0,28
vehicle (1),m,1,3,train,0.0,3.0,3.0,28
vehicle (3),z,1,3,train,0.0,2.0,4.0,28
vehicle (2),m,1,3,train,0.0,4.0,3.0,28
vehicle (2),m,1,3,train,0.0,1.0,4.0,28
vehicle (3),z,1,3,train,0.0,3.0,5.0,28
vehicle (1),m,1,3,train,0.0,5.0,4.0,28
vehicle (3),m,0,3,train,0.0,2.0,6.0,28
vehicle (2),m,1,3,train,0.0,4.0,5.0,28
vehicle (1),m,1,3,train,0.0,3.0,5.0,28
vehicle (1),m,1,3,train,0.0,1.0,6.0,28
vehicle (3),z,1,3,train,0.0,6.0,6.0,28
vehicle (2),m,1,3,train,0.0,4.0,6.0,28
vehicle (2),m,1,3,train,0.0,1.0,7.0,28
vehicle (3),z,1,3,train,0.0,3.0,7.0,28
vehicle (1),m,1,3,train,0.0,5.0,7.0,28
vehicle (3),z,1,3,train,0.0,2.0,8.0,28
vehicle (1),m,1,3,train,0.0,2.0,8.0,28
vehicle (2),m,1,3,train,0.0,5.0,8.0,28
vehicle (2),m,1,3,train,0.0,1.0,9.0,28
vehicle (3),z,1,3,train,0.0,4.0,9.0,28
vehicle (2),m,1,3,train,0.0,2.0,10.0,28
vehicle (1),m,1,3,train,0.0,5.0,9.0,28
vehicle (3),z,1,3,train,0.0,3.0,10.0,28
vehicle (1),z,0,3,train,1.0,2.0,10.0,28
instrument (1),z,0,3,train,0.0,0.0,0.0,28
instrument (2),z,0,3,train,0.0,0.0,0.0,28
instrument (3),z,1,3,train,0.0,0.0,0.0,28
instrument (1),m,1,3,train,0.0,0.0,0.0,28
instrument (3),m,0,3,train,0.0,2.0,1.0,28
instrument (2),m,1,3,train,0.0,0.0,0.0,28
instrument (2),m,1,3,train,0.0,1.0,1.0,28
instrument (3),z,1,3,train,0.0,5.0,1.0,28
instrument (1),m,1,3,train,0.0,5.0,1.0,28
instrument (1),m,1,3,train,0.0,1.0,2.0,28
instrument (2),z,0,3,train,1.0,4.0,2.0,28
instrument (3),z,1,3,train,0.0,4.0,2.0,28
instrument (1),m,1,3,train,0.0,3.0,3.0,28
instrument (3),z,1,3,train,0.0,2.0,3.0,28
instrument (2),m,1,3,train,0.0,8.0,2.0,28
instrument (2),m,1,3,train,0.0,1.0,3.0,28
instrument (3),z,1,3,train,0.0,3.0,4.0,28
instrument (1),m,1,3,train,0.0,5.0,4.0,28
instrument (3),z,1,3,train,0.0,2.0,5.0,28
instrument (2),m,1,3,train,0.0,4.0,4.0,28
instrument (1),m,1,3,train,0.0,3.0,5.0,28
instrument (1),m,1,3,train,0.0,1.0,6.0,28
instrument (3),z,1,3,train,0.0,4.0,6.0,28
instrument (2),m,1,3,train,0.0,4.0,5.0,28
instrument (2),m,1,3,train,0.0,1.0,6.0,28
instrument (3),m,0,3,train,1.0,3.0,7.0,28
instrument (1),m,1,3,train,0.0,5.0,7.0,28
instrument (3),z,1,3,train,0.0,5.0,7.0,28
instrument (1),m,1,3,train,0.0,2.0,8.0,28
instrument (2),z,0,3,train,1.0,5.0,7.0,28
instrument (2),m,1,3,train,0.0,6.0,7.0,28
instrument (3),z,1,3,train,0.0,4.0,8.0,28
instrument (2),m,1,3,train,0.0,2.0,8.0,28
instrument (1),m,1,3,train,0.0,5.0,9.0,28
instrument (3),z,1,3,train,0.0,3.0,9.0,28
instrument (1),m,1,3,train,0.0,2.0,10.0,28
jungle2,z,1,3,train,0.0,0.0,0.0,29
jungle1,z,1,3,train,0.0,0.0,0.0,29
jungle3,z,0,3,train,0.0,0.0,0.0,29
jungle1,z,1,3,train,0.0,2.0,1.0,29
jungle3,m,1,3,train,0.0,0.0,0.0,29
jungle2,m,0,3,train,0.0,5.0,1.0,29
jungle3,m,1,3,train,0.0,2.0,1.0,29
jungle2,z,1,3,train,0.0,7.0,1.0,29
jungle1,z,1,3,train,0.0,5.0,2.0,29
jungle1,z,1,3,train,0.0,1.0,3.0,29
jungle2,m,0,3,train,1.0,3.0,2.0,29
jungle3,m,1,3,train,0.0,5.0,2.0,29
jungle3,m,1,3,train,0.0,1.0,3.0,29
jungle1,z,1,3,train,0.0,4.0,4.0,29
jungle2,z,1,3,train,0.0,7.0,2.0,29
jungle3,m,1,3,train,0.0,3.0,4.0,29
jungle1,z,1,3,train,0.0,3.0,5.0,29
jungle2,z,1,3,train,0.0,3.0,3.0,29
jungle1,z,1,3,train,0.0,2.0,6.0,29
jungle3,m,1,3,train,0.0,4.0,5.0,29
jungle2,m,0,3,train,1.0,3.0,4.0,29
jungle3,m,1,3,train,0.0,2.0,6.0,29
jungle2,z,1,3,train,0.0,5.0,4.0,29
jungle1,z,1,3,train,0.0,5.0,7.0,29
jungle2,z,1,3,train,0.0,2.0,5.0,29
jungle3,m,1,3,train,0.0,4.0,7.0,29
jungle1,z,1,3,train,0.0,3.0,8.0,29
jungle1,z,1,3,train,0.0,1.0,9.0,29
jungle2,m,0,3,train,1.0,4.0,6.0,29
jungle3,m,1,3,train,0.0,4.0,8.0,29
jungle2,z,1,3,train,0.0,6.0,6.0,29
jungle3,m,1,3,train,0.0,2.0,9.0,29
jungle1,z,1,3,train,0.0,5.0,10.0,29
jungle2,z,1,3,train,0.0,3.0,7.0,29
jungle1,z,1,3,train,0.0,2.0,11.0,29
jungle3,m,1,3,train,0.0,4.0,10.0,29
vegan (6),z,1,6,train,0.0,0.0,0.0,29
vegan (1),z,0,6,train,0.0,0.0,0.0,29
vegan (5),z,0,6,train,0.0,0.0,0.0,29
vegan (4),z,1,6,train,0.0,0.0,0.0,29
vegan (2),m,1,6,train,0.0,0.0,0.0,29
vegan (3),m,0,6,train,0.0,0.0,0.0,29
vegan (3),z,1,6,train,0.0,0.0,0.0,29
vegan (6),m,0,6,train,0.0,7.0,1.0,29
vegan (4),z,1,6,train,0.0,5.0,1.0,29
vegan (5),m,1,6,train,0.0,0.0,0.0,29
vegan (1),z,0,6,train,1.0,0.0,0.0,29
vegan (2),m,1,6,train,0.0,7.0,1.0,29
vegan (1),m,1,6,train,0.0,0.0,0.0,29
vegan (3),z,1,6,train,0.0,7.0,1.0,29
vegan (2),m,1,6,train,0.0,3.0,2.0,29
vegan (6),z,1,6,train,0.0,15.0,1.0,29
vegan (5),m,1,6,train,0.0,7.0,1.0,29
vegan (4),z,1,6,train,0.0,9.0,2.0,29
vegan (5),m,1,6,train,0.0,2.0,2.0,29
vegan (2),z,0,6,train,0.0,5.0,3.0,29
vegan (6),z,1,6,train,0.0,5.0,2.0,29
vegan (1),m,1,6,train,0.0,9.0,1.0,29
vegan (4),z,1,6,train,0.0,5.0,3.0,29
vegan (3),m,0,6,train,1.0,10.0,2.0,29
vegan (6),z,1,6,train,0.0,4.0,3.0,29
vegan (5),z,0,6,train,1.0,7.0,3.0,29
vegan (2),z,0,6,train,1.0,12.0,3.0,29
vegan (3),z,1,6,train,0.0,14.0,2.0,29
vegan (4),z,1,6,train,0.0,6.0,4.0,29
vegan (1),m,1,6,train,0.0,8.0,2.0,29
vegan (6),z,1,6,train,0.0,6.0,4.0,29
vegan (3),z,1,6,train,0.0,4.0,3.0,29
vegan (4),z,1,6,train,0.0,4.0,5.0,29
vegan (1),m,1,6,train,0.0,4.0,3.0,29
vegan (2),m,1,6,train,0.0,20.0,3.0,29
vegan (5),m,1,6,train,0.0,17.0,3.0,29
vegan (2),m,1,6,train,0.0,2.0,4.0,29
vegan (3),z,1,6,train,0.0,6.0,4.0,29
vegan (5),m,1,6,train,0.0,3.0,4.0,29
vegan (4),z,1,6,train,0.0,7.0,6.0,29
vegan (1),m,1,6,train,0.0,7.0,4.0,29
vegan (6),z,1,6,train,0.0,11.0,5.0,29
vegan (2),m,1,6,train,0.0,6.0,5.0,29
vegan (1),m,1,6,train,0.0,3.0,5.0,29
vegan (4),z,1,6,train,0.0,5.0,7.0,29
vegan (3),z,1,6,train,0.0,8.0,5.0,29
vegan (5),m,1,6,train,0.0,8.0,5.0,29
vegan (6),z,1,6,train,0.0,6.0,6.0,29
vegan (3),z,1,6,train,0.0,3.0,6.0,29
vegan (2),m,1,6,train,0.0,7.0,6.0,29
vegan (6),z,1,6,train,0.0,3.0,7.0,29
vegan (1),m,1,6,train,0.0,8.0,6.0,29
vegan (4),z,1,6,train,0.0,8.0,8.0,29
vegan (5),m,1,6,train,0.0,7.0,6.0,29
vegan (2),m,1,6,train,0.0,5.0,7.0,29
vegan (6),z,1,6,train,0.0,5.0,8.0,29
vegan (3),z,1,6,train,0.0,8.0,7.0,29
vegan (1),m,1,6,train,0.0,6.0,7.0,29
vegan (4),z,1,6,train,0.0,6.0,9.0,29
vegan (5),m,1,6,train,0.0,6.0,7.0,29
vegan (3),z,1,6,train,0.0,4.0,8.0,29
vegan (5),m,1,6,train,0.0,2.0,8.0,29
vegan (2),m,1,6,train,0.0,8.0,8.0,29
vegan (6),z,1,6,train,0.0,8.0,9.0,29
vegan (1),m,1,6,train,0.0,7.0,8.0,29
vegan (4),z,1,6,train,0.0,7.0,10.0,29
vegan (5),m,1,6,train,0.0,5.0,9.0,29
vegan (2),m,1,6,train,0.0,5.0,9.0,29
vegan (1),m,1,6,train,0.0,4.0,9.0,29
vegan (4),z,1,6,train,0.0,4.0,11.0,29
vegan (3),z,1,6,train,0.0,10.0,9.0,29
vegan (6),z,1,6,train,0.0,8.0,10.0,29
vegan (5),m,1,6,train,0.0,6.0,10.0,29
vegan (1),m,1,6,train,0.0,5.0,10.0,29
vegan (2),m,1,6,train,0.0,7.0,10.0,29
vegan (4),z,1,6,train,0.0,6.0,12.0,29
vegan (3),z,1,6,train,0.0,6.0,10.0,29
vegan (6),z,1,6,train,0.0,6.0,11.0,29
animal (1),z,1,3,train,0.0,0.0,0.0,29
animal (2),z,1,3,train,0.0,0.0,0.0,29
animal (3),m,1,3,train,0.0,0.0,0.0,29
animal (1),z,1,3,train,0.0,3.0,1.0,29
animal (3),m,1,3,train,0.0,2.0,1.0,29
animal (2),z,1,3,train,0.0,4.0,1.0,29
animal (2),z,1,3,train,0.0,1.0,2.0,29
animal (3),m,1,3,train,0.0,3.0,2.0,29
animal (1),z,1,3,train,0.0,5.0,2.0,29
animal (1),z,1,3,train,0.0,1.0,3.0,29
animal (2),z,1,3,train,0.0,4.0,3.0,29
animal (3),m,1,3,train,0.0,4.0,3.0,29
animal (1),z,1,3,train,0.0,3.0,4.0,29
animal (3),m,1,3,train,0.0,2.0,4.0,29
animal (2),z,1,3,train,0.0,4.0,4.0,29
animal (2),z,1,3,train,0.0,1.0,5.0,29
animal (3),m,1,3,train,0.0,3.0,5.0,29
animal (1),z,1,3,train,0.0,5.0,5.0,29
animal (3),z,0,3,train,0.0,2.0,6.0,29
animal (2),z,1,3,train,0.0,4.0,6.0,29
animal (1),z,1,3,train,0.0,3.0,6.0,29
animal (1),z,1,3,train,0.0,1.0,7.0,29
animal (3),m,1,3,train,0.0,6.0,6.0,29
animal (2),z,1,3,train,0.0,4.0,7.0,29
animal (2),z,1,3,train,0.0,1.0,8.0,29
animal (3),m,1,3,train,0.0,3.0,7.0,29
animal (1),z,1,3,train,0.0,5.0,8.0,29
animal (3),m,1,3,train,0.0,2.0,8.0,29
animal (1),z,1,3,train,0.0,2.0,9.0,29
animal (2),z,1,3,train,0.0,5.0,9.0,29
animal (2),z,1,3,train,0.0,1.0,10.0,29
animal (3),m,1,3,train,0.0,4.0,9.0,29
animal (2),z,1,3,train,0.0,2.0,11.0,29
animal (1),z,1,3,train,0.0,5.0,10.0,29
animal (3),m,1,3,train,0.0,3.0,10.0,29
animal (1),z,1,3,train,0.0,2.0,11.0,29
fruits (6),m,0,6,train,0.0,0.0,0.0,29
fruits (1),z,0,6,train,0.0,0.0,0.0,29
fruits (5),z,0,6,train,0.0,0.0,0.0,29
fruits (4),m,0,6,train,0.0,0.0,0.0,29
fruits (2),z,0,6,train,0.0,0.0,0.0,29
fruits (3),m,0,6,train,0.0,0.0,0.0,29
fruits (3),z,1,6,train,0.0,0.0,0.0,29
fruits (6),z,1,6,train,0.0,0.0,0.0,29
fruits (4),z,1,6,train,0.0,0.0,0.0,29
fruits (5),z,0,6,train,1.0,0.0,0.0,29
fruits (1),z,0,6,train,1.0,0.0,0.0,29
fruits (2),z,0,6,train,1.0,0.0,0.0,29
fruits (1),m,1,6,train,0.0,0.0,0.0,29
fruits (3),m,0,6,train,1.0,7.0,1.0,29
fruits (2),m,1,6,train,0.0,0.0,0.0,29
fruits (6),m,0,6,train,1.0,8.0,1.0,29
fruits (5),z,0,6,train,1.0,0.0,0.0,29
fruits (4),z,1,6,train,0.0,9.0,1.0,29
fruits (5),m,1,6,train,0.0,0.0,0.0,29
fruits (2),z,0,6,train,1.0,5.0,1.0,29
fruits (6),m,0,6,train,1.0,13.0,1.0,29
fruits (1),m,1,6,train,0.0,9.0,1.0,29
fruits (4),z,1,6,train,0.0,5.0,2.0,29
fruits (3),m,0,6,train,1.0,17.0,1.0,29
fruits (6),m,0,6,train,1.0,17.0,1.0,29
fruits (5),z,0,6,train,1.0,7.0,1.0,29
fruits (2),m,1,6,train,0.0,12.0,1.0,29
fruits (3),m,0,6,train,1.0,21.0,1.0,29
fruits (4),z,1,6,train,0.0,6.0,3.0,29
fruits (1),z,0,6,train,1.0,8.0,2.0,29
fruits (6),z,1,6,train,0.0,23.0,1.0,29
fruits (3),m,0,6,train,1.0,25.0,1.0,29
fruits (4),z,1,6,train,0.0,4.0,4.0,29
fruits (1),z,0,6,train,1.0,12.0,2.0,29
fruits (2),z,0,6,train,1.0,8.0,2.0,29
fruits (5),z,0,6,train,1.0,17.0,1.0,29
fruits (2),z,0,6,train,1.0,10.0,2.0,29
fruits (3),z,1,6,train,0.0,31.0,1.0,29
fruits (5),z,0,6,train,1.0,20.0,1.0,29
fruits (4),z,1,6,train,0.0,7.0,5.0,29
fruits (1),z,0,6,train,1.0,19.0,2.0,29
fruits (6),z,1,6,train,0.0,11.0,2.0,29
fruits (2),z,0,6,train,1.0,16.0,2.0,29
fruits (1),z,0,6,train,1.0,22.0,2.0,29
fruits (4),z,1,6,train,0.0,5.0,6.0,29
fruits (3),z,1,6,train,0.0,8.0,2.0,29
fruits (5),m,1,6,train,0.0,28.0,1.0,29
fruits (6),m,0,6,train,1.0,6.0,3.0,29
fruits (3),m,0,6,train,1.0,3.0,3.0,29
fruits (2),m,1,6,train,0.0,23.0,2.0,29
fruits (6),z,1,6,train,0.0,9.0,3.0,29
fruits (1),m,1,6,train,0.0,30.0,2.0,29
fruits (4),z,1,6,train,0.0,8.0,7.0,29
fruits (5),m,1,6,train,0.0,7.0,2.0,29
fruits (2),m,1,6,train,0.0,5.0,3.0,29
fruits (6),z,1,6,train,0.0,5.0,4.0,29
fruits (3),z,1,6,train,0.0,11.0,3.0,29
fruits (1),m,1,6,train,0.0,6.0,3.0,29
fruits (4),z,1,6,train,0.0,6.0,8.0,29
fruits (5),m,1,6,train,0.0,6.0,3.0,29
fruits (3),z,1,6,train,0.0,4.0,4.0,29
fruits (5),m,1,6,train,0.0,2.0,4.0,29
fruits (2),m,1,6,train,0.0,8.0,4.0,29
fruits (6),z,1,6,train,0.0,8.0,5.0,29
fruits (1),m,1,6,train,0.0,7.0,4.0,29
fruits (4),z,1,6,train,0.0,7.0,9.0,29
fruits (5),m,1,6,train,0.0,5.0,5.0,29
fruits (2),m,1,6,train,0.0,5.0,5.0,29
fruits (1),m,1,6,train,0.0,4.0,5.0,29
fruits (4),z,1,6,train,0.0,4.0,10.0,29
fruits (3),z,1,6,train,0.0,10.0,5.0,29
fruits (6),z,1,6,train,0.0,8.0,6.0,29
fruits (5),m,1,6,train,0.0,6.0,6.0,29
fruits (1),m,1,6,train,0.0,5.0,6.0,29
fruits (2),m,1,6,train,0.0,7.0,6.0,29
fruits (4),z,1,6,train,0.0,6.0,11.0,29
fruits (3),z,1,6,train,0.0,6.0,6.0,29
fruits (6),z,1,6,train,0.0,6.0,7.0,29
tools (1),z,1,3,train,0.0,0.0,0.0,29
tools (2),z,1,3,train,0.0,0.0,0.0,29
tools (3),m,1,3,train,0.0,0.0,0.0,29
tools (1),z,1,3,train,0.0,3.0,1.0,29
tools (3),m,1,3,train,0.0,2.0,1.0,29
tools (2),z,1,3,train,0.0,4.0,1.0,29
tools (2),z,1,3,train,0.0,1.0,2.0,29
tools (3),m,1,3,train,0.0,3.0,2.0,29
tools (1),z,1,3,train,0.0,5.0,2.0,29
tools (1),z,1,3,train,0.0,1.0,3.0,29
tools (2),z,1,3,train,0.0,4.0,3.0,29
tools (3),m,1,3,train,0.0,4.0,3.0,29
tools (1),z,1,3,train,0.0,3.0,4.0,29
tools (3),m,1,3,train,0.0,2.0,4.0,29
tools (2),m,0,3,train,0.0,4.0,4.0,29
tools (2),z,1,3,train,0.0,5.0,4.0,29
tools (3),m,1,3,train,0.0,3.0,5.0,29
tools (1),z,1,3,train,0.0,5.0,5.0,29
tools (3),m,1,3,train,0.0,2.0,6.0,29
tools (2),z,1,3,train,0.0,4.0,5.0,29
tools (1),z,1,3,train,0.0,3.0,6.0,29
tools (1),z,1,3,train,0.0,1.0,7.0,29
tools (3),m,1,3,train,0.0,4.0,7.0,29
tools (2),z,1,3,train,0.0,4.0,6.0,29
tools (2),z,1,3,train,0.0,1.0,7.0,29
tools (3),m,1,3,train,0.0,3.0,8.0,29
tools (1),z,1,3,train,0.0,5.0,8.0,29
tools (3),z,0,3,train,0.0,2.0,9.0,29
tools (1),z,1,3,train,0.0,2.0,9.0,29
tools (2),z,1,3,train,0.0,5.0,8.0,29
tools (2),z,1,3,train,0.0,1.0,9.0,29
tools (3),m,1,3,train,0.0,6.0,9.0,29
tools (2),z,1,3,train,0.0,2.0,10.0,29
tools (1),z,1,3,train,0.0,5.0,10.0,29
tools (3),m,1,3,train,0.0,3.0,10.0,29
tools (1),z,1,3,train,0.0,2.0,11.0,29
clothes (6),m,0,6,train,0.0,0.0,0.0,29
clothes (1),m,1,6,train,0.0,0.0,0.0,29
clothes (5),z,0,6,train,0.0,0.0,0.0,29
clothes (4),z,1,6,train,0.0,0.0,0.0,29
clothes (2),m,1,6,train,0.0,0.0,0.0,29
clothes (3),z,1,6,train,0.0,0.0,0.0,29
clothes (3),z,1,6,train,0.0,1.0,1.0,29
clothes (6),z,1,6,train,0.0,0.0,0.0,29
clothes (4),m,0,6,train,0.0,5.0,1.0,29
clothes (5),m,1,6,train,0.0,0.0,0.0,29
clothes (1),z,0,6,train,0.0,9.0,1.0,29
clothes (2),m,1,6,train,0.0,7.0,1.0,29
clothes (1),m,1,6,train,0.0,11.0,1.0,29
clothes (3),z,1,6,train,0.0,7.0,2.0,29
clothes (2),m,1,6,train,0.0,3.0,2.0,29
clothes (6),z,1,6,train,0.0,8.0,1.0,29
clothes (5),m,1,6,train,0.0,7.0,1.0,29
clothes (4),z,1,6,train,0.0,14.0,1.0,29
clothes (5),m,1,6,train,0.0,2.0,2.0,29
clothes (2),m,1,6,train,0.0,5.0,3.0,29
clothes (6),z,1,6,train,0.0,5.0,2.0,29
clothes (1),m,1,6,train,0.0,9.0,2.0,29
clothes (4),z,1,6,train,0.0,5.0,2.0,29
clothes (3),z,1,6,train,0.0,10.0,3.0,29
clothes (6),z,1,6,train,0.0,4.0,3.0,29
clothes (5),m,1,6,train,0.0,7.0,3.0,29
clothes (2),m,1,6,train,0.0,7.0,4.0,29
clothes (3),z,1,6,train,0.0,4.0,4.0,29
clothes (4),z,1,6,train,0.0,6.0,3.0,29
clothes (1),m,1,6,train,0.0,8.0,3.0,29
clothes (6),z,1,6,train,0.0,6.0,4.0,29
clothes (3),z,1,6,train,0.0,4.0,5.0,29
clothes (4),z,1,6,train,0.0,4.0,4.0,29
clothes (1),m,1,6,train,0.0,4.0,4.0,29
clothes (2),m,1,6,train,0.0,8.0,5.0,29
clothes (5),m,1,6,train,0.0,10.0,4.0,29
clothes (2),m,1,6,train,0.0,2.0,6.0,29
clothes (3),z,1,6,train,0.0,6.0,6.0,29
clothes (5),m,1,6,train,0.0,3.0,5.0,29
clothes (4),z,1,6,train,0.0,7.0,5.0,29
clothes (1),m,1,6,train,0.0,7.0,5.0,29
clothes (6),z,1,6,train,0.0,11.0,5.0,29
clothes (2),m,1,6,train,0.0,6.0,7.0,29
clothes (1),m,1,6,train,0.0,3.0,6.0,29
clothes (4),z,1,6,train,0.0,5.0,6.0,29
clothes (3),z,1,6,train,0.0,8.0,7.0,29
clothes (5),m,1,6,train,0.0,8.0,6.0,29
clothes (6),z,1,6,train,0.0,6.0,6.0,29
clothes (3),z,1,6,train,0.0,3.0,8.0,29
clothes (2),m,1,6,train,0.0,7.0,8.0,29
clothes (6),z,1,6,train,0.0,3.0,7.0,29
clothes (1),m,1,6,train,0.0,8.0,7.0,29
clothes (4),z,1,6,train,0.0,8.0,7.0,29
clothes (5),m,1,6,train,0.0,7.0,7.0,29
clothes (2),m,1,6,train,0.0,5.0,9.0,29
clothes (6),z,1,6,train,0.0,5.0,8.0,29
clothes (3),z,1,6,train,0.0,8.0,9.0,29
clothes (1),m,1,6,train,0.0,6.0,8.0,29
clothes (4),z,1,6,train,0.0,6.0,8.0,29
clothes (5),m,1,6,train,0.0,6.0,8.0,29
clothes (3),z,1,6,train,0.0,4.0,10.0,29
clothes (5),m,1,6,train,0.0,2.0,9.0,29
clothes (2),m,1,6,train,0.0,8.0,10.0,29
clothes (6),z,1,6,train,0.0,8.0,9.0,29
clothes (1),m,1,6,train,0.0,7.0,9.0,29
clothes (4),z,1,6,train,0.0,7.0,9.0,29
clothes (5),m,1,6,train,0.0,5.0,10.0,29
clothes (2),m,1,6,train,0.0,5.0,11.0,29
clothes (1),m,1,6,train,0.0,4.0,10.0,29
clothes (4),z,1,6,train,0.0,4.0,10.0,29
clothes (3),z,1,6,train,0.0,10.0,11.0,29
clothes (6),m,0,6,train,1.0,8.0,10.0,29
clothes (5),m,1,6,train,0.0,6.0,11.0,29
clothes (1),m,1,6,train,0.0,5.0,11.0,29
clothes (2),m,1,6,train,0.0,7.0,12.0,29
clothes (4),z,1,6,train,0.0,6.0,11.0,29
clothes (3),z,1,6,train,0.0,6.0,12.0,29
clothes (6),z,1,6,train,0.0,14.0,10.0,29
face (1),z,1,3,train,0.0,0.0,0.0,29
face (2),z,1,3,train,0.0,0.0,0.0,29
face (3),m,1,3,train,0.0,0.0,0.0,29
face (1),z,1,3,train,0.0,3.0,1.0,29
face (3),m,1,3,train,0.0,2.0,1.0,29
face (2),z,1,3,train,0.0,4.0,1.0,29
face (2),z,1,3,train,0.0,1.0,2.0,29
face (3),m,1,3,train,0.0,3.0,2.0,29
face (1),z,1,3,train,0.0,5.0,2.0,29
face (1),z,1,3,train,0.0,1.0,3.0,29
face (2),z,1,3,train,0.0,4.0,3.0,29
face (3),m,1,3,train,0.0,4.0,3.0,29
face (1),z,1,3,train,0.0,3.0,4.0,29
face (3),m,1,3,train,0.0,2.0,4.0,29
face (2),z,1,3,train,0.0,4.0,4.0,29
face (2),z,1,3,train,0.0,1.0,5.0,29
face (3),m,1,3,train,0.0,3.0,5.0,29
face (1),z,1,3,train,0.0,5.0,5.0,29
face (3),m,1,3,train,0.0,2.0,6.0,29
face (2),z,1,3,train,0.0,4.0,6.0,29
face (1),z,1,3,train,0.0,3.0,6.0,29
face (1),z,1,3,train,0.0,1.0,7.0,29
face (3),m,1,3,train,0.0,4.0,7.0,29
face (2),z,1,3,train,0.0,4.0,7.0,29
face (2),z,1,3,train,0.0,1.0,8.0,29
face (3),m,1,3,train,0.0,3.0,8.0,29
face (1),z,1,3,train,0.0,5.0,8.0,29
face (3),m,1,3,train,0.0,2.0,9.0,29
face (1),z,1,3,train,0.0,2.0,9.0,29
face (2),z,1,3,train,0.0,5.0,9.0,29
face (2),z,1,3,train,0.0,1.0,10.0,29
face (3),m,1,3,train,0.0,4.0,10.0,29
face (2),z,1,3,train,0.0,2.0,11.0,29
face (1),z,1,3,train,0.0,5.0,10.0,29
face (3),m,1,3,train,0.0,3.0,11.0,29
face (1),z,1,3,train,0.0,2.0,11.0,29
color (6),m,0,6,train,0.0,0.0,0.0,29
color (1),z,0,6,train,0.0,0.0,0.0,29
color (5),z,0,6,train,0.0,0.0,0.0,29
color (4),z,1,6,train,0.0,0.0,0.0,29
color (2),m,1,6,train,0.0,0.0,0.0,29
color (3),z,1,6,train,0.0,0.0,0.0,29
color (3),z,1,6,train,0.0,1.0,1.0,29
color (6),z,1,6,train,0.0,0.0,0.0,29
color (4),m,0,6,train,0.0,5.0,1.0,29
color (5),m,1,6,train,0.0,0.0,0.0,29
color (1),m,1,6,train,0.0,0.0,0.0,29
color (2),m,1,6,train,0.0,7.0,1.0,29
color (1),m,1,6,train,0.0,2.0,1.0,29
color (3),z,1,6,train,0.0,7.0,2.0,29
color (2),m,1,6,train,0.0,3.0,2.0,29
color (6),m,0,6,train,1.0,8.0,1.0,29
color (5),m,1,6,train,0.0,7.0,1.0,29
color (4),z,1,6,train,0.0,14.0,1.0,29
color (5),m,1,6,train,0.0,2.0,2.0,29
color (2),m,1,6,train,0.0,5.0,3.0,29
color (6),z,1,6,train,0.0,13.0,1.0,29
color (1),m,1,6,train,0.0,9.0,2.0,29
color (4),z,1,6,train,0.0,5.0,2.0,29
color (3),z,1,6,train,0.0,10.0,3.0,29
color (6),m,0,6,train,1.0,4.0,2.0,29
color (5),m,1,6,train,0.0,7.0,3.0,29
color (2),m,1,6,train,0.0,7.0,4.0,29
color (3),z,1,6,train,0.0,4.0,4.0,29
color (4),z,1,6,train,0.0,6.0,3.0,29
color (1),m,1,6,train,0.0,8.0,3.0,29
color (6),z,1,6,train,0.0,10.0,2.0,29
color (3),z,1,6,train,0.0,4.0,5.0,29
color (4),m,0,6,train,1.0,4.0,4.0,29
color (1),m,1,6,train,0.0,4.0,4.0,29
color (2),m,1,6,train,0.0,8.0,5.0,29
color (5),m,1,6,train,0.0,10.0,4.0,29
color (2),m,1,6,train,0.0,2.0,6.0,29
color (3),z,1,6,train,0.0,6.0,6.0,29
color (5),m,1,6,train,0.0,3.0,5.0,29
color (4),z,1,6,train,0.0,11.0,4.0,29
color (1),m,1,6,train,0.0,7.0,5.0,29
color (6),z,1,6,train,0.0,11.0,3.0,29
color (2),m,1,6,train,0.0,6.0,7.0,29
color (1),z,0,6,train,1.0,3.0,6.0,29
color (4),z,1,6,train,0.0,5.0,5.0,29
color (3),z,1,6,train,0.0,8.0,7.0,29
color (5),m,1,6,train,0.0,8.0,6.0,29
color (6),z,1,6,train,0.0,6.0,4.0,29
color (3),z,1,6,train,0.0,3.0,8.0,29
color (2),m,1,6,train,0.0,7.0,8.0,29
color (6),z,1,6,train,0.0,3.0,5.0,29
color (1),m,1,6,train,0.0,11.0,6.0,29
color (4),z,1,6,train,0.0,8.0,6.0,29
color (5),m,1,6,train,0.0,7.0,7.0,29
color (2),z,0,6,train,0.0,5.0,9.0,29
color (6),z,1,6,train,0.0,5.0,6.0,29
color (3),z,1,6,train,0.0,8.0,9.0,29
color (1),m,1,6,train,0.0,6.0,7.0,29
color (4),z,1,6,train,0.0,6.0,7.0,29
color (5),m,1,6,train,0.0,6.0,8.0,29
color (3),z,1,6,train,0.0,4.0,10.0,29
color (5),m,1,6,train,0.0,2.0,9.0,29
color (2),z,0,6,train,1.0,13.0,9.0,29
color (6),z,1,6,train,0.0,8.0,7.0,29
color (1),m,1,6,train,0.0,7.0,8.0,29
color (4),z,1,6,train,0.0,7.0,8.0,29
color (5),m,1,6,train,0.0,5.0,10.0,29
color (2),m,1,6,train,0.0,18.0,9.0,29
color (1),m,1,6,train,0.0,4.0,9.0,29
color (4),z,1,6,train,0.0,4.0,9.0,29
color (3),z,1,6,train,0.0,10.0,11.0,29
color (6),z,1,6,train,0.0,8.0,8.0,29
color (5),m,1,6,train,0.0,6.0,11.0,29
color (1),m,1,6,train,0.0,5.0,10.0,29
color (2),m,1,6,train,0.0,7.0,10.0,29
color (4),z,1,6,train,0.0,6.0,10.0,29
color (3),z,1,6,train,0.0,6.0,12.0,29
color (6),z,1,6,train,0.0,6.0,9.0,29
symbol (1),z,0,3,train,0.0,0.0,0.0,29
symbol (2),m,1,3,train,0.0,0.0,0.0,29
symbol (3),z,1,3,train,0.0,0.0,0.0,29
symbol (1),m,1,3,train,0.0,0.0,0.0,29
symbol (3),z,1,3,train,0.0,2.0,1.0,29
symbol (2),m,1,3,train,0.0,4.0,1.0,29
symbol (2),m,1,3,train,0.0,1.0,2.0,29
symbol (3),z,1,3,train,0.0,3.0,2.0,29
symbol (1),m,1,3,train,0.0,5.0,1.0,29
symbol (1),m,1,3,train,0.0,1.0,2.0,29
symbol (2),m,1,3,train,0.0,4.0,3.0,29
symbol (3),z,1,3,train,0.0,4.0,3.0,29
symbol (1),m,1,3,train,0.0,3.0,3.0,29
symbol (3),z,1,3,train,0.0,2.0,4.0,29
symbol (2),m,1,3,train,0.0,4.0,4.0,29
symbol (2),m,1,3,train,0.0,1.0,5.0,29
symbol (3),z,1,3,train,0.0,3.0,5.0,29
symbol (1),m,1,3,train,0.0,5.0,4.0,29
symbol (3),m,0,3,train,0.0,2.0,6.0,29
symbol (2),m,1,3,train,0.0,4.0,6.0,29
symbol (1),m,1,3,train,0.0,3.0,5.0,29
symbol (1),m,1,3,train,0.0,1.0,6.0,29
symbol (3),z,1,3,train,0.0,6.0,6.0,29
symbol (2),m,1,3,train,0.0,4.0,7.0,29
symbol (2),m,1,3,train,0.0,1.0,8.0,29
symbol (3),z,1,3,train,0.0,3.0,7.0,29
symbol (1),m,1,3,train,0.0,5.0,7.0,29
symbol (3),z,1,3,train,0.0,2.0,8.0,29
symbol (1),m,1,3,train,0.0,2.0,8.0,29
symbol (2),m,1,3,train,0.0,5.0,9.0,29
symbol (2),m,1,3,train,0.0,1.0,10.0,29
symbol (3),z,1,3,train,0.0,4.0,9.0,29
symbol (2),m,1,3,train,0.0,2.0,11.0,29
symbol (1),m,1,3,train,0.0,5.0,9.0,29
symbol (3),z,1,3,train,0.0,3.0,10.0,29
symbol (1),m,1,3,train,0.0,2.0,10.0,29
environment (6),z,1,6,train,0.0,0.0,0.0,29
environment (1),m,1,6,train,0.0,0.0,0.0,29
environment (5),z,0,6,train,0.0,0.0,0.0,29
environment (4),z,1,6,train,0.0,0.0,0.0,29
environment (2),z,0,6,train,0.0,0.0,0.0,29
environment (3),m,0,6,train,0.0,0.0,0.0,29
environment (3),z,1,6,train,0.0,0.0,0.0,29
environment (6),m,0,6,train,0.0,7.0,1.0,29
environment (4),z,1,6,train,0.0,5.0,1.0,29
environment (5),m,1,6,train,0.0,0.0,0.0,29
environment (1),m,1,6,train,0.0,9.0,1.0,29
environment (2),m,1,6,train,0.0,0.0,0.0,29
environment (1),m,1,6,train,0.0,2.0,2.0,29
environment (3),z,1,6,train,0.0,7.0,1.0,29
environment (2),m,1,6,train,0.0,3.0,1.0,29
environment (6),z,1,6,train,0.0,15.0,1.0,29
environment (5),m,1,6,train,0.0,7.0,1.0,29
environment (4),z,1,6,train,0.0,9.0,2.0,29
environment (5),m,1,6,train,0.0,2.0,2.0,29
environment (2),m,1,6,train,0.0,5.0,2.0,29
environment (6),z,1,6,train,0.0,5.0,2.0,29
environment (1),m,1,6,train,0.0,9.0,3.0,29
environment (4),z,1,6,train,0.0,5.0,3.0,29
environment (3),z,1,6,train,0.0,10.0,2.0,29
environment (6),z,1,6,train,0.0,4.0,3.0,29
environment (5),m,1,6,train,0.0,7.0,3.0,29
environment (2),m,1,6,train,0.0,7.0,3.0,29
environment (3),z,1,6,train,0.0,4.0,3.0,29
environment (4),z,1,6,train,0.0,6.0,4.0,29
environment (1),m,1,6,train,0.0,8.0,4.0,29
environment (6),z,1,6,train,0.0,6.0,4.0,29
environment (3),z,1,6,train,0.0,4.0,4.0,29
environment (4),z,1,6,train,0.0,4.0,5.0,29
environment (1),m,1,6,train,0.0,4.0,5.0,29
environment (2),m,1,6,train,0.0,8.0,4.0,29
environment (5),m,1,6,train,0.0,10.0,4.0,29
environment (2),m,1,6,train,0.0,2.0,5.0,29
environment (3),z,1,6,train,0.0,6.0,5.0,29
environment (5),m,1,6,train,0.0,3.0,5.0,29
environment (4),z,1,6,train,0.0,7.0,6.0,29
environment (1),m,1,6,train,0.0,7.0,6.0,29
environment (6),z,1,6,train,0.0,11.0,5.0,29
environment (2),m,1,6,train,0.0,6.0,6.0,29
environment (1),m,1,6,train,0.0,3.0,7.0,29
environment (4),z,1,6,train,0.0,5.0,7.0,29
environment (3),z,1,6,train,0.0,8.0,6.0,29
environment (5),m,1,6,train,0.0,8.0,6.0,29
environment (6),z,1,6,train,0.0,6.0,6.0,29
environment (3),z,1,6,train,0.0,3.0,7.0,29
environment (2),m,1,6,train,0.0,7.0,7.0,29
environment (6),z,1,6,train,0.0,3.0,7.0,29
environment (1),m,1,6,train,0.0,8.0,8.0,29
environment (4),z,1,6,train,0.0,8.0,8.0,29
environment (5),m,1,6,train,0.0,7.0,7.0,29
environment (2),m,1,6,train,0.0,5.0,8.0,29
environment (6),z,1,6,train,0.0,5.0,8.0,29
environment (3),z,1,6,train,0.0,8.0,8.0,29
environment (1),m,1,6,train,0.0,6.0,9.0,29
environment (4),z,1,6,train,0.0,6.0,9.0,29
environment (5),m,1,6,train,0.0,6.0,8.0,29
environment (3),z,1,6,train,0.0,4.0,9.0,29
environment (5),m,1,6,train,0.0,2.0,9.0,29
environment (2),m,1,6,train,0.0,8.0,9.0,29
environment (6),z,1,6,train,0.0,8.0,9.0,29
environment (1),m,1,6,train,0.0,7.0,10.0,29
environment (4),z,1,6,train,0.0,7.0,10.0,29
environment (5),m,1,6,train,0.0,5.0,10.0,29
environment (2),m,1,6,train,0.0,5.0,10.0,29
environment (1),m,1,6,train,0.0,4.0,11.0,29
environment (4),z,1,6,train,0.0,4.0,11.0,29
environment (3),z,1,6,train,0.0,10.0,10.0,29
environment (6),z,1,6,train,0.0,8.0,10.0,29
environment (5),m,1,6,train,0.0,6.0,11.0,29
environment (1),m,1,6,train,0.0,5.0,12.0,29
environment (2),m,1,6,train,0.0,7.0,11.0,29
environment (4),z,1,6,train,0.0,6.0,12.0,29
environment (3),z,1,6,train,0.0,6.0,11.0,29
environment (6),z,1,6,train,0.0,6.0,11.0,29
vehicle (1),m,1,3,train,0.0,0.0,0.0,29
vehicle (2),m,1,3,train,0.0,0.0,0.0,29
vehicle (3),z,1,3,train,0.0,0.0,0.0,29
vehicle (1),m,1,3,train,0.0,3.0,1.0,29
vehicle (3),z,1,3,train,0.0,2.0,1.0,29
vehicle (2),m,1,3,train,0.0,4.0,1.0,29
vehicle (2),m,1,3,train,0.0,1.0,2.0,29
vehicle (3),z,1,3,train,0.0,3.0,2.0,29
vehicle (1),m,1,3,train,0.0,5.0,2.0,29
vehicle (1),m,1,3,train,0.0,1.0,3.0,29
vehicle (2),m,1,3,train,0.0,4.0,3.0,29
vehicle (3),z,1,3,train,0.0,4.0,3.0,29
vehicle (1),m,1,3,train,0.0,3.0,4.0,29
vehicle (3),z,1,3,train,0.0,2.0,4.0,29
vehicle (2),m,1,3,train,0.0,4.0,4.0,29
vehicle (2),m,1,3,train,0.0,1.0,5.0,29
vehicle (3),z,1,3,train,0.0,3.0,5.0,29
vehicle (1),m,1,3,train,0.0,5.0,5.0,29
vehicle (3),z,1,3,train,0.0,2.0,6.0,29
vehicle (2),m,1,3,train,0.0,4.0,6.0,29
vehicle (1),m,1,3,train,0.0,3.0,6.0,29
vehicle (1),m,1,3,train,0.0,1.0,7.0,29
vehicle (3),z,1,3,train,0.0,4.0,7.0,29
vehicle (2),m,1,3,train,0.0,4.0,7.0,29
vehicle (2),m,1,3,train,0.0,1.0,8.0,29
vehicle (3),z,1,3,train,0.0,3.0,8.0,29
vehicle (1),m,1,3,train,0.0,5.0,8.0,29
vehicle (3),z,1,3,train,0.0,2.0,9.0,29
vehicle (1),m,1,3,train,0.0,2.0,9.0,29
vehicle (2),m,1,3,train,0.0,5.0,9.0,29
vehicle (2),m,1,3,train,0.0,1.0,10.0,29
vehicle (3),z,1,3,train,0.0,4.0,10.0,29
vehicle (2),m,1,3,train,0.0,2.0,11.0,29
vehicle (1),m,1,3,train,0.0,5.0,10.0,29
vehicle (3),z,1,3,train,0.0,3.0,11.0,29
vehicle (1),m,1,3,train,0.0,2.0,11.0,29
instrument (1),z,0,3,train,0.0,0.0,0.0,29
instrument (2),z,0,3,train,0.0,0.0,0.0,29
instrument (3),m,0,3,train,0.0,0.0,0.0,29
instrument (1),m,1,3,train,0.0,0.0,0.0,29
instrument (3),z,1,3,train,0.0,0.0,0.0,29
instrument (2),z,0,3,train,1.0,0.0,0.0,29
instrument (2),z,0,3,train,1.0,0.0,0.0,29
instrument (3),z,1,3,train,0.0,3.0,1.0,29
instrument (1),m,1,3,train,0.0,5.0,1.0,29
instrument (1),m,1,3,train,0.0,1.0,2.0,29
instrument (2),m,1,3,train,0.0,0.0,0.0,29
instrument (3),z,1,3,train,0.0,4.0,2.0,29
instrument (1),m,1,3,train,0.0,3.0,3.0,29
instrument (3),z,1,3,train,0.0,2.0,3.0,29
instrument (2),m,1,3,train,0.0,4.0,1.0,29
instrument (2),m,1,3,train,0.0,1.0,2.0,29
instrument (3),z,1,3,train,0.0,3.0,4.0,29
instrument (1),m,1,3,train,0.0,5.0,4.0,29
instrument (3),z,1,3,train,0.0,2.0,5.0,29
instrument (2),m,1,3,train,0.0,4.0,3.0,29
instrument (1),m,1,3,train,0.0,3.0,5.0,29
instrument (1),m,1,3,train,0.0,1.0,6.0,29
instrument (3),z,1,3,train,0.0,4.0,6.0,29
instrument (2),m,1,3,train,0.0,4.0,4.0,29
instrument (2),m,1,3,train,0.0,1.0,5.0,29
instrument (3),z,1,3,train,0.0,3.0,7.0,29
instrument (1),m,1,3,train,0.0,5.0,7.0,29
instrument (3),z,1,3,train,0.0,2.0,8.0,29
instrument (1),m,1,3,train,0.0,2.0,8.0,29
instrument (2),m,1,3,train,0.0,5.0,6.0,29
instrument (2),m,1,3,train,0.0,1.0,7.0,29
instrument (3),z,1,3,train,0.0,4.0,9.0,29
instrument (2),m,1,3,train,0.0,2.0,8.0,29
instrument (1),m,1,3,train,0.0,5.0,9.0,29
instrument (3),z,1,3,train,0.0,3.0,10.0,29
instrument (1),m,1,3,train,0.0,2.0,10.0,29
jungle2,z,1,3,train,0.0,0.0,0.0,30
jungle1,m,0,3,train,0.0,0.0,0.0,30
jungle3,m,1,3,train,0.0,0.0,0.0,30
jungle1,z,1,3,train,0.0,0.0,0.0,30
jungle3,m,1,3,train,0.0,2.0,1.0,30
jungle2,z,1,3,train,0.0,5.0,1.0,30
jungle3,m,1,3,train,0.0,2.0,2.0,30
jungle2,m,0,3,train,0.0,2.0,2.0,30
jungle1,z,1,3,train,0.0,5.0,1.0,30
jungle1,z,1,3,train,0.0,1.0,2.0,30
jungle2,z,1,3,train,0.0,5.0,2.0,30
jungle3,m,1,3,train,0.0,5.0,3.0,30
jungle3,m,1,3,train,0.0,1.0,4.0,30
jungle1,z,1,3,train,0.0,4.0,3.0,30
jungle2,z,1,3,train,0.0,4.0,3.0,30
jungle3,m,1,3,train,0.0,3.0,5.0,30
jungle1,z,1,3,train,0.0,3.0,4.0,30
jungle2,z,1,3,train,0.0,3.0,4.0,30
jungle1,z,1,3,train,0.0,2.0,5.0,30
jungle3,m,1,3,train,0.0,4.0,6.0,30
jungle2,z,1,3,train,0.0,3.0,5.0,30
jungle3,m,1,3,train,0.0,2.0,7.0,30
jungle2,z,1,3,train,0.0,2.0,6.0,30
jungle1,z,1,3,train,0.0,5.0,6.0,30
jungle2,z,1,3,train,0.0,2.0,7.0,30
jungle3,m,1,3,train,0.0,4.0,8.0,30
jungle1,z,1,3,train,0.0,3.0,7.0,30
jungle1,z,1,3,train,0.0,1.0,8.0,30
jungle2,z,1,3,train,0.0,4.0,8.0,30
jungle3,m,1,3,train,0.0,4.0,9.0,30
jungle2,z,1,3,train,0.0,2.0,9.0,30
jungle3,z,0,3,train,0.0,2.0,10.0,30
jungle1,z,1,3,train,0.0,5.0,9.0,30
jungle2,z,1,3,train,0.0,3.0,10.0,30
jungle1,z,1,3,train,0.0,2.0,10.0,30
jungle3,m,1,3,train,0.0,6.0,10.0,30
vegan (6),z,1,6,train,0.0,0.0,0.0,30
vegan (1),m,1,6,train,0.0,0.0,0.0,30
vegan (5),z,0,6,train,0.0,0.0,0.0,30
vegan (4),z,1,6,train,0.0,0.0,0.0,30
vegan (2),m,1,6,train,0.0,0.0,0.0,30
vegan (3),m,0,6,train,0.0,0.0,0.0,30
vegan (3),z,1,6,train,0.0,0.0,0.0,30
vegan (6),z,1,6,train,0.0,7.0,1.0,30
vegan (4),z,1,6,train,0.0,5.0,1.0,30
vegan (5),m,1,6,train,0.0,0.0,0.0,30
vegan (1),z,0,6,train,0.0,9.0,1.0,30
vegan (2),z,0,6,train,0.0,7.0,1.0,30
vegan (1),m,1,6,train,0.0,11.0,1.0,30
vegan (3),z,1,6,train,0.0,7.0,1.0,30
vegan (2),z,0,6,train,1.0,10.0,1.0,30
vegan (6),z,1,6,train,0.0,8.0,2.0,30
vegan (5),m,1,6,train,0.0,7.0,1.0,30
vegan (4),z,1,6,train,0.0,9.0,2.0,30
vegan (5),z,0,6,train,1.0,2.0,2.0,30
vegan (2),z,0,6,train,1.0,15.0,1.0,30
vegan (6),z,1,6,train,0.0,5.0,3.0,30
vegan (1),m,1,6,train,0.0,9.0,2.0,30
vegan (4),z,1,6,train,0.0,5.0,3.0,30
vegan (3),z,1,6,train,0.0,10.0,2.0,30
vegan (6),z,1,6,train,0.0,4.0,4.0,30
vegan (5),m,1,6,train,0.0,9.0,2.0,30
vegan (2),z,0,6,train,1.0,22.0,1.0,30
vegan (3),z,1,6,train,0.0,4.0,3.0,30
vegan (4),z,1,6,train,0.0,6.0,4.0,30
vegan (1),m,1,6,train,0.0,8.0,3.0,30
vegan (6),z,1,6,train,0.0,6.0,5.0,30
vegan (3),z,1,6,train,0.0,4.0,4.0,30
vegan (4),z,1,6,train,0.0,4.0,5.0,30
vegan (1),m,1,6,train,0.0,4.0,4.0,30
vegan (2),m,1,6,train,0.0,30.0,1.0,30
vegan (5),m,1,6,train,0.0,10.0,3.0,30
vegan (2),m,1,6,train,0.0,2.0,2.0,30
vegan (3),z,1,6,train,0.0,6.0,5.0,30
vegan (5),m,1,6,train,0.0,3.0,4.0,30
vegan (4),z,1,6,train,0.0,7.0,6.0,30
vegan (1),m,1,6,train,0.0,7.0,5.0,30
vegan (6),z,1,6,train,0.0,11.0,6.0,30
vegan (2),m,1,6,train,0.0,6.0,3.0,30
vegan (1),z,0,6,train,1.0,3.0,6.0,30
vegan (4),z,1,6,train,0.0,5.0,7.0,30
vegan (3),z,1,6,train,0.0,8.0,6.0,30
vegan (5),m,1,6,train,0.0,8.0,5.0,30
vegan (6),z,1,6,train,0.0,6.0,7.0,30
vegan (3),z,1,6,train,0.0,3.0,7.0,30
vegan (2),m,1,6,train,0.0,7.0,4.0,30
vegan (6),z,1,6,train,0.0,3.0,8.0,30
vegan (1),m,1,6,train,0.0,11.0,6.0,30
vegan (4),z,1,6,train,0.0,8.0,8.0,30
vegan (5),m,1,6,train,0.0,7.0,6.0,30
vegan (2),m,1,6,train,0.0,5.0,5.0,30
vegan (6),z,1,6,train,0.0,5.0,9.0,30
vegan (3),z,1,6,train,0.0,8.0,8.0,30
vegan (1),m,1,6,train,0.0,6.0,7.0,30
vegan (4),z,1,6,train,0.0,6.0,9.0,30
vegan (5),m,1,6,train,0.0,6.0,7.0,30
vegan (3),z,1,6,train,0.0,4.0,9.0,30
vegan (5),m,1,6,train,0.0,2.0,8.0,30
vegan (2),m,1,6,train,0.0,8.0,6.0,30
vegan (6),z,1,6,train,0.0,8.0,10.0,30
vegan (1),m,1,6,train,0.0,7.0,8.0,30
vegan (4),z,1,6,train,0.0,7.0,10.0,30
vegan (5),m,1,6,train,0.0,5.0,9.0,30
vegan (2),m,1,6,train,0.0,5.0,7.0,30
vegan (1),m,1,6,train,0.0,4.0,9.0,30
vegan (4),z,1,6,train,0.0,4.0,11.0,30
vegan (3),z,1,6,train,0.0,10.0,10.0,30
vegan (6),z,1,6,train,0.0,8.0,11.0,30
vegan (5),m,1,6,train,0.0,6.0,10.0,30
vegan (1),m,1,6,train,0.0,5.0,10.0,30
vegan (2),m,1,6,train,0.0,7.0,8.0,30
vegan (4),z,1,6,train,0.0,6.0,12.0,30
vegan (3),z,1,6,train,0.0,6.0,11.0,30
vegan (6),z,1,6,train,0.0,6.0,12.0,30
animal (1),m,0,3,train,0.0,0.0,0.0,30
animal (2),m,0,3,train,0.0,0.0,0.0,30
animal (3),m,1,3,train,0.0,0.0,0.0,30
animal (1),z,1,3,train,0.0,0.0,0.0,30
animal (3),m,1,3,train,0.0,2.0,1.0,30
animal (2),z,1,3,train,0.0,0.0,0.0,30
animal (2),z,1,3,train,0.0,1.0,1.0,30
animal (3),z,0,3,train,0.0,3.0,2.0,30
animal (1),z,1,3,train,0.0,5.0,1.0,30
animal (1),z,1,3,train,0.0,1.0,2.0,30
animal (2),z,1,3,train,0.0,4.0,2.0,30
animal (3),m,1,3,train,0.0,7.0,2.0,30
animal (1),z,1,3,train,0.0,3.0,3.0,30
animal (3),m,1,3,train,0.0,2.0,3.0,30
animal (2),z,1,3,train,0.0,4.0,3.0,30
animal (2),z,1,3,train,0.0,1.0,4.0,30
animal (3),m,1,3,train,0.0,3.0,4.0,30
animal (1),z,1,3,train,0.0,5.0,4.0,30
animal (3),m,1,3,train,0.0,2.0,5.0,30
animal (2),z,1,3,train,0.0,4.0,5.0,30
animal (1),z,1,3,train,0.0,3.0,5.0,30
animal (1),z,1,3,train,0.0,1.0,6.0,30
animal (3),m,1,3,train,0.0,4.0,6.0,30
animal (2),z,1,3,train,0.0,4.0,6.0,30
animal (2),z,1,3,train,0.0,1.0,7.0,30
animal (3),m,1,3,train,0.0,3.0,7.0,30
animal (1),z,1,3,train,0.0,5.0,7.0,30
animal (3),m,1,3,train,0.0,2.0,8.0,30
animal (1),z,1,3,train,0.0,2.0,8.0,30
animal (2),z,1,3,train,0.0,5.0,8.0,30
animal (2),z,1,3,train,0.0,1.0,9.0,30
animal (3),m,1,3,train,0.0,4.0,9.0,30
animal (2),z,1,3,train,0.0,2.0,10.0,30
animal (1),z,1,3,train,0.0,5.0,9.0,30
animal (3),m,1,3,train,0.0,3.0,10.0,30
animal (1),z,1,3,train,0.0,2.0,10.0,30
fruits (6),z,1,6,train,0.0,0.0,0.0,30
fruits (1),z,0,6,train,0.0,0.0,0.0,30
fruits (5),z,0,6,train,0.0,0.0,0.0,30
fruits (4),z,1,6,train,0.0,0.0,0.0,30
fruits (2),z,0,6,train,0.0,0.0,0.0,30
fruits (3),z,1,6,train,0.0,0.0,0.0,30
fruits (3),z,1,6,train,0.0,1.0,1.0,30
fruits (6),z,1,6,train,0.0,7.0,1.0,30
fruits (4),z,1,6,train,0.0,5.0,1.0,30
fruits (5),m,1,6,train,0.0,0.0,0.0,30
fruits (1),m,1,6,train,0.0,0.0,0.0,30
fruits (2),m,1,6,train,0.0,0.0,0.0,30
fruits (1),m,1,6,train,0.0,2.0,1.0,30
fruits (3),z,1,6,train,0.0,7.0,2.0,30
fruits (2),m,1,6,train,0.0,3.0,1.0,30
fruits (6),z,1,6,train,0.0,8.0,2.0,30
fruits (5),m,1,6,train,0.0,7.0,1.0,30
fruits (4),z,1,6,train,0.0,9.0,2.0,30
fruits (5),m,1,6,train,0.0,2.0,2.0,30
fruits (2),m,1,6,train,0.0,5.0,2.0,30
fruits (6),z,1,6,train,0.0,5.0,3.0,30
fruits (1),m,1,6,train,0.0,9.0,2.0,30
fruits (4),z,1,6,train,0.0,5.0,3.0,30
fruits (3),z,1,6,train,0.0,10.0,3.0,30
fruits (6),z,1,6,train,0.0,4.0,4.0,30
fruits (5),m,1,6,train,0.0,7.0,3.0,30
fruits (2),m,1,6,train,0.0,7.0,3.0,30
fruits (3),z,1,6,train,0.0,4.0,4.0,30
fruits (4),z,1,6,train,0.0,6.0,4.0,30
fruits (1),m,1,6,train,0.0,8.0,3.0,30
fruits (6),z,1,6,train,0.0,6.0,5.0,30
fruits (3),z,1,6,train,0.0,4.0,5.0,30
fruits (4),m,0,6,train,0.0,4.0,5.0,30
fruits (1),m,1,6,train,0.0,4.0,4.0,30
fruits (2),m,1,6,train,0.0,8.0,4.0,30
fruits (5),m,1,6,train,0.0,10.0,4.0,30
fruits (2),m,1,6,train,0.0,2.0,5.0,30
fruits (3),z,1,6,train,0.0,6.0,6.0,30
fruits (5),m,1,6,train,0.0,3.0,5.0,30
fruits (4),z,1,6,train,0.0,11.0,5.0,30
fruits (1),m,1,6,train,0.0,7.0,5.0,30
fruits (6),z,1,6,train,0.0,11.0,6.0,30
fruits (2),m,1,6,train,0.0,6.0,6.0,30
fruits (1),m,1,6,train,0.0,3.0,6.0,30
fruits (4),z,1,6,train,0.0,5.0,6.0,30
fruits (3),z,1,6,train,0.0,8.0,7.0,30
fruits (5),m,1,6,train,0.0,8.0,6.0,30
fruits (6),z,1,6,train,0.0,6.0,7.0,30
fruits (3),z,1,6,train,0.0,3.0,8.0,30
fruits (2),m,1,6,train,0.0,7.0,7.0,30
fruits (6),z,1,6,train,0.0,3.0,8.0,30
fruits (1),m,1,6,train,0.0,8.0,7.0,30
fruits (4),z,1,6,train,0.0,8.0,7.0,30
fruits (5),m,1,6,train,0.0,7.0,7.0,30
fruits (2),m,1,6,train,0.0,5.0,8.0,30
fruits (6),z,1,6,train,0.0,5.0,9.0,30
fruits (3),z,1,6,train,0.0,8.0,9.0,30
fruits (1),m,1,6,train,0.0,6.0,8.0,30
fruits (4),z,1,6,train,0.0,6.0,8.0,30
fruits (5),m,1,6,train,0.0,6.0,8.0,30
fruits (3),z,1,6,train,0.0,4.0,10.0,30
fruits (5),m,1,6,train,0.0,2.0,9.0,30
fruits (2),m,1,6,train,0.0,8.0,9.0,30
fruits (6),z,1,6,train,0.0,8.0,10.0,30
fruits (1),m,1,6,train,0.0,7.0,9.0,30
fruits (4),z,1,6,train,0.0,7.0,9.0,30
fruits (5),m,1,6,train,0.0,5.0,10.0,30
fruits (2),m,1,6,train,0.0,5.0,10.0,30
fruits (1),m,1,6,train,0.0,4.0,10.0,30
fruits (4),z,1,6,train,0.0,4.0,10.0,30
fruits (3),z,1,6,train,0.0,10.0,11.0,30
fruits (6),z,1,6,train,0.0,8.0,11.0,30
fruits (5),m,1,6,train,0.0,6.0,11.0,30
fruits (1),m,1,6,train,0.0,5.0,11.0,30
fruits (2),m,1,6,train,0.0,7.0,11.0,30
fruits (4),z,1,6,train,0.0,6.0,11.0,30
fruits (3),z,1,6,train,0.0,6.0,12.0,30
fruits (6),z,1,6,train,0.0,6.0,12.0,30
tools (1),z,1,3,train,0.0,0.0,0.0,30
tools (2),m,0,3,train,0.0,0.0,0.0,30
tools (3),m,1,3,train,0.0,0.0,0.0,30
tools (1),z,1,3,train,0.0,3.0,1.0,30
tools (3),m,1,3,train,0.0,2.0,1.0,30
tools (2),z,1,3,train,0.0,0.0,0.0,30
tools (2),z,1,3,train,0.0,1.0,1.0,30
tools (3),m,1,3,train,0.0,3.0,2.0,30
tools (1),z,1,3,train,0.0,5.0,2.0,30
tools (1),z,1,3,train,0.0,1.0,3.0,30
tools (2),z,1,3,train,0.0,4.0,2.0,30
tools (3),m,1,3,train,0.0,4.0,3.0,30
tools (1),z,1,3,train,0.0,3.0,4.0,30
tools (3),m,1,3,train,0.0,2.0,4.0,30
tools (2),z,1,3,train,0.0,4.0,3.0,30
tools (2),z,1,3,train,0.0,1.0,4.0,30
tools (3),m,1,3,train,0.0,3.0,5.0,30
tools (1),z,1,3,train,0.0,5.0,5.0,30
tools (3),m,1,3,train,0.0,2.0,6.0,30
tools (2),z,1,3,train,0.0,4.0,5.0,30
tools (1),z,1,3,train,0.0,3.0,6.0,30
tools (1),z,1,3,train,0.0,1.0,7.0,30
tools (3),m,1,3,train,0.0,4.0,7.0,30
tools (2),z,1,3,train,0.0,4.0,6.0,30
tools (2),z,1,3,train,0.0,1.0,7.0,30
tools (3),m,1,3,train,0.0,3.0,8.0,30
tools (1),z,1,3,train,0.0,5.0,8.0,30
tools (3),z,0,3,train,0.0,2.0,9.0,30
tools (1),z,1,3,train,0.0,2.0,9.0,30
tools (2),z,1,3,train,0.0,5.0,8.0,30
tools (2),z,1,3,train,0.0,1.0,9.0,30
tools (3),m,1,3,train,0.0,6.0,9.0,30
tools (2),z,1,3,train,0.0,2.0,10.0,30
tools (1),z,1,3,train,0.0,5.0,10.0,30
tools (3),m,1,3,train,0.0,3.0,10.0,30
tools (1),z,1,3,train,0.0,2.0,11.0,30
clothes (6),z,1,6,train,0.0,0.0,0.0,30
clothes (1),z,0,6,train,0.0,0.0,0.0,30
clothes (5),z,0,6,train,0.0,0.0,0.0,30
clothes (4),z,1,6,train,0.0,0.0,0.0,30
clothes (2),z,0,6,train,0.0,0.0,0.0,30
clothes (3),z,1,6,train,0.0,0.0,0.0,30
clothes (3),z,1,6,train,0.0,1.0,1.0,30
clothes (6),z,1,6,train,0.0,7.0,1.0,30
clothes (4),z,1,6,train,0.0,5.0,1.0,30
clothes (5),m,1,6,train,0.0,0.0,0.0,30
clothes (1),m,1,6,train,0.0,0.0,0.0,30
clothes (2),m,1,6,train,0.0,0.0,0.0,30
clothes (1),m,1,6,train,0.0,2.0,1.0,30
clothes (3),z,1,6,train,0.0,7.0,2.0,30
clothes (2),m,1,6,train,0.0,3.0,1.0,30
clothes (6),z,1,6,train,0.0,8.0,2.0,30
clothes (5),m,1,6,train,0.0,7.0,1.0,30
clothes (4),z,1,6,train,0.0,9.0,2.0,30
clothes (5),m,1,6,train,0.0,2.0,2.0,30
clothes (2),m,1,6,train,0.0,5.0,2.0,30
clothes (6),z,1,6,train,0.0,5.0,3.0,30
clothes (1),m,1,6,train,0.0,9.0,2.0,30
clothes (4),z,1,6,train,0.0,5.0,3.0,30
clothes (3),z,1,6,train,0.0,10.0,3.0,30
clothes (6),z,1,6,train,0.0,4.0,4.0,30
clothes (5),z,0,6,train,1.0,7.0,3.0,30
clothes (2),m,1,6,train,0.0,7.0,3.0,30
clothes (3),z,1,6,train,0.0,4.0,4.0,30
clothes (4),z,1,6,train,0.0,6.0,4.0,30
clothes (1),m,1,6,train,0.0,8.0,3.0,30
clothes (6),z,1,6,train,0.0,6.0,5.0,30
clothes (3),z,1,6,train,0.0,4.0,5.0,30
clothes (4),z,1,6,train,0.0,4.0,5.0,30
clothes (1),m,1,6,train,0.0,4.0,4.0,30
clothes (2),m,1,6,train,0.0,8.0,4.0,30
clothes (5),m,1,6,train,0.0,17.0,3.0,30
clothes (2),m,1,6,train,0.0,2.0,5.0,30
clothes (3),z,1,6,train,0.0,6.0,6.0,30
clothes (5),m,1,6,train,0.0,3.0,4.0,30
clothes (4),z,1,6,train,0.0,7.0,6.0,30
clothes (1),m,1,6,train,0.0,7.0,5.0,30
clothes (6),z,1,6,train,0.0,11.0,6.0,30
clothes (2),m,1,6,train,0.0,6.0,6.0,30
clothes (1),m,1,6,train,0.0,3.0,6.0,30
clothes (4),z,1,6,train,0.0,5.0,7.0,30
clothes (3),z,1,6,train,0.0,8.0,7.0,30
clothes (5),m,1,6,train,0.0,8.0,5.0,30
clothes (6),z,1,6,train,0.0,6.0,7.0,30
clothes (3),z,1,6,train,0.0,3.0,8.0,30
clothes (2),m,1,6,train,0.0,7.0,7.0,30
clothes (6),z,1,6,train,0.0,3.0,8.0,30
clothes (1),m,1,6,train,0.0,8.0,7.0,30
clothes (4),z,1,6,train,0.0,8.0,8.0,30
clothes (5),m,1,6,train,0.0,7.0,6.0,30
clothes (2),m,1,6,train,0.0,5.0,8.0,30
clothes (6),z,1,6,train,0.0,5.0,9.0,30
clothes (3),z,1,6,train,0.0,8.0,9.0,30
clothes (1),m,1,6,train,0.0,6.0,8.0,30
clothes (4),z,1,6,train,0.0,6.0,9.0,30
clothes (5),m,1,6,train,0.0,6.0,7.0,30
clothes (3),z,1,6,train,0.0,4.0,10.0,30
clothes (5),m,1,6,train,0.0,2.0,8.0,30
clothes (2),m,1,6,train,0.0,8.0,9.0,30
clothes (6),z,1,6,train,0.0,8.0,10.0,30
clothes (1),m,1,6,train,0.0,7.0,9.0,30
clothes (4),z,1,6,train,0.0,7.0,10.0,30
clothes (5),m,1,6,train,0.0,5.0,9.0,30
clothes (2),m,1,6,train,0.0,5.0,10.0,30
clothes (1),m,1,6,train,0.0,4.0,10.0,30
clothes (4),z,1,6,train,0.0,4.0,11.0,30
clothes (3),z,1,6,train,0.0,10.0,11.0,30
clothes (6),z,1,6,train,0.0,8.0,11.0,30
clothes (5),m,1,6,train,0.0,6.0,10.0,30
clothes (1),m,1,6,train,0.0,5.0,11.0,30
clothes (2),m,1,6,train,0.0,7.0,11.0,30
clothes (4),z,1,6,train,0.0,6.0,12.0,30
clothes (3),z,1,6,train,0.0,6.0,12.0,30
clothes (6),z,1,6,train,0.0,6.0,12.0,30
face (1),z,1,3,train,0.0,0.0,0.0,30
face (2),m,0,3,train,0.0,0.0,0.0,30
face (3),m,1,3,train,0.0,0.0,0.0,30
face (1),z,1,3,train,0.0,3.0,1.0,30
face (3),m,1,3,train,0.0,2.0,1.0,30
face (2),z,1,3,train,0.0,0.0,0.0,30
face (2),z,1,3,train,0.0,1.0,1.0,30
face (3),m,1,3,train,0.0,3.0,2.0,30
face (1),z,1,3,train,0.0,5.0,2.0,30
face (1),z,1,3,train,0.0,1.0,3.0,30
face (2),z,1,3,train,0.0,4.0,2.0,30
face (3),m,1,3,train,0.0,4.0,3.0,30
face (1),z,1,3,train,0.0,3.0,4.0,30
face (3),m,1,3,train,0.0,2.0,4.0,30
face (2),z,1,3,train,0.0,4.0,3.0,30
face (2),z,1,3,train,0.0,1.0,4.0,30
face (3),m,1,3,train,0.0,3.0,5.0,30
face (1),z,1,3,train,0.0,5.0,5.0,30
face (3),m,1,3,train,0.0,2.0,6.0,30
face (2),z,1,3,train,0.0,4.0,5.0,30
face (1),m,0,3,train,0.0,3.0,6.0,30
face (1),z,1,3,train,0.0,4.0,6.0,30
face (3),m,1,3,train,0.0,4.0,7.0,30
face (2),z,1,3,train,0.0,4.0,6.0,30
face (2),z,1,3,train,0.0,1.0,7.0,30
face (3),m,1,3,train,0.0,3.0,8.0,30
face (1),z,1,3,train,0.0,5.0,7.0,30
face (3),m,1,3,train,0.0,2.0,9.0,30
face (1),z,1,3,train,0.0,2.0,8.0,30
face (2),z,1,3,train,0.0,5.0,8.0,30
face (2),z,1,3,train,0.0,1.0,9.0,30
face (3),m,1,3,train,0.0,4.0,10.0,30
face (2),z,1,3,train,0.0,2.0,10.0,30
face (1),z,1,3,train,0.0,5.0,9.0,30
face (3),m,1,3,train,0.0,3.0,11.0,30
face (1),z,1,3,train,0.0,2.0,10.0,30
color (6),z,1,6,train,0.0,0.0,0.0,30
color (1),m,1,6,train,0.0,0.0,0.0,30
color (5),z,0,6,train,0.0,0.0,0.0,30
color (4),z,1,6,train,0.0,0.0,0.0,30
color (2),z,0,6,train,0.0,0.0,0.0,30
color (3),z,1,6,train,0.0,0.0,0.0,30
color (3),z,1,6,train,0.0,1.0,1.0,30
color (6),z,1,6,train,0.0,7.0,1.0,30
color (4),z,1,6,train,0.0,5.0,1.0,30
color (5),m,1,6,train,0.0,0.0,0.0,30
color (1),m,1,6,train,0.0,9.0,1.0,30
color (2),m,1,6,train,0.0,0.0,0.0,30
color (1),m,1,6,train,0.0,2.0,2.0,30
color (3),z,1,6,train,0.0,7.0,2.0,30
color (2),m,1,6,train,0.0,3.0,1.0,30
color (6),z,1,6,train,0.0,8.0,2.0,30
color (5),m,1,6,train,0.0,7.0,1.0,30
color (4),z,1,6,train,0.0,9.0,2.0,30
color (5),m,1,6,train,0.0,2.0,2.0,30
color (2),m,1,6,train,0.0,5.0,2.0,30
color (6),z,1,6,train,0.0,5.0,3.0,30
color (1),m,1,6,train,0.0,9.0,3.0,30
color (4),z,1,6,train,0.0,5.0,3.0,30
color (3),m,0,6,train,0.0,10.0,3.0,30
color (6),z,1,6,train,0.0,4.0,4.0,30
color (5),m,1,6,train,0.0,7.0,3.0,30
color (2),m,1,6,train,0.0,7.0,3.0,30
color (3),z,1,6,train,0.0,14.0,3.0,30
color (4),z,1,6,train,0.0,6.0,4.0,30
color (1),m,1,6,train,0.0,8.0,4.0,30
color (6),z,1,6,train,0.0,6.0,5.0,30
color (3),z,1,6,train,0.0,4.0,4.0,30
color (4),z,1,6,train,0.0,4.0,5.0,30
color (1),m,1,6,train,0.0,4.0,5.0,30
color (2),m,1,6,train,0.0,8.0,4.0,30
color (5),m,1,6,train,0.0,10.0,4.0,30
color (2),m,1,6,train,0.0,2.0,5.0,30
color (3),z,1,6,train,0.0,6.0,5.0,30
color (5),m,1,6,train,0.0,3.0,5.0,30
color (4),z,1,6,train,0.0,7.0,6.0,30
color (1),m,1,6,train,0.0,7.0,6.0,30
color (6),z,1,6,train,0.0,11.0,6.0,30
color (2),m,1,6,train,0.0,6.0,6.0,30
color (1),m,1,6,train,0.0,3.0,7.0,30
color (4),z,1,6,train,0.0,5.0,7.0,30
color (3),z,1,6,train,0.0,8.0,6.0,30
color (5),m,1,6,train,0.0,8.0,6.0,30
color (6),z,1,6,train,0.0,6.0,7.0,30
color (3),z,1,6,train,0.0,3.0,7.0,30
color (2),m,1,6,train,0.0,7.0,7.0,30
color (6),z,1,6,train,0.0,3.0,8.0,30
color (1),m,1,6,train,0.0,8.0,8.0,30
color (4),z,1,6,train,0.0,8.0,8.0,30
color (5),m,1,6,train,0.0,7.0,7.0,30
color (2),m,1,6,train,0.0,5.0,8.0,30
color (6),z,1,6,train,0.0,5.0,9.0,30
color (3),z,1,6,train,0.0,8.0,8.0,30
color (1),m,1,6,train,0.0,6.0,9.0,30
color (4),z,1,6,train,0.0,6.0,9.0,30
color (5),m,1,6,train,0.0,6.0,8.0,30
color (3),z,1,6,train,0.0,4.0,9.0,30
color (5),m,1,6,train,0.0,2.0,9.0,30
color (2),z,0,6,train,1.0,8.0,9.0,30
color (6),z,1,6,train,0.0,8.0,10.0,30
color (1),m,1,6,train,0.0,7.0,10.0,30
color (4),z,1,6,train,0.0,7.0,10.0,30
color (5),m,1,6,train,0.0,5.0,10.0,30
color (2),m,1,6,train,0.0,13.0,9.0,30
color (1),m,1,6,train,0.0,4.0,11.0,30
color (4),z,1,6,train,0.0,4.0,11.0,30
color (3),z,1,6,train,0.0,10.0,10.0,30
color (6),z,1,6,train,0.0,8.0,11.0,30
color (5),m,1,6,train,0.0,6.0,11.0,30
color (1),m,1,6,train,0.0,5.0,12.0,30
color (2),m,1,6,train,0.0,7.0,10.0,30
color (4),z,1,6,train,0.0,6.0,12.0,30
color (3),z,1,6,train,0.0,6.0,11.0,30
color (6),z,1,6,train,0.0,6.0,12.0,30
symbol (1),z,0,3,train,0.0,0.0,0.0,30
symbol (2),z,0,3,train,0.0,0.0,0.0,30
symbol (3),z,1,3,train,0.0,0.0,0.0,30
symbol (1),m,1,3,train,0.0,0.0,0.0,30
symbol (3),z,1,3,train,0.0,2.0,1.0,30
symbol (2),m,1,3,train,0.0,0.0,0.0,30
symbol (2),m,1,3,train,0.0,1.0,1.0,30
symbol (3),z,1,3,train,0.0,3.0,2.0,30
symbol (1),m,1,3,train,0.0,5.0,1.0,30
symbol (1),m,1,3,train,0.0,1.0,2.0,30
symbol (2),m,1,3,train,0.0,4.0,2.0,30
symbol (3),z,1,3,train,0.0,4.0,3.0,30
symbol (1),m,1,3,train,0.0,3.0,3.0,30
symbol (3),z,1,3,train,0.0,2.0,4.0,30
symbol (2),m,1,3,train,0.0,4.0,3.0,30
symbol (2),m,1,3,train,0.0,1.0,4.0,30
symbol (3),z,1,3,train,0.0,3.0,5.0,30
symbol (1),m,1,3,train,0.0,5.0,4.0,30
symbol (3),z,1,3,train,0.0,2.0,6.0,30
symbol (2),m,1,3,train,0.0,4.0,5.0,30
symbol (1),m,1,3,train,0.0,3.0,5.0,30
symbol (1),m,1,3,train,0.0,1.0,6.0,30
symbol (3),z,1,3,train,0.0,4.0,7.0,30
symbol (2),m,1,3,train,0.0,4.0,6.0,30
symbol (2),m,1,3,train,0.0,1.0,7.0,30
symbol (3),z,1,3,train,0.0,3.0,8.0,30
symbol (1),m,1,3,train,0.0,5.0,7.0,30
symbol (3),z,1,3,train,0.0,2.0,9.0,30
symbol (1),m,1,3,train,0.0,2.0,8.0,30
symbol (2),m,1,3,train,0.0,5.0,8.0,30
symbol (2),m,1,3,train,0.0,1.0,9.0,30
symbol (3),z,1,3,train,0.0,4.0,10.0,30
symbol (2),m,1,3,train,0.0,2.0,10.0,30
symbol (1),m,1,3,train,0.0,5.0,9.0,30
symbol (3),z,1,3,train,0.0,3.0,11.0,30
symbol (1),m,1,3,train,0.0,2.0,10.0,30
environment (6),m,0,6,train,0.0,0.0,0.0,30
environment (1),m,1,6,train,0.0,0.0,0.0,30
environment (5),z,0,6,train,0.0,0.0,0.0,30
environment (4),z,1,6,train,0.0,0.0,0.0,30
environment (2),z,0,6,train,0.0,0.0,0.0,30
environment (3),z,1,6,train,0.0,0.0,0.0,30
environment (3),z,1,6,train,0.0,1.0,1.0,30
environment (6),z,1,6,train,0.0,0.0,0.0,30
environment (4),z,1,6,train,0.0,5.0,1.0,30
environment (5),m,1,6,train,0.0,0.0,0.0,30
environment (1),m,1,6,train,0.0,9.0,1.0,30
environment (2),m,1,6,train,0.0,0.0,0.0,30
environment (1),m,1,6,train,0.0,2.0,2.0,30
environment (3),z,1,6,train,0.0,7.0,2.0,30
environment (2),m,1,6,train,0.0,3.0,1.0,30
environment (6),z,1,6,train,0.0,8.0,1.0,30
environment (5),m,1,6,train,0.0,7.0,1.0,30
environment (4),z,1,6,train,0.0,9.0,2.0,30
environment (5),m,1,6,train,0.0,2.0,2.0,30
environment (2),m,1,6,train,0.0,5.0,2.0,30
environment (6),z,1,6,train,0.0,5.0,2.0,30
environment (1),m,1,6,train,0.0,9.0,3.0,30
environment (4),z,1,6,train,0.0,5.0,3.0,30
environment (3),z,1,6,train,0.0,10.0,3.0,30
environment (6),z,1,6,train,0.0,4.0,3.0,30
environment (5),m,1,6,train,0.0,7.0,3.0,30
environment (2),m,1,6,train,0.0,7.0,3.0,30
environment (3),z,1,6,train,0.0,4.0,4.0,30
environment (4),z,1,6,train,0.0,6.0,4.0,30
environment (1),m,1,6,train,0.0,8.0,4.0,30
environment (6),z,1,6,train,0.0,6.0,4.0,30
environment (3),z,1,6,train,0.0,4.0,5.0,30
environment (4),z,1,6,train,0.0,4.0,5.0,30
environment (1),m,1,6,train,0.0,4.0,5.0,30
environment (2),m,1,6,train,0.0,8.0,4.0,30
environment (5),m,1,6,train,0.0,10.0,4.0,30
environment (2),m,1,6,train,0.0,2.0,5.0,30
environment (3),z,1,6,train,0.0,6.0,6.0,30
environment (5),m,1,6,train,0.0,3.0,5.0,30
environment (4),z,1,6,train,0.0,7.0,6.0,30
environment (1),m,1,6,train,0.0,7.0,6.0,30
environment (6),z,1,6,train,0.0,11.0,5.0,30
environment (2),m,1,6,train,0.0,6.0,6.0,30
environment (1),z,0,6,train,0.0,3.0,7.0,30
environment (4),z,1,6,train,0.0,5.0,7.0,30
environment (3),z,1,6,train,0.0,8.0,7.0,30
environment (5),m,1,6,train,0.0,8.0,6.0,30
environment (6),z,1,6,train,0.0,6.0,6.0,30
environment (3),z,1,6,train,0.0,3.0,8.0,30
environment (2),m,1,6,train,0.0,7.0,7.0,30
environment (6),z,1,6,train,0.0,3.0,7.0,30
environment (1),m,1,6,train,0.0,11.0,7.0,30
environment (4),z,1,6,train,0.0,8.0,8.0,30
environment (5),m,1,6,train,0.0,7.0,7.0,30
environment (2),m,1,6,train,0.0,5.0,8.0,30
environment (6),z,1,6,train,0.0,5.0,8.0,30
environment (3),z,1,6,train,0.0,8.0,9.0,30
environment (1),m,1,6,train,0.0,6.0,8.0,30
environment (4),z,1,6,train,0.0,6.0,9.0,30
environment (5),m,1,6,train,0.0,6.0,8.0,30
environment (3),z,1,6,train,0.0,4.0,10.0,30
environment (5),m,1,6,train,0.0,2.0,9.0,30
environment (2),m,1,6,train,0.0,8.0,9.0,30
environment (6),z,1,6,train,0.0,8.0,9.0,30
environment (1),m,1,6,train,0.0,7.0,9.0,30
environment (4),z,1,6,train,0.0,7.0,10.0,30
environment (5),m,1,6,train,0.0,5.0,10.0,30
environment (2),m,1,6,train,0.0,5.0,10.0,30
environment (1),m,1,6,train,0.0,4.0,10.0,30
environment (4),z,1,6,train,0.0,4.0,11.0,30
environment (3),z,1,6,train,0.0,10.0,11.0,30
environment (6),z,1,6,train,0.0,8.0,10.0,30
environment (5),m,1,6,train,0.0,6.0,11.0,30
environment (1),z,0,6,train,1.0,5.0,11.0,30
environment (2),m,1,6,train,0.0,7.0,11.0,30
environment (4),z,1,6,train,0.0,6.0,12.0,30
environment (3),z,1,6,train,0.0,6.0,12.0,30
environment (6),z,1,6,train,0.0,6.0,11.0,30
vehicle (1),z,0,3,train,0.0,0.0,0.0,30
vehicle (2),z,0,3,train,0.0,0.0,0.0,30
vehicle (3),z,1,3,train,0.0,0.0,0.0,30
vehicle (1),m,1,3,train,0.0,0.0,0.0,30
vehicle (3),z,1,3,train,0.0,2.0,1.0,30
vehicle (2),m,1,3,train,0.0,0.0,0.0,30
vehicle (2),m,1,3,train,0.0,1.0,1.0,30
vehicle (3),z,1,3,train,0.0,3.0,2.0,30
vehicle (1),m,1,3,train,0.0,5.0,1.0,30
vehicle (1),m,1,3,train,0.0,1.0,2.0,30
vehicle (2),m,1,3,train,0.0,4.0,2.0,30
vehicle (3),z,1,3,train,0.0,4.0,3.0,30
vehicle (1),m,1,3,train,0.0,3.0,3.0,30
vehicle (3),z,1,3,train,0.0,2.0,4.0,30
vehicle (2),m,1,3,train,0.0,4.0,3.0,30
vehicle (2),m,1,3,train,0.0,1.0,4.0,30
vehicle (3),z,1,3,train,0.0,3.0,5.0,30
vehicle (1),m,1,3,train,0.0,5.0,4.0,30
vehicle (3),z,1,3,train,0.0,2.0,6.0,30
vehicle (2),m,1,3,train,0.0,4.0,5.0,30
vehicle (1),m,1,3,train,0.0,3.0,5.0,30
vehicle (1),m,1,3,train,0.0,1.0,6.0,30
vehicle (3),z,1,3,train,0.0,4.0,7.0,30
vehicle (2),m,1,3,train,0.0,4.0,6.0,30
vehicle (2),m,1,3,train,0.0,1.0,7.0,30
vehicle (3),z,1,3,train,0.0,3.0,8.0,30
vehicle (1),m,1,3,train,0.0,5.0,7.0,30
vehicle (3),z,1,3,train,0.0,2.0,9.0,30
vehicle (1),m,1,3,train,0.0,2.0,8.0,30
vehicle (2),m,1,3,train,0.0,5.0,8.0,30
vehicle (2),m,1,3,train,0.0,1.0,9.0,30
vehicle (3),z,1,3,train,0.0,4.0,10.0,30
vehicle (2),m,1,3,train,0.0,2.0,10.0,30
vehicle (1),m,1,3,train,0.0,5.0,9.0,30
vehicle (3),z,1,3,train,0.0,3.0,11.0,30
vehicle (1),m,1,3,train,0.0,2.0,10.0,30
instrument (1),z,0,3,train,0.0,0.0,0.0,30
instrument (2),z,0,3,train,0.0,0.0,0.0,30
instrument (3),z,1,3,train,0.0,0.0,0.0,30
instrument (1),m,1,3,train,0.0,0.0,0.0,30
instrument (3),z,1,3,train,0.0,2.0,1.0,30
instrument (2),m,1,3,train,0.0,0.0,0.0,30
instrument (2),m,1,3,train,0.0,1.0,1.0,30
instrument (3),z,1,3,train,0.0,3.0,2.0,30
instrument (1),m,1,3,train,0.0,5.0,1.0,30
instrument (1),m,1,3,train,0.0,1.0,2.0,30
instrument (2),m,1,3,train,0.0,4.0,2.0,30
instrument (3),z,1,3,train,0.0,4.0,3.0,30
instrument (1),m,1,3,train,0.0,3.0,3.0,30
instrument (3),z,1,3,train,0.0,2.0,4.0,30
instrument (2),m,1,3,train,0.0,4.0,3.0,30
instrument (2),m,1,3,train,0.0,1.0,4.0,30
instrument (3),z,1,3,train,0.0,3.0,5.0,30
instrument (1),m,1,3,train,0.0,5.0,4.0,30
instrument (3),z,1,3,train,0.0,2.0,6.0,30
instrument (2),m,1,3,train,0.0,4.0,5.0,30
instrument (1),m,1,3,train,0.0,3.0,5.0,30
instrument (1),m,1,3,train,0.0,1.0,6.0,30
instrument (3),z,1,3,train,0.0,4.0,7.0,30
instrument (2),m,1,3,train,0.0,4.0,6.0,30
instrument (2),m,1,3,train,0.0,1.0,7.0,30
instrument (3),z,1,3,train,0.0,3.0,8.0,30
instrument (1),m,1,3,train,0.0,5.0,7.0,30
instrument (3),z,1,3,train,0.0,2.0,9.0,30
instrument (1),m,1,3,train,0.0,2.0,8.0,30
instrument (2),m,1,3,train,0.0,5.0,8.0,30
instrument (2),m,1,3,train,0.0,1.0,9.0,30
instrument (3),z,1,3,train,0.0,4.0,10.0,30
instrument (2),m,1,3,train,0.0,2.0,10.0,30
instrument (1),m,1,3,train,0.0,5.0,9.0,30
instrument (3),z,1,3,train,0.0,3.0,11.0,30
instrument (1),m,1,3,train,0.0,2.0,10.0,30
jungle2,m,0,3,train,0.0,0.0,0.0,31
jungle1,z,1,3,train,0.0,0.0,0.0,31
jungle3,z,0,3,train,0.0,0.0,0.0,31
jungle1,z,1,3,train,0.0,2.0,1.0,31
jungle3,m,1,3,train,0.0,0.0,0.0,31
jungle2,m,0,3,train,1.0,0.0,0.0,31
jungle3,m,1,3,train,0.0,2.0,1.0,31
jungle2,z,1,3,train,0.0,0.0,0.0,31
jungle1,z,1,3,train,0.0,5.0,2.0,31
jungle1,z,1,3,train,0.0,1.0,3.0,31
jungle2,z,1,3,train,0.0,3.0,1.0,31
jungle3,m,1,3,train,0.0,5.0,2.0,31
jungle3,m,1,3,train,0.0,1.0,3.0,31
jungle1,z,1,3,train,0.0,4.0,4.0,31
jungle2,m,0,3,train,1.0,4.0,2.0,31
jungle3,m,1,3,train,0.0,3.0,4.0,31
jungle1,z,1,3,train,0.0,3.0,5.0,31
jungle2,z,1,3,train,0.0,7.0,2.0,31
jungle1,z,1,3,train,0.0,2.0,6.0,31
jungle3,m,1,3,train,0.0,4.0,5.0,31
jungle2,z,1,3,train,0.0,3.0,3.0,31
jungle3,m,1,3,train,0.0,2.0,6.0,31
jungle2,z,1,3,train,0.0,2.0,4.0,31
jungle1,z,1,3,train,0.0,5.0,7.0,31
jungle2,z,1,3,train,0.0,2.0,5.0,31
jungle3,m,1,3,train,0.0,4.0,7.0,31
jungle1,z,1,3,train,0.0,3.0,8.0,31
jungle1,z,1,3,train,0.0,1.0,9.0,31
jungle2,z,1,3,train,0.0,4.0,6.0,31
jungle3,m,1,3,train,0.0,4.0,8.0,31
jungle2,z,1,3,train,0.0,2.0,7.0,31
jungle3,z,0,3,train,1.0,2.0,9.0,31
jungle1,z,1,3,train,0.0,5.0,10.0,31
jungle2,z,1,3,train,0.0,3.0,8.0,31
jungle1,z,1,3,train,0.0,2.0,11.0,31
jungle3,m,1,3,train,0.0,6.0,9.0,31
vegan (6),z,1,6,train,0.0,0.0,0.0,31
vegan (1),m,1,6,train,0.0,0.0,0.0,31
vegan (5),m,1,6,train,0.0,0.0,0.0,31
vegan (4),m,0,6,train,0.0,0.0,0.0,31
vegan (2),z,0,6,train,0.0,0.0,0.0,31
vegan (3),m,0,6,train,0.0,0.0,0.0,31
vegan (3),z,1,6,train,0.0,0.0,0.0,31
vegan (6),z,1,6,train,0.0,7.0,1.0,31
vegan (4),z,1,6,train,0.0,0.0,0.0,31
vegan (5),m,1,6,train,0.0,7.0,1.0,31
vegan (1),z,0,6,train,0.0,9.0,1.0,31
vegan (2),z,0,6,train,1.0,0.0,0.0,31
vegan (1),m,1,6,train,0.0,11.0,1.0,31
vegan (3),m,0,6,train,1.0,7.0,1.0,31
vegan (2),z,0,6,train,1.0,0.0,0.0,31
vegan (6),z,1,6,train,0.0,8.0,2.0,31
vegan (5),m,1,6,train,0.0,7.0,2.0,31
vegan (4),z,1,6,train,0.0,9.0,1.0,31
vegan (5),m,1,6,train,0.0,2.0,3.0,31
vegan (2),m,1,6,train,0.0,0.0,0.0,31
vegan (6),z,1,6,train,0.0,5.0,3.0,31
vegan (1),m,1,6,train,0.0,9.0,2.0,31
vegan (4),m,0,6,train,1.0,5.0,2.0,31
vegan (3),m,0,6,train,1.0,17.0,1.0,31
vegan (6),z,1,6,train,0.0,4.0,4.0,31
vegan (5),m,1,6,train,0.0,7.0,4.0,31
vegan (2),z,0,6,train,1.0,7.0,1.0,31
vegan (3),z,1,6,train,0.0,21.0,1.0,31
vegan (4),z,1,6,train,0.0,11.0,2.0,31
vegan (1),m,1,6,train,0.0,8.0,3.0,31
vegan (6),z,1,6,train,0.0,6.0,5.0,31
vegan (3),z,1,6,train,0.0,4.0,2.0,31
vegan (4),z,1,6,train,0.0,4.0,3.0,31
vegan (1),m,1,6,train,0.0,4.0,4.0,31
vegan (2),z,0,6,train,1.0,15.0,1.0,31
vegan (5),m,1,6,train,0.0,10.0,5.0,31
vegan (2),m,1,6,train,0.0,17.0,1.0,31
vegan (3),z,1,6,train,0.0,6.0,3.0,31
vegan (5),m,1,6,train,0.0,3.0,6.0,31
vegan (4),z,1,6,train,0.0,7.0,4.0,31
vegan (1),m,1,6,train,0.0,7.0,5.0,31
vegan (6),z,1,6,train,0.0,11.0,6.0,31
vegan (2),m,1,6,train,0.0,6.0,2.0,31
vegan (1),m,1,6,train,0.0,3.0,6.0,31
vegan (4),z,1,6,train,0.0,5.0,5.0,31
vegan (3),z,1,6,train,0.0,8.0,4.0,31
vegan (5),m,1,6,train,0.0,8.0,7.0,31
vegan (6),z,1,6,train,0.0,6.0,7.0,31
vegan (3),z,1,6,train,0.0,3.0,5.0,31
vegan (2),m,1,6,train,0.0,7.0,3.0,31
vegan (6),z,1,6,train,0.0,3.0,8.0,31
vegan (1),m,1,6,train,0.0,8.0,7.0,31
vegan (4),z,1,6,train,0.0,8.0,6.0,31
vegan (5),m,1,6,train,0.0,7.0,8.0,31
vegan (2),m,1,6,train,0.0,5.0,4.0,31
vegan (6),z,1,6,train,0.0,5.0,9.0,31
vegan (3),z,1,6,train,0.0,8.0,6.0,31
vegan (1),m,1,6,train,0.0,6.0,8.0,31
vegan (4),z,1,6,train,0.0,6.0,7.0,31
vegan (5),m,1,6,train,0.0,6.0,9.0,31
vegan (3),z,1,6,train,0.0,4.0,7.0,31
vegan (5),z,0,6,train,0.0,2.0,10.0,31
vegan (2),m,1,6,train,0.0,8.0,5.0,31
vegan (6),z,1,6,train,0.0,8.0,10.0,31
vegan (1),m,1,6,train,0.0,7.0,9.0,31
vegan (4),z,1,6,train,0.0,7.0,8.0,31
vegan (5),m,1,6,train,0.0,7.0,10.0,31
vegan (2),m,1,6,train,0.0,5.0,6.0,31
vegan (1),m,1,6,train,0.0,4.0,10.0,31
vegan (4),z,1,6,train,0.0,4.0,9.0,31
vegan (3),z,1,6,train,0.0,10.0,8.0,31
vegan (6),z,1,6,train,0.0,8.0,11.0,31
vegan (5),m,1,6,train,0.0,6.0,11.0,31
vegan (1),m,1,6,train,0.0,5.0,11.0,31
vegan (2),m,1,6,train,0.0,7.0,7.0,31
vegan (4),z,1,6,train,0.0,6.0,10.0,31
vegan (3),z,1,6,train,0.0,6.0,9.0,31
vegan (6),z,1,6,train,0.0,6.0,12.0,31
animal (1),z,1,3,train,0.0,0.0,0.0,31
animal (2),z,1,3,train,0.0,0.0,0.0,31
animal (3),m,1,3,train,0.0,0.0,0.0,31
animal (1),z,1,3,train,0.0,3.0,1.0,31
animal (3),z,0,3,train,0.0,2.0,1.0,31
animal (2),z,1,3,train,0.0,4.0,1.0,31
animal (2),z,1,3,train,0.0,1.0,2.0,31
animal (3),m,1,3,train,0.0,5.0,1.0,31
animal (1),z,1,3,train,0.0,5.0,2.0,31
animal (1),z,1,3,train,0.0,1.0,3.0,31
animal (2),z,1,3,train,0.0,4.0,3.0,31
animal (3),m,1,3,train,0.0,4.0,2.0,31
animal (1),z,1,3,train,0.0,3.0,4.0,31
animal (3),m,1,3,train,0.0,2.0,3.0,31
animal (2),z,1,3,train,0.0,4.0,4.0,31
animal (2),z,1,3,train,0.0,1.0,5.0,31
animal (3),m,1,3,train,0.0,3.0,4.0,31
animal (1),z,1,3,train,0.0,5.0,5.0,31
animal (3),m,1,3,train,0.0,2.0,5.0,31
animal (2),z,1,3,train,0.0,4.0,6.0,31
animal (1),z,1,3,train,0.0,3.0,6.0,31
animal (1),z,1,3,train,0.0,1.0,7.0,31
animal (3),m,1,3,train,0.0,4.0,6.0,31
animal (2),z,1,3,train,0.0,4.0,7.0,31
animal (2),z,1,3,train,0.0,1.0,8.0,31
animal (3),m,1,3,train,0.0,3.0,7.0,31
animal (1),z,1,3,train,0.0,5.0,8.0,31
animal (3),m,1,3,train,0.0,2.0,8.0,31
animal (1),z,1,3,train,0.0,2.0,9.0,31
animal (2),z,1,3,train,0.0,5.0,9.0,31
animal (2),z,1,3,train,0.0,1.0,10.0,31
animal (3),m,1,3,train,0.0,4.0,9.0,31
animal (2),z,1,3,train,0.0,2.0,11.0,31
animal (1),z,1,3,train,0.0,5.0,10.0,31
animal (3),m,1,3,train,0.0,3.0,10.0,31
animal (1),z,1,3,train,0.0,2.0,11.0,31
fruits (6),z,1,6,train,0.0,0.0,0.0,31
fruits (1),z,0,6,train,0.0,0.0,0.0,31
fruits (5),z,0,6,train,0.0,0.0,0.0,31
fruits (4),z,1,6,train,0.0,0.0,0.0,31
fruits (2),z,0,6,train,0.0,0.0,0.0,31
fruits (3),z,1,6,train,0.0,0.0,0.0,31
fruits (3),z,1,6,train,0.0,1.0,1.0,31
fruits (6),z,1,6,train,0.0,7.0,1.0,31
fruits (4),m,0,6,train,0.0,5.0,1.0,31
fruits (5),m,1,6,train,0.0,0.0,0.0,31
fruits (1),m,1,6,train,0.0,0.0,0.0,31
fruits (2),m,1,6,train,0.0,0.0,0.0,31
fruits (1),m,1,6,train,0.0,2.0,1.0,31
fruits (3),m,0,6,train,0.0,7.0,2.0,31
fruits (2),m,1,6,train,0.0,3.0,1.0,31
fruits (6),m,0,6,train,0.0,8.0,2.0,31
fruits (5),m,1,6,train,0.0,7.0,1.0,31
fruits (4),z,1,6,train,0.0,14.0,1.0,31
fruits (5),m,1,6,train,0.0,2.0,2.0,31
fruits (2),z,0,6,train,1.0,5.0,2.0,31
fruits (6),z,1,6,train,0.0,13.0,2.0,31
fruits (1),m,1,6,train,0.0,9.0,2.0,31
fruits (4),m,0,6,train,1.0,5.0,2.0,31
fruits (3),z,1,6,train,0.0,17.0,2.0,31
fruits (6),z,1,6,train,0.0,4.0,3.0,31
fruits (5),m,1,6,train,0.0,7.0,3.0,31
fruits (2),z,0,6,train,1.0,12.0,2.0,31
fruits (3),m,0,6,train,1.0,4.0,3.0,31
fruits (4),z,1,6,train,0.0,11.0,2.0,31
fruits (1),m,1,6,train,0.0,8.0,3.0,31
fruits (6),z,1,6,train,0.0,6.0,4.0,31
fruits (3),z,1,6,train,0.0,8.0,3.0,31
fruits (4),z,1,6,train,0.0,4.0,3.0,31
fruits (1),m,1,6,train,0.0,4.0,4.0,31
fruits (2),z,0,6,train,1.0,20.0,2.0,31
fruits (5),m,1,6,train,0.0,10.0,4.0,31
fruits (2),m,1,6,train,0.0,22.0,2.0,31
fruits (3),z,1,6,train,0.0,6.0,4.0,31
fruits (5),m,1,6,train,0.0,3.0,5.0,31
fruits (4),z,1,6,train,0.0,7.0,4.0,31
fruits (1),m,1,6,train,0.0,7.0,5.0,31
fruits (6),z,1,6,train,0.0,11.0,5.0,31
fruits (2),m,1,6,train,0.0,6.0,3.0,31
fruits (1),m,1,6,train,0.0,3.0,6.0,31
fruits (4),z,1,6,train,0.0,5.0,5.0,31
fruits (3),z,1,6,train,0.0,8.0,5.0,31
fruits (5),m,1,6,train,0.0,8.0,6.0,31
fruits (6),z,1,6,train,0.0,6.0,6.0,31
fruits (3),m,0,6,train,1.0,3.0,6.0,31
fruits (2),m,1,6,train,0.0,7.0,4.0,31
fruits (6),z,1,6,train,0.0,3.0,7.0,31
fruits (1),m,1,6,train,0.0,8.0,7.0,31
fruits (4),z,1,6,train,0.0,8.0,6.0,31
fruits (5),m,1,6,train,0.0,7.0,7.0,31
fruits (2),m,1,6,train,0.0,5.0,5.0,31
fruits (6),z,1,6,train,0.0,5.0,8.0,31
fruits (3),z,1,6,train,0.0,11.0,6.0,31
fruits (1),m,1,6,train,0.0,6.0,8.0,31
fruits (4),z,1,6,train,0.0,6.0,7.0,31
fruits (5),m,1,6,train,0.0,6.0,8.0,31
fruits (3),z,1,6,train,0.0,4.0,7.0,31
fruits (5),m,1,6,train,0.0,2.0,9.0,31
fruits (2),m,1,6,train,0.0,8.0,6.0,31
fruits (6),z,1,6,train,0.0,8.0,9.0,31
fruits (1),m,1,6,train,0.0,7.0,9.0,31
fruits (4),z,1,6,train,0.0,7.0,8.0,31
fruits (5),m,1,6,train,0.0,5.0,10.0,31
fruits (2),m,1,6,train,0.0,5.0,7.0,31
fruits (1),m,1,6,train,0.0,4.0,10.0,31
fruits (4),m,0,6,train,1.0,4.0,9.0,31
fruits (3),z,1,6,train,0.0,10.0,8.0,31
fruits (6),z,1,6,train,0.0,8.0,10.0,31
fruits (5),m,1,6,train,0.0,6.0,11.0,31
fruits (1),m,1,6,train,0.0,5.0,11.0,31
fruits (2),m,1,6,train,0.0,7.0,8.0,31
fruits (4),z,1,6,train,0.0,10.0,9.0,31
fruits (3),z,1,6,train,0.0,6.0,9.0,31
fruits (6),z,1,6,train,0.0,6.0,11.0,31
tools (1),z,1,3,train,0.0,0.0,0.0,31
tools (2),z,1,3,train,0.0,0.0,0.0,31
tools (3),z,0,3,train,0.0,0.0,0.0,31
tools (1),z,1,3,train,0.0,3.0,1.0,31
tools (3),m,1,3,train,0.0,0.0,0.0,31
tools (2),z,1,3,train,0.0,4.0,1.0,31
tools (2),z,1,3,train,0.0,1.0,2.0,31
tools (3),m,1,3,train,0.0,3.0,1.0,31
tools (1),z,1,3,train,0.0,5.0,2.0,31
tools (1),z,1,3,train,0.0,1.0,3.0,31
tools (2),z,1,3,train,0.0,4.0,3.0,31
tools (3),m,1,3,train,0.0,4.0,2.0,31
tools (1),z,1,3,train,0.0,3.0,4.0,31
tools (3),m,1,3,train,0.0,2.0,3.0,31
tools (2),z,1,3,train,0.0,4.0,4.0,31
tools (2),z,1,3,train,0.0,1.0,5.0,31
tools (3),m,1,3,train,0.0,3.0,4.0,31
tools (1),z,1,3,train,0.0,5.0,5.0,31
tools (3),m,1,3,train,0.0,2.0,5.0,31
tools (2),z,1,3,train,0.0,4.0,6.0,31
tools (1),z,1,3,train,0.0,3.0,6.0,31
tools (1),z,1,3,train,0.0,1.0,7.0,31
tools (3),m,1,3,train,0.0,4.0,6.0,31
tools (2),z,1,3,train,0.0,4.0,7.0,31
tools (2),z,1,3,train,0.0,1.0,8.0,31
tools (3),z,0,3,train,1.0,3.0,7.0,31
tools (1),z,1,3,train,0.0,5.0,8.0,31
tools (3),m,1,3,train,0.0,5.0,7.0,31
tools (1),z,1,3,train,0.0,2.0,9.0,31
tools (2),z,1,3,train,0.0,5.0,9.0,31
tools (2),z,1,3,train,0.0,1.0,10.0,31
tools (3),m,1,3,train,0.0,4.0,8.0,31
tools (2),z,1,3,train,0.0,2.0,11.0,31
tools (1),z,1,3,train,0.0,5.0,10.0,31
tools (3),m,1,3,train,0.0,3.0,9.0,31
tools (1),m,0,3,train,0.0,2.0,11.0,31
clothes (6),z,1,6,train,0.0,0.0,0.0,31
clothes (1),z,0,6,train,0.0,0.0,0.0,31
clothes (5),z,0,6,train,0.0,0.0,0.0,31
clothes (4),z,1,6,train,0.0,0.0,0.0,31
clothes (2),z,0,6,train,0.0,0.0,0.0,31
clothes (3),z,1,6,train,0.0,0.0,0.0,31
clothes (3),z,1,6,train,0.0,1.0,1.0,31
clothes (6),z,1,6,train,0.0,7.0,1.0,31
clothes (4),z,1,6,train,0.0,5.0,1.0,31
clothes (5),m,1,6,train,0.0,0.0,0.0,31
clothes (1),m,1,6,train,0.0,0.0,0.0,31
clothes (2),m,1,6,train,0.0,0.0,0.0,31
clothes (1),z,0,6,train,1.0,2.0,1.0,31
clothes (3),m,0,6,train,0.0,7.0,2.0,31
clothes (2),m,1,6,train,0.0,3.0,1.0,31
clothes (6),z,1,6,train,0.0,8.0,2.0,31
clothes (5),m,1,6,train,0.0,7.0,1.0,31
clothes (4),z,1,6,train,0.0,9.0,2.0,31
clothes (5),m,1,6,train,0.0,2.0,2.0,31
clothes (2),z,0,6,train,1.0,5.0,2.0,31
clothes (6),z,1,6,train,0.0,5.0,3.0,31
clothes (1),m,1,6,train,0.0,11.0,1.0,31
clothes (4),z,1,6,train,0.0,5.0,3.0,31
clothes (3),z,1,6,train,0.0,17.0,2.0,31
clothes (6),z,1,6,train,0.0,4.0,4.0,31
clothes (5),m,1,6,train,0.0,7.0,3.0,31
clothes (2),z,0,6,train,1.0,12.0,2.0,31
clothes (3),z,1,6,train,0.0,4.0,3.0,31
clothes (4),z,1,6,train,0.0,6.0,4.0,31
clothes (1),m,1,6,train,0.0,8.0,2.0,31
clothes (6),z,1,6,train,0.0,6.0,5.0,31
clothes (3),z,1,6,train,0.0,4.0,4.0,31
clothes (4),z,1,6,train,0.0,4.0,5.0,31
clothes (1),z,0,6,train,1.0,4.0,3.0,31
clothes (2),m,1,6,train,0.0,20.0,2.0,31
clothes (5),m,1,6,train,0.0,10.0,4.0,31
clothes (2),m,1,6,train,0.0,2.0,3.0,31
clothes (3),z,1,6,train,0.0,6.0,5.0,31
clothes (5),m,1,6,train,0.0,3.0,5.0,31
clothes (4),z,1,6,train,0.0,7.0,6.0,31
clothes (1),m,1,6,train,0.0,11.0,3.0,31
clothes (6),z,1,6,train,0.0,11.0,6.0,31
clothes (2),m,1,6,train,0.0,6.0,4.0,31
clothes (1),m,1,6,train,0.0,3.0,4.0,31
clothes (4),z,1,6,train,0.0,5.0,7.0,31
clothes (3),z,1,6,train,0.0,8.0,6.0,31
clothes (5),m,1,6,train,0.0,8.0,6.0,31
clothes (6),z,1,6,train,0.0,6.0,7.0,31
clothes (3),z,1,6,train,0.0,3.0,7.0,31
clothes (2),m,1,6,train,0.0,7.0,5.0,31
clothes (6),z,1,6,train,0.0,3.0,8.0,31
clothes (1),m,1,6,train,0.0,8.0,5.0,31
clothes (4),z,1,6,train,0.0,8.0,8.0,31
clothes (5),m,1,6,train,0.0,7.0,7.0,31
clothes (2),m,1,6,train,0.0,5.0,6.0,31
clothes (6),z,1,6,train,0.0,5.0,9.0,31
clothes (3),z,1,6,train,0.0,8.0,8.0,31
clothes (1),m,1,6,train,0.0,6.0,6.0,31
clothes (4),z,1,6,train,0.0,6.0,9.0,31
clothes (5),m,1,6,train,0.0,6.0,8.0,31
clothes (3),z,1,6,train,0.0,4.0,9.0,31
clothes (5),m,1,6,train,0.0,2.0,9.0,31
clothes (2),m,1,6,train,0.0,8.0,7.0,31
clothes (6),z,1,6,train,0.0,8.0,10.0,31
clothes (1),m,1,6,train,0.0,7.0,7.0,31
clothes (4),z,1,6,train,0.0,7.0,10.0,31
clothes (5),m,1,6,train,0.0,5.0,10.0,31
clothes (2),m,1,6,train,0.0,5.0,8.0,31
clothes (1),m,1,6,train,0.0,4.0,8.0,31
clothes (4),z,1,6,train,0.0,4.0,11.0,31
clothes (3),z,1,6,train,0.0,10.0,10.0,31
clothes (6),m,0,6,train,0.0,8.0,11.0,31
clothes (5),m,1,6,train,0.0,6.0,11.0,31
clothes (1),m,1,6,train,0.0,5.0,9.0,31
clothes (2),m,1,6,train,0.0,7.0,9.0,31
clothes (4),z,1,6,train,0.0,6.0,12.0,31
clothes (3),z,1,6,train,0.0,6.0,11.0,31
clothes (6),z,1,6,train,0.0,14.0,11.0,31
face (1),z,1,3,train,0.0,0.0,0.0,31
face (2),z,1,3,train,0.0,0.0,0.0,31
face (3),m,1,3,train,0.0,0.0,0.0,31
face (1),z,1,3,train,0.0,3.0,1.0,31
face (3),m,1,3,train,0.0,2.0,1.0,31
face (2),z,1,3,train,0.0,4.0,1.0,31
face (2),z,1,3,train,0.0,1.0,2.0,31
face (3),m,1,3,train,0.0,3.0,2.0,31
face (1),z,1,3,train,0.0,5.0,2.0,31
face (1),z,1,3,train,0.0,1.0,3.0,31
face (2),z,1,3,train,0.0,4.0,3.0,31
face (3),m,1,3,train,0.0,4.0,3.0,31
face (1),z,1,3,train,0.0,3.0,4.0,31
face (3),m,1,3,train,0.0,2.0,4.0,31
face (2),z,1,3,train,0.0,4.0,4.0,31
face (2),z,1,3,train,0.0,1.0,5.0,31
face (3),m,1,3,train,0.0,3.0,5.0,31
face (1),z,1,3,train,0.0,5.0,5.0,31
face (3),z,0,3,train,0.0,2.0,6.0,31
face (2),z,1,3,train,0.0,4.0,6.0,31
face (1),z,1,3,train,0.0,3.0,6.0,31
face (1),z,1,3,train,0.0,1.0,7.0,31
face (3),m,1,3,train,0.0,6.0,6.0,31
face (2),z,1,3,train,0.0,4.0,7.0,31
face (2),m,0,3,train,0.0,1.0,8.0,31
face (3),m,1,3,train,0.0,3.0,7.0,31
face (1),z,1,3,train,0.0,5.0,8.0,31
face (3),m,1,3,train,0.0,2.0,8.0,31
face (1),z,1,3,train,0.0,2.0,9.0,31
face (2),z,1,3,train,0.0,6.0,8.0,31
face (2),z,1,3,train,0.0,1.0,9.0,31
face (3),m,1,3,train,0.0,4.0,9.0,31
face (2),z,1,3,train,0.0,2.0,10.0,31
face (1),z,1,3,train,0.0,5.0,10.0,31
face (3),m,1,3,train,0.0,3.0,10.0,31
face (1),z,1,3,train,0.0,2.0,11.0,31
color (6),z,1,6,train,0.0,0.0,0.0,31
color (1),m,1,6,train,0.0,0.0,0.0,31
color (5),z,0,6,train,0.0,0.0,0.0,31
color (4),m,0,6,train,0.0,0.0,0.0,31
color (2),z,0,6,train,0.0,0.0,0.0,31
color (3),m,0,6,train,0.0,0.0,0.0,31
color (3),z,1,6,train,0.0,0.0,0.0,31
color (6),z,1,6,train,0.0,7.0,1.0,31
color (4),m,0,6,train,1.0,0.0,0.0,31
color (5),z,0,6,train,1.0,0.0,0.0,31
color (1),m,1,6,train,0.0,9.0,1.0,31
color (2),m,1,6,train,0.0,0.0,0.0,31
color (1),m,1,6,train,0.0,2.0,2.0,31
color (3),z,1,6,train,0.0,7.0,1.0,31
color (2),z,0,6,train,1.0,3.0,1.0,31
color (6),z,1,6,train,0.0,8.0,2.0,31
color (5),m,1,6,train,0.0,0.0,0.0,31
color (4),m,0,6,train,1.0,0.0,0.0,31
color (5),m,1,6,train,0.0,2.0,1.0,31
color (2),m,1,6,train,0.0,8.0,1.0,31
color (6),z,1,6,train,0.0,5.0,3.0,31
color (1),m,1,6,train,0.0,9.0,3.0,31
color (4),z,1,6,train,0.0,0.0,0.0,31
color (3),z,1,6,train,0.0,10.0,2.0,31
color (6),z,1,6,train,0.0,4.0,4.0,31
color (5),m,1,6,train,0.0,7.0,2.0,31
color (2),m,1,6,train,0.0,7.0,2.0,31
color (3),z,1,6,train,0.0,4.0,3.0,31
color (4),z,1,6,train,0.0,6.0,1.0,31
color (1),m,1,6,train,0.0,8.0,4.0,31
color (6),z,1,6,train,0.0,6.0,5.0,31
color (3),z,1,6,train,0.0,4.0,4.0,31
color (4),z,1,6,train,0.0,4.0,2.0,31
color (1),m,1,6,train,0.0,4.0,5.0,31
color (2),m,1,6,train,0.0,8.0,3.0,31
color (5),m,1,6,train,0.0,10.0,3.0,31
color (2),m,1,6,train,0.0,2.0,4.0,31
color (3),z,1,6,train,0.0,6.0,5.0,31
color (5),m,1,6,train,0.0,3.0,4.0,31
color (4),z,1,6,train,0.0,7.0,3.0,31
color (1),m,1,6,train,0.0,7.0,6.0,31
color (6),z,1,6,train,0.0,11.0,6.0,31
color (2),m,1,6,train,0.0,6.0,5.0,31
color (1),m,1,6,train,0.0,3.0,7.0,31
color (4),z,1,6,train,0.0,5.0,4.0,31
color (3),z,1,6,train,0.0,8.0,6.0,31
color (5),m,1,6,train,0.0,8.0,5.0,31
color (6),z,1,6,train,0.0,6.0,7.0,31
color (3),z,1,6,train,0.0,3.0,7.0,31
color (2),m,1,6,train,0.0,7.0,6.0,31
color (6),z,1,6,train,0.0,3.0,8.0,31
color (1),m,1,6,train,0.0,8.0,8.0,31
color (4),z,1,6,train,0.0,8.0,5.0,31
color (5),m,1,6,train,0.0,7.0,6.0,31
color (2),z,0,6,train,1.0,5.0,7.0,31
color (6),z,1,6,train,0.0,5.0,9.0,31
color (3),z,1,6,train,0.0,8.0,8.0,31
color (1),m,1,6,train,0.0,6.0,9.0,31
color (4),z,1,6,train,0.0,6.0,6.0,31
color (5),m,1,6,train,0.0,6.0,7.0,31
color (3),z,1,6,train,0.0,4.0,9.0,31
color (5),m,1,6,train,0.0,2.0,8.0,31
color (2),m,1,6,train,0.0,13.0,7.0,31
color (6),z,1,6,train,0.0,8.0,10.0,31
color (1),m,1,6,train,0.0,7.0,10.0,31
color (4),z,1,6,train,0.0,7.0,7.0,31
color (5),m,1,6,train,0.0,5.0,9.0,31
color (2),m,1,6,train,0.0,5.0,8.0,31
color (1),m,1,6,train,0.0,4.0,11.0,31
color (4),z,1,6,train,0.0,4.0,8.0,31
color (3),z,1,6,train,0.0,10.0,10.0,31
color (6),z,1,6,train,0.0,8.0,11.0,31
color (5),m,1,6,train,0.0,6.0,10.0,31
color (1),z,0,6,train,0.0,5.0,12.0,31
color (2),m,1,6,train,0.0,7.0,9.0,31
color (4),z,1,6,train,0.0,6.0,9.0,31
color (3),z,1,6,train,0.0,6.0,11.0,31
color (6),z,1,6,train,0.0,6.0,12.0,31
symbol (1),z,0,3,train,0.0,0.0,0.0,31
symbol (2),z,0,3,train,0.0,0.0,0.0,31
symbol (3),z,1,3,train,0.0,0.0,0.0,31
symbol (1),m,1,3,train,0.0,0.0,0.0,31
symbol (3),z,1,3,train,0.0,2.0,1.0,31
symbol (2),m,1,3,train,0.0,0.0,0.0,31
symbol (2),m,1,3,train,0.0,1.0,1.0,31
symbol (3),z,1,3,train,0.0,3.0,2.0,31
symbol (1),m,1,3,train,0.0,5.0,1.0,31
symbol (1),m,1,3,train,0.0,1.0,2.0,31
symbol (2),m,1,3,train,0.0,4.0,2.0,31
symbol (3),z,1,3,train,0.0,4.0,3.0,31
symbol (1),m,1,3,train,0.0,3.0,3.0,31
symbol (3),z,1,3,train,0.0,2.0,4.0,31
symbol (2),m,1,3,train,0.0,4.0,3.0,31
symbol (2),m,1,3,train,0.0,1.0,4.0,31
symbol (3),z,1,3,train,0.0,3.0,5.0,31
symbol (1),m,1,3,train,0.0,5.0,4.0,31
symbol (3),m,0,3,train,0.0,2.0,6.0,31
symbol (2),m,1,3,train,0.0,4.0,5.0,31
symbol (1),m,1,3,train,0.0,3.0,5.0,31
symbol (1),z,0,3,train,1.0,1.0,6.0,31
symbol (3),z,1,3,train,0.0,6.0,6.0,31
symbol (2),m,1,3,train,0.0,4.0,6.0,31
symbol (2),m,1,3,train,0.0,1.0,7.0,31
symbol (3),z,1,3,train,0.0,3.0,7.0,31
symbol (1),m,1,3,train,0.0,6.0,6.0,31
symbol (3),z,1,3,train,0.0,2.0,8.0,31
symbol (1),m,1,3,train,0.0,2.0,7.0,31
symbol (2),m,1,3,train,0.0,5.0,8.0,31
symbol (2),m,1,3,train,0.0,1.0,9.0,31
symbol (3),z,1,3,train,0.0,4.0,9.0,31
symbol (2),m,1,3,train,0.0,2.0,10.0,31
symbol (1),m,1,3,train,0.0,5.0,8.0,31
symbol (3),z,1,3,train,0.0,3.0,10.0,31
symbol (1),m,1,3,train,0.0,2.0,9.0,31
environment (6),z,1,6,train,0.0,0.0,0.0,31
environment (1),z,0,6,train,0.0,0.0,0.0,31
environment (5),z,0,6,train,0.0,0.0,0.0,31
environment (4),z,1,6,train,0.0,0.0,0.0,31
environment (2),z,0,6,train,0.0,0.0,0.0,31
environment (3),z,1,6,train,0.0,0.0,0.0,31
environment (3),z,1,6,train,0.0,1.0,1.0,31
environment (6),z,1,6,train,0.0,7.0,1.0,31
environment (4),z,1,6,train,0.0,5.0,1.0,31
environment (5),m,1,6,train,0.0,0.0,0.0,31
environment (1),m,1,6,train,0.0,0.0,0.0,31
environment (2),m,1,6,train,0.0,0.0,0.0,31
environment (1),m,1,6,train,0.0,2.0,1.0,31
environment (3),z,1,6,train,0.0,7.0,2.0,31
environment (2),m,1,6,train,0.0,3.0,1.0,31
environment (6),z,1,6,train,0.0,8.0,2.0,31
environment (5),m,1,6,train,0.0,7.0,1.0,31
environment (4),z,1,6,train,0.0,9.0,2.0,31
environment (5),m,1,6,train,0.0,2.0,2.0,31
environment (2),z,0,6,train,1.0,5.0,2.0,31
environment (6),z,1,6,train,0.0,5.0,3.0,31
environment (1),m,1,6,train,0.0,9.0,2.0,31
environment (4),z,1,6,train,0.0,5.0,3.0,31
environment (3),z,1,6,train,0.0,10.0,3.0,31
environment (6),z,1,6,train,0.0,4.0,4.0,31
environment (5),m,1,6,train,0.0,7.0,3.0,31
environment (2),m,1,6,train,0.0,12.0,2.0,31
environment (3),z,1,6,train,0.0,4.0,4.0,31
environment (4),z,1,6,train,0.0,6.0,4.0,31
environment (1),m,1,6,train,0.0,8.0,3.0,31
environment (6),z,1,6,train,0.0,6.0,5.0,31
environment (3),z,1,6,train,0.0,4.0,5.0,31
environment (4),z,1,6,train,0.0,4.0,5.0,31
environment (1),m,1,6,train,0.0,4.0,4.0,31
environment (2),m,1,6,train,0.0,8.0,3.0,31
environment (5),m,1,6,train,0.0,10.0,4.0,31
environment (2),m,1,6,train,0.0,2.0,4.0,31
environment (3),z,1,6,train,0.0,6.0,6.0,31
environment (5),m,1,6,train,0.0,3.0,5.0,31
environment (4),z,1,6,train,0.0,7.0,6.0,31
environment (1),m,1,6,train,0.0,7.0,5.0,31
environment (6),z,1,6,train,0.0,11.0,6.0,31
environment (2),m,1,6,train,0.0,6.0,5.0,31
environment (1),m,1,6,train,0.0,3.0,6.0,31
environment (4),z,1,6,train,0.0,5.0,7.0,31
environment (3),z,1,6,train,0.0,8.0,7.0,31
environment (5),m,1,6,train,0.0,8.0,6.0,31
environment (6),z,1,6,train,0.0,6.0,7.0,31
environment (3),z,1,6,train,0.0,3.0,8.0,31
environment (2),m,1,6,train,0.0,7.0,6.0,31
environment (6),z,1,6,train,0.0,3.0,8.0,31
environment (1),m,1,6,train,0.0,8.0,7.0,31
environment (4),z,1,6,train,0.0,8.0,8.0,31
environment (5),m,1,6,train,0.0,7.0,7.0,31
environment (2),m,1,6,train,0.0,5.0,7.0,31
environment (6),z,1,6,train,0.0,5.0,9.0,31
environment (3),z,1,6,train,0.0,8.0,9.0,31
environment (1),m,1,6,train,0.0,6.0,8.0,31
environment (4),z,1,6,train,0.0,6.0,9.0,31
environment (5),m,1,6,train,0.0,6.0,8.0,31
environment (3),z,1,6,train,0.0,4.0,10.0,31
environment (5),m,1,6,train,0.0,2.0,9.0,31
environment (2),m,1,6,train,0.0,8.0,8.0,31
environment (6),z,1,6,train,0.0,8.0,10.0,31
environment (1),m,1,6,train,0.0,7.0,9.0,31
environment (4),z,1,6,train,0.0,7.0,10.0,31
environment (5),m,1,6,train,0.0,5.0,10.0,31
environment (2),m,1,6,train,0.0,5.0,9.0,31
environment (1),m,1,6,train,0.0,4.0,10.0,31
environment (4),z,1,6,train,0.0,4.0,11.0,31
environment (3),m,0,6,train,0.0,10.0,11.0,31
environment (6),z,1,6,train,0.0,8.0,11.0,31
environment (5),m,1,6,train,0.0,6.0,11.0,31
environment (1),m,1,6,train,0.0,5.0,11.0,31
environment (2),z,0,6,train,1.0,7.0,10.0,31
environment (4),z,1,6,train,0.0,6.0,12.0,31
environment (3),z,1,6,train,0.0,16.0,11.0,31
environment (6),z,1,6,train,0.0,6.0,12.0,31
vehicle (1),z,0,3,train,0.0,0.0,0.0,31
vehicle (2),z,0,3,train,0.0,0.0,0.0,31
vehicle (3),m,0,3,train,0.0,0.0,0.0,31
vehicle (1),m,1,3,train,0.0,0.0,0.0,31
vehicle (3),z,1,3,train,0.0,0.0,0.0,31
vehicle (2),m,1,3,train,0.0,0.0,0.0,31
vehicle (2),m,1,3,train,0.0,1.0,1.0,31
vehicle (3),z,1,3,train,0.0,3.0,1.0,31
vehicle (1),m,1,3,train,0.0,5.0,1.0,31
vehicle (1),m,1,3,train,0.0,1.0,2.0,31
vehicle (2),m,1,3,train,0.0,4.0,2.0,31
vehicle (3),z,1,3,train,0.0,4.0,2.0,31
vehicle (1),m,1,3,train,0.0,3.0,3.0,31
vehicle (3),z,1,3,train,0.0,2.0,3.0,31
vehicle (2),m,1,3,train,0.0,4.0,3.0,31
vehicle (2),m,1,3,train,0.0,1.0,4.0,31
vehicle (3),z,1,3,train,0.0,3.0,4.0,31
vehicle (1),m,1,3,train,0.0,5.0,4.0,31
vehicle (3),z,1,3,train,0.0,2.0,5.0,31
vehicle (2),m,1,3,train,0.0,4.0,5.0,31
vehicle (1),m,1,3,train,0.0,3.0,5.0,31
vehicle (1),m,1,3,train,0.0,1.0,6.0,31
vehicle (3),z,1,3,train,0.0,4.0,6.0,31
vehicle (2),m,1,3,train,0.0,4.0,6.0,31
vehicle (2),m,1,3,train,0.0,1.0,7.0,31
vehicle (3),z,1,3,train,0.0,3.0,7.0,31
vehicle (1),m,1,3,train,0.0,5.0,7.0,31
vehicle (3),z,1,3,train,0.0,2.0,8.0,31
vehicle (1),m,1,3,train,0.0,2.0,8.0,31
vehicle (2),m,1,3,train,0.0,5.0,8.0,31
vehicle (2),m,1,3,train,0.0,1.0,9.0,31
vehicle (3),z,1,3,train,0.0,4.0,9.0,31
vehicle (2),m,1,3,train,0.0,2.0,10.0,31
vehicle (1),m,1,3,train,0.0,5.0,9.0,31
vehicle (3),z,1,3,train,0.0,3.0,10.0,31
vehicle (1),m,1,3,train,0.0,2.0,10.0,31
instrument (1),z,0,3,train,0.0,0.0,0.0,31
instrument (2),z,0,3,train,0.0,0.0,0.0,31
instrument (3),z,1,3,train,0.0,0.0,0.0,31
instrument (1),m,1,3,train,0.0,0.0,0.0,31
instrument (3),z,1,3,train,0.0,2.0,1.0,31
instrument (2),m,1,3,train,0.0,0.0,0.0,31
instrument (2),m,1,3,train,0.0,1.0,1.0,31
instrument (3),z,1,3,train,0.0,3.0,2.0,31
instrument (1),m,1,3,train,0.0,5.0,1.0,31
instrument (1),m,1,3,train,0.0,1.0,2.0,31
instrument (2),m,1,3,train,0.0,4.0,2.0,31
instrument (3),z,1,3,train,0.0,4.0,3.0,31
instrument (1),m,1,3,train,0.0,3.0,3.0,31
instrument (3),z,1,3,train,0.0,2.0,4.0,31
instrument (2),m,1,3,train,0.0,4.0,3.0,31
instrument (2),m,1,3,train,0.0,1.0,4.0,31
instrument (3),z,1,3,train,0.0,3.0,5.0,31
instrument (1),m,1,3,train,0.0,5.0,4.0,31
instrument (3),z,1,3,train,0.0,2.0,6.0,31
instrument (2),m,1,3,train,0.0,4.0,5.0,31
instrument (1),m,1,3,train,0.0,3.0,5.0,31
instrument (1),m,1,3,train,0.0,1.0,6.0,31
instrument (3),z,1,3,train,0.0,4.0,7.0,31
instrument (2),m,1,3,train,0.0,4.0,6.0,31
instrument (2),m,1,3,train,0.0,1.0,7.0,31
instrument (3),z,1,3,train,0.0,3.0,8.0,31
instrument (1),m,1,3,train,0.0,5.0,7.0,31
instrument (3),z,1,3,train,0.0,2.0,9.0,31
instrument (1),m,1,3,train,0.0,2.0,8.0,31
instrument (2),m,1,3,train,0.0,5.0,8.0,31
instrument (2),m,1,3,train,0.0,1.0,9.0,31
instrument (3),z,1,3,train,0.0,4.0,10.0,31
instrument (2),m,1,3,train,0.0,2.0,10.0,31
instrument (1),z,0,3,train,1.0,5.0,9.0,31
instrument (3),m,0,3,train,0.0,3.0,11.0,31
instrument (1),m,1,3,train,0.0,7.0,9.0,31
jungle2,m,0,3,train,0.0,0.0,0.0,32
jungle1,m,0,3,train,0.0,0.0,0.0,32
jungle3,z,0,3,train,0.0,0.0,0.0,32
jungle1,z,1,3,train,0.0,0.0,0.0,32
jungle3,z,0,3,train,1.0,0.0,0.0,32
jungle2,z,1,3,train,0.0,0.0,0.0,32
jungle3,m,1,3,train,0.0,0.0,0.0,32
jungle2,z,1,3,train,0.0,2.0,1.0,32
jungle1,z,1,3,train,0.0,5.0,1.0,32
jungle1,z,1,3,train,0.0,1.0,2.0,32
jungle2,z,1,3,train,0.0,3.0,2.0,32
jungle3,m,1,3,train,0.0,5.0,1.0,32
jungle3,z,0,3,train,1.0,1.0,2.0,32
jungle1,z,1,3,train,0.0,4.0,3.0,32
jungle2,z,1,3,train,0.0,4.0,3.0,32
jungle3,m,1,3,train,0.0,4.0,2.0,32
jungle1,z,1,3,train,0.0,3.0,4.0,32
jungle2,z,1,3,train,0.0,3.0,4.0,32
jungle1,m,0,3,train,1.0,2.0,5.0,32
jungle3,m,1,3,train,0.0,4.0,3.0,32
jungle2,z,1,3,train,0.0,3.0,5.0,32
jungle3,m,1,3,train,0.0,2.0,4.0,32
jungle2,z,1,3,train,0.0,2.0,6.0,32
jungle1,z,1,3,train,0.0,7.0,5.0,32
jungle2,z,1,3,train,0.0,2.0,7.0,32
jungle3,m,1,3,train,0.0,4.0,5.0,32
jungle1,z,1,3,train,0.0,3.0,6.0,32
jungle1,z,1,3,train,0.0,1.0,7.0,32
jungle2,z,1,3,train,0.0,4.0,8.0,32
jungle3,m,1,3,train,0.0,4.0,6.0,32
jungle2,z,1,3,train,0.0,2.0,9.0,32
jungle3,m,1,3,train,0.0,2.0,7.0,32
jungle1,z,1,3,train,0.0,5.0,8.0,32
jungle2,z,1,3,train,0.0,3.0,10.0,32
jungle1,z,1,3,train,0.0,2.0,9.0,32
jungle3,m,1,3,train,0.0,4.0,8.0,32
vegan (6),m,0,6,train,0.0,0.0,0.0,32
vegan (1),m,1,6,train,0.0,0.0,0.0,32
vegan (5),m,1,6,train,0.0,0.0,0.0,32
vegan (4),z,1,6,train,0.0,0.0,0.0,32
vegan (2),z,0,6,train,0.0,0.0,0.0,32
vegan (3),m,0,6,train,0.0,0.0,0.0,32
vegan (3),z,1,6,train,0.0,0.0,0.0,32
vegan (6),m,0,6,train,1.0,0.0,0.0,32
vegan (4),m,0,6,train,0.0,5.0,1.0,32
vegan (5),m,1,6,train,0.0,7.0,1.0,32
vegan (1),m,1,6,train,0.0,9.0,1.0,32
vegan (2),z,0,6,train,1.0,0.0,0.0,32
vegan (1),m,1,6,train,0.0,2.0,2.0,32
vegan (3),z,1,6,train,0.0,7.0,1.0,32
vegan (2),z,0,6,train,1.0,0.0,0.0,32
vegan (6),m,0,6,train,1.0,0.0,0.0,32
vegan (5),m,1,6,train,0.0,7.0,2.0,32
vegan (4),m,0,6,train,1.0,14.0,1.0,32
vegan (5),m,1,6,train,0.0,2.0,3.0,32
vegan (2),z,0,6,train,1.0,0.0,0.0,32
vegan (6),z,1,6,train,0.0,0.0,0.0,32
vegan (1),m,1,6,train,0.0,9.0,3.0,32
vegan (4),m,0,6,train,1.0,19.0,1.0,32
vegan (3),z,1,6,train,0.0,10.0,2.0,32
vegan (6),z,1,6,train,0.0,4.0,1.0,32
vegan (5),m,1,6,train,0.0,7.0,4.0,32
vegan (2),z,0,6,train,1.0,0.0,0.0,32
vegan (3),m,0,6,train,1.0,4.0,3.0,32
vegan (4),z,1,6,train,0.0,25.0,1.0,32
vegan (1),m,1,6,train,0.0,8.0,4.0,32
vegan (6),z,1,6,train,0.0,6.0,2.0,32
vegan (3),z,1,6,train,0.0,8.0,3.0,32
vegan (4),m,0,6,train,1.0,4.0,2.0,32
vegan (1),m,1,6,train,0.0,4.0,5.0,32
vegan (2),z,0,6,train,1.0,0.0,0.0,32
vegan (5),m,1,6,train,0.0,10.0,5.0,32
vegan (2),m,1,6,train,0.0,0.0,0.0,32
vegan (3),z,1,6,train,0.0,6.0,4.0,32
vegan (5),m,1,6,train,0.0,3.0,6.0,32
vegan (4),z,1,6,train,0.0,11.0,2.0,32
vegan (1),m,1,6,train,0.0,7.0,6.0,32
vegan (6),m,0,6,train,1.0,11.0,3.0,32
vegan (2),m,1,6,train,0.0,6.0,1.0,32
vegan (1),m,1,6,train,0.0,3.0,7.0,32
vegan (4),z,1,6,train,0.0,5.0,3.0,32
vegan (3),z,1,6,train,0.0,8.0,5.0,32
vegan (5),m,1,6,train,0.0,8.0,7.0,32
vegan (6),z,1,6,train,0.0,17.0,3.0,32
vegan (3),z,1,6,train,0.0,3.0,6.0,32
vegan (2),m,1,6,train,0.0,7.0,2.0,32
vegan (6),z,1,6,train,0.0,3.0,4.0,32
vegan (1),m,1,6,train,0.0,8.0,8.0,32
vegan (4),z,1,6,train,0.0,8.0,4.0,32
vegan (5),m,1,6,train,0.0,7.0,8.0,32
vegan (2),m,1,6,train,0.0,5.0,3.0,32
vegan (6),z,1,6,train,0.0,5.0,5.0,32
vegan (3),z,1,6,train,0.0,8.0,7.0,32
vegan (1),m,1,6,train,0.0,6.0,9.0,32
vegan (4),z,1,6,train,0.0,6.0,5.0,32
vegan (5),m,1,6,train,0.0,6.0,9.0,32
vegan (3),z,1,6,train,0.0,4.0,8.0,32
vegan (5),m,1,6,train,0.0,2.0,10.0,32
vegan (2),m,1,6,train,0.0,8.0,4.0,32
vegan (6),z,1,6,train,0.0,8.0,6.0,32
vegan (1),m,1,6,train,0.0,7.0,10.0,32
vegan (4),z,1,6,train,0.0,7.0,6.0,32
vegan (5),m,1,6,train,0.0,5.0,11.0,32
vegan (2),m,1,6,train,0.0,5.0,5.0,32
vegan (1),m,1,6,train,0.0,4.0,11.0,32
vegan (4),z,1,6,train,0.0,4.0,7.0,32
vegan (3),z,1,6,train,0.0,10.0,9.0,32
vegan (6),z,1,6,train,0.0,8.0,7.0,32
vegan (5),m,1,6,train,0.0,6.0,12.0,32
vegan (1),m,1,6,train,0.0,5.0,12.0,32
vegan (2),m,1,6,train,0.0,7.0,6.0,32
vegan (4),z,1,6,train,0.0,6.0,8.0,32
vegan (3),z,1,6,train,0.0,6.0,10.0,32
vegan (6),z,1,6,train,0.0,6.0,8.0,32
animal (1),z,1,3,train,0.0,0.0,0.0,32
animal (2),m,0,3,train,0.0,0.0,0.0,32
animal (3),m,1,3,train,0.0,0.0,0.0,32
animal (1),z,1,3,train,0.0,3.0,1.0,32
animal (3),m,1,3,train,0.0,2.0,1.0,32
animal (2),z,1,3,train,0.0,0.0,0.0,32
animal (2),z,1,3,train,0.0,1.0,1.0,32
animal (3),m,1,3,train,0.0,3.0,2.0,32
animal (1),z,1,3,train,0.0,5.0,2.0,32
animal (1),z,1,3,train,0.0,1.0,3.0,32
animal (2),m,0,3,train,1.0,4.0,2.0,32
animal (3),m,1,3,train,0.0,4.0,3.0,32
animal (1),z,1,3,train,0.0,3.0,4.0,32
animal (3),m,1,3,train,0.0,2.0,4.0,32
animal (2),z,1,3,train,0.0,8.0,2.0,32
animal (2),z,1,3,train,0.0,1.0,3.0,32
animal (3),m,1,3,train,0.0,3.0,5.0,32
animal (1),z,1,3,train,0.0,5.0,5.0,32
animal (3),m,1,3,train,0.0,2.0,6.0,32
animal (2),z,1,3,train,0.0,4.0,4.0,32
animal (1),m,0,3,train,0.0,3.0,6.0,32
animal (1),z,1,3,train,0.0,4.0,6.0,32
animal (3),m,1,3,train,0.0,4.0,7.0,32
animal (2),z,1,3,train,0.0,4.0,5.0,32
animal (2),z,1,3,train,0.0,1.0,6.0,32
animal (3),m,1,3,train,0.0,3.0,8.0,32
animal (1),m,0,3,train,1.0,5.0,7.0,32
animal (3),z,0,3,train,0.0,2.0,9.0,32
animal (1),z,1,3,train,0.0,7.0,7.0,32
animal (2),z,1,3,train,0.0,5.0,7.0,32
animal (2),z,1,3,train,0.0,1.0,8.0,32
animal (3),m,1,3,train,0.0,6.0,9.0,32
animal (2),z,1,3,train,0.0,2.0,9.0,32
animal (1),z,1,3,train,0.0,5.0,8.0,32
animal (3),m,1,3,train,0.0,3.0,10.0,32
animal (1),z,1,3,train,0.0,2.0,9.0,32
fruits (6),z,1,6,train,0.0,0.0,0.0,32
fruits (1),m,1,6,train,0.0,0.0,0.0,32
fruits (5),z,0,6,train,0.0,0.0,0.0,32
fruits (4),z,1,6,train,0.0,0.0,0.0,32
fruits (2),m,1,6,train,0.0,0.0,0.0,32
fruits (3),z,1,6,train,0.0,0.0,0.0,32
fruits (3),z,1,6,train,0.0,1.0,1.0,32
fruits (6),m,0,6,train,0.0,7.0,1.0,32
fruits (4),m,0,6,train,0.0,5.0,1.0,32
fruits (5),z,0,6,train,1.0,0.0,0.0,32
fruits (1),z,0,6,train,0.0,9.0,1.0,32
fruits (2),m,1,6,train,0.0,7.0,1.0,32
fruits (1),m,1,6,train,0.0,11.0,1.0,32
fruits (3),z,1,6,train,0.0,7.0,2.0,32
fruits (2),m,1,6,train,0.0,3.0,2.0,32
fruits (6),z,1,6,train,0.0,15.0,1.0,32
fruits (5),z,0,6,train,1.0,0.0,0.0,32
fruits (4),m,0,6,train,1.0,14.0,1.0,32
fruits (5),m,1,6,train,0.0,0.0,0.0,32
fruits (2),m,1,6,train,0.0,5.0,3.0,32
fruits (6),z,1,6,train,0.0,5.0,2.0,32
fruits (1),z,0,6,train,1.0,9.0,2.0,32
fruits (4),m,0,6,train,1.0,19.0,1.0,32
fruits (3),z,1,6,train,0.0,10.0,3.0,32
fruits (6),z,1,6,train,0.0,4.0,3.0,32
fruits (5),m,1,6,train,0.0,7.0,1.0,32
fruits (2),m,1,6,train,0.0,7.0,4.0,32
fruits (3),z,1,6,train,0.0,4.0,4.0,32
fruits (4),m,0,6,train,1.0,25.0,1.0,32
fruits (1),z,0,6,train,1.0,17.0,2.0,32
fruits (6),m,0,6,train,1.0,6.0,4.0,32
fruits (3),z,1,6,train,0.0,4.0,5.0,32
fruits (4),z,1,6,train,0.0,29.0,1.0,32
fruits (1),z,0,6,train,1.0,21.0,2.0,32
fruits (2),m,1,6,train,0.0,8.0,5.0,32
fruits (5),z,0,6,train,1.0,10.0,2.0,32
fruits (2),m,1,6,train,0.0,2.0,6.0,32
fruits (3),z,1,6,train,0.0,6.0,6.0,32
fruits (5),m,1,6,train,0.0,13.0,2.0,32
fruits (4),m,0,6,train,1.0,7.0,2.0,32
fruits (1),z,0,6,train,1.0,28.0,2.0,32
fruits (6),z,1,6,train,0.0,17.0,4.0,32
fruits (2),z,0,6,train,0.0,6.0,7.0,32
fruits (1),m,1,6,train,0.0,31.0,2.0,32
fruits (4),z,1,6,train,0.0,12.0,2.0,32
fruits (3),z,1,6,train,0.0,8.0,7.0,32
fruits (5),m,1,6,train,0.0,8.0,3.0,32
fruits (6),m,0,6,train,1.0,6.0,5.0,32
fruits (3),m,0,6,train,0.0,3.0,8.0,32
fruits (2),z,0,6,train,1.0,13.0,7.0,32
fruits (6),z,1,6,train,0.0,9.0,5.0,32
fruits (1),z,0,6,train,1.0,8.0,3.0,32
fruits (4),m,0,6,train,1.0,8.0,3.0,32
fruits (5),z,0,6,train,1.0,7.0,4.0,32
fruits (2),m,1,6,train,0.0,18.0,7.0,32
fruits (6),m,0,6,train,1.0,5.0,6.0,32
fruits (3),z,1,6,train,0.0,11.0,8.0,32
fruits (1),z,0,6,train,1.0,14.0,3.0,32
fruits (4),m,0,6,train,1.0,14.0,3.0,32
fruits (5),z,0,6,train,1.0,13.0,4.0,32
fruits (3),z,1,6,train,0.0,4.0,9.0,32
fruits (5),m,1,6,train,0.0,15.0,4.0,32
fruits (2),m,1,6,train,0.0,8.0,8.0,32
fruits (6),z,1,6,train,0.0,13.0,6.0,32
fruits (1),m,1,6,train,0.0,21.0,3.0,32
fruits (4),z,1,6,train,0.0,21.0,3.0,32
fruits (5),m,1,6,train,0.0,5.0,5.0,32
fruits (2),m,1,6,train,0.0,5.0,9.0,32
fruits (1),m,1,6,train,0.0,4.0,4.0,32
fruits (4),z,1,6,train,0.0,4.0,4.0,32
fruits (3),z,1,6,train,0.0,10.0,10.0,32
fruits (6),m,0,6,train,1.0,8.0,7.0,32
fruits (5),m,1,6,train,0.0,6.0,6.0,32
fruits (1),m,1,6,train,0.0,5.0,5.0,32
fruits (2),m,1,6,train,0.0,7.0,10.0,32
fruits (4),z,1,6,train,0.0,6.0,5.0,32
fruits (3),z,1,6,train,0.0,6.0,11.0,32
fruits (6),z,1,6,train,0.0,14.0,7.0,32
tools (1),m,0,3,train,0.0,0.0,0.0,32
tools (2),m,0,3,train,0.0,0.0,0.0,32
tools (3),z,0,3,train,0.0,0.0,0.0,32
tools (1),z,1,3,train,0.0,0.0,0.0,32
tools (3),z,0,3,train,1.0,0.0,0.0,32
tools (2),z,1,3,train,0.0,0.0,0.0,32
tools (2),z,1,3,train,0.0,1.0,1.0,32
tools (3),m,1,3,train,0.0,0.0,0.0,32
tools (1),z,1,3,train,0.0,5.0,1.0,32
tools (1),z,1,3,train,0.0,1.0,2.0,32
tools (2),z,1,3,train,0.0,4.0,2.0,32
tools (3),m,1,3,train,0.0,4.0,1.0,32
tools (1),z,1,3,train,0.0,3.0,3.0,32
tools (3),m,1,3,train,0.0,2.0,2.0,32
tools (2),z,1,3,train,0.0,4.0,3.0,32
tools (2),z,1,3,train,0.0,1.0,4.0,32
tools (3),m,1,3,train,0.0,3.0,3.0,32
tools (1),z,1,3,train,0.0,5.0,4.0,32
tools (3),m,1,3,train,0.0,2.0,4.0,32
tools (2),z,1,3,train,0.0,4.0,5.0,32
tools (1),z,1,3,train,0.0,3.0,5.0,32
tools (1),z,1,3,train,0.0,1.0,6.0,32
tools (3),m,1,3,train,0.0,4.0,5.0,32
tools (2),z,1,3,train,0.0,4.0,6.0,32
tools (2),z,1,3,train,0.0,1.0,7.0,32
tools (3),m,1,3,train,0.0,3.0,6.0,32
tools (1),z,1,3,train,0.0,5.0,7.0,32
tools (3),m,1,3,train,0.0,2.0,7.0,32
tools (1),z,1,3,train,0.0,2.0,8.0,32
tools (2),z,1,3,train,0.0,5.0,8.0,32
tools (2),z,1,3,train,0.0,1.0,9.0,32
tools (3),m,1,3,train,0.0,4.0,8.0,32
tools (2),z,1,3,train,0.0,2.0,10.0,32
tools (1),z,1,3,train,0.0,5.0,9.0,32
tools (3),m,1,3,train,0.0,3.0,9.0,32
tools (1),z,1,3,train,0.0,2.0,10.0,32
clothes (6),z,1,6,train,0.0,0.0,0.0,32
clothes (1),m,1,6,train,0.0,0.0,0.0,32
clothes (5),z,0,6,train,0.0,0.0,0.0,32
clothes (4),m,0,6,train,0.0,0.0,0.0,32
clothes (2),m,1,6,train,0.0,0.0,0.0,32
clothes (3),z,1,6,train,0.0,0.0,0.0,32
clothes (3),z,1,6,train,0.0,1.0,1.0,32
clothes (6),m,0,6,train,0.0,7.0,1.0,32
clothes (4),z,1,6,train,0.0,0.0,0.0,32
clothes (5),m,1,6,train,0.0,0.0,0.0,32
clothes (1),z,0,6,train,0.0,9.0,1.0,32
clothes (2),m,1,6,train,0.0,7.0,1.0,32
clothes (1),m,1,6,train,0.0,11.0,1.0,32
clothes (3),m,0,6,train,0.0,7.0,2.0,32
clothes (2),m,1,6,train,0.0,3.0,2.0,32
clothes (6),m,0,6,train,1.0,15.0,1.0,32
clothes (5),m,1,6,train,0.0,7.0,1.0,32
clothes (4),z,1,6,train,0.0,9.0,1.0,32
clothes (5),m,1,6,train,0.0,2.0,2.0,32
clothes (2),z,0,6,train,0.0,5.0,3.0,32
clothes (6),z,1,6,train,0.0,20.0,1.0,32
clothes (1),m,1,6,train,0.0,9.0,2.0,32
clothes (4),m,0,6,train,1.0,5.0,2.0,32
clothes (3),m,0,6,train,1.0,17.0,2.0,32
clothes (6),z,1,6,train,0.0,4.0,2.0,32
clothes (5),m,1,6,train,0.0,7.0,3.0,32
clothes (2),z,0,6,train,1.0,12.0,3.0,32
clothes (3),z,1,6,train,0.0,21.0,2.0,32
clothes (4),m,0,6,train,1.0,11.0,2.0,32
clothes (1),z,0,6,train,1.0,8.0,3.0,32
clothes (6),m,0,6,train,1.0,6.0,3.0,32
clothes (3),m,0,6,train,1.0,4.0,3.0,32
clothes (4),z,1,6,train,0.0,15.0,2.0,32
clothes (1),m,1,6,train,0.0,12.0,3.0,32
clothes (2),z,0,6,train,1.0,20.0,3.0,32
clothes (5),m,1,6,train,0.0,10.0,4.0,32
clothes (2),m,1,6,train,0.0,22.0,3.0,32
clothes (3),z,1,6,train,0.0,10.0,3.0,32
clothes (5),m,1,6,train,0.0,3.0,5.0,32
clothes (4),m,0,6,train,1.0,7.0,3.0,32
clothes (1),z,0,6,train,1.0,7.0,4.0,32
clothes (6),m,0,6,train,1.0,17.0,3.0,32
clothes (2),m,1,6,train,0.0,6.0,4.0,32
clothes (1),z,0,6,train,1.0,10.0,4.0,32
clothes (4),m,0,6,train,1.0,12.0,3.0,32
clothes (3),m,0,6,train,1.0,8.0,4.0,32
clothes (5),m,1,6,train,0.0,8.0,6.0,32
clothes (6),z,1,6,train,0.0,23.0,3.0,32
clothes (3),z,1,6,train,0.0,11.0,4.0,32
clothes (2),z,0,6,train,1.0,7.0,5.0,32
clothes (6),z,1,6,train,0.0,3.0,4.0,32
clothes (1),m,1,6,train,0.0,18.0,4.0,32
clothes (4),z,1,6,train,0.0,20.0,3.0,32
clothes (5),m,1,6,train,0.0,7.0,7.0,32
clothes (2),z,0,6,train,1.0,12.0,5.0,32
clothes (6),m,0,6,train,1.0,5.0,5.0,32
clothes (3),z,1,6,train,0.0,8.0,5.0,32
clothes (1),z,0,6,train,1.0,6.0,5.0,32
clothes (4),z,1,6,train,0.0,6.0,4.0,32
clothes (5),m,1,6,train,0.0,6.0,8.0,32
clothes (3),z,1,6,train,0.0,4.0,6.0,32
clothes (5),m,1,6,train,0.0,2.0,9.0,32
clothes (2),m,1,6,train,0.0,20.0,5.0,32
clothes (6),z,1,6,train,0.0,13.0,5.0,32
clothes (1),z,0,6,train,1.0,13.0,5.0,32
clothes (4),z,1,6,train,0.0,7.0,5.0,32
clothes (5),m,1,6,train,0.0,5.0,10.0,32
clothes (2),z,0,6,train,1.0,5.0,6.0,32
clothes (1),m,1,6,train,0.0,17.0,5.0,32
clothes (4),z,1,6,train,0.0,4.0,6.0,32
clothes (3),z,1,6,train,0.0,10.0,7.0,32
clothes (6),z,1,6,train,0.0,8.0,6.0,32
clothes (5),m,1,6,train,0.0,6.0,11.0,32
clothes (1),m,1,6,train,0.0,5.0,6.0,32
clothes (2),m,1,6,train,0.0,12.0,6.0,32
clothes (4),z,1,6,train,0.0,6.0,7.0,32
clothes (3),z,1,6,train,0.0,6.0,8.0,32
clothes (6),z,1,6,train,0.0,6.0,7.0,32
face (1),m,0,3,train,0.0,0.0,0.0,32
face (2),m,0,3,train,0.0,0.0,0.0,32
face (3),z,0,3,train,0.0,0.0,0.0,32
face (1),z,1,3,train,0.0,0.0,0.0,32
face (3),m,1,3,train,0.0,0.0,0.0,32
face (2),z,1,3,train,0.0,0.0,0.0,32
face (2),z,1,3,train,0.0,1.0,1.0,32
face (3),m,1,3,train,0.0,3.0,1.0,32
face (1),m,0,3,train,1.0,5.0,1.0,32
face (1),z,1,3,train,0.0,6.0,1.0,32
face (2),z,1,3,train,0.0,4.0,2.0,32
face (3),m,1,3,train,0.0,4.0,2.0,32
face (1),z,1,3,train,0.0,3.0,2.0,32
face (3),m,1,3,train,0.0,2.0,3.0,32
face (2),z,1,3,train,0.0,4.0,3.0,32
face (2),z,1,3,train,0.0,1.0,4.0,32
face (3),m,1,3,train,0.0,3.0,4.0,32
face (1),z,1,3,train,0.0,5.0,3.0,32
face (3),m,1,3,train,0.0,2.0,5.0,32
face (2),z,1,3,train,0.0,4.0,5.0,32
face (1),z,1,3,train,0.0,3.0,4.0,32
face (1),z,1,3,train,0.0,1.0,5.0,32
face (3),m,1,3,train,0.0,4.0,6.0,32
face (2),z,1,3,train,0.0,4.0,6.0,32
face (2),z,1,3,train,0.0,1.0,7.0,32
face (3),m,1,3,train,0.0,3.0,7.0,32
face (1),z,1,3,train,0.0,5.0,6.0,32
face (3),m,1,3,train,0.0,2.0,8.0,32
face (1),z,1,3,train,0.0,2.0,7.0,32
face (2),m,0,3,train,1.0,5.0,8.0,32
face (2),z,1,3,train,0.0,6.0,8.0,32
face (3),m,1,3,train,0.0,4.0,9.0,32
face (2),z,1,3,train,0.0,2.0,9.0,32
face (1),z,1,3,train,0.0,5.0,8.0,32
face (3),m,1,3,train,0.0,3.0,10.0,32
face (1),z,1,3,train,0.0,2.0,9.0,32
color (6),m,0,6,train,0.0,0.0,0.0,32
color (1),m,1,6,train,0.0,0.0,0.0,32
color (5),z,0,6,train,0.0,0.0,0.0,32
color (4),m,0,6,train,0.0,0.0,0.0,32
color (2),z,0,6,train,0.0,0.0,0.0,32
color (3),z,1,6,train,0.0,0.0,0.0,32
color (3),z,1,6,train,0.0,1.0,1.0,32
color (6),m,0,6,train,1.0,0.0,0.0,32
color (4),m,0,6,train,1.0,0.0,0.0,32
color (5),m,1,6,train,0.0,0.0,0.0,32
color (1),z,0,6,train,0.0,9.0,1.0,32
color (2),m,1,6,train,0.0,0.0,0.0,32
color (1),m,1,6,train,0.0,11.0,1.0,32
color (3),z,1,6,train,0.0,7.0,2.0,32
color (2),m,1,6,train,0.0,3.0,1.0,32
color (6),z,1,6,train,0.0,0.0,0.0,32
color (5),m,1,6,train,0.0,7.0,1.0,32
color (4),z,1,6,train,0.0,0.0,0.0,32
color (5),m,1,6,train,0.0,2.0,2.0,32
color (2),m,1,6,train,0.0,5.0,2.0,32
color (6),z,1,6,train,0.0,5.0,1.0,32
color (1),m,1,6,train,0.0,9.0,2.0,32
color (4),m,0,6,train,1.0,5.0,1.0,32
color (3),z,1,6,train,0.0,10.0,3.0,32
color (6),z,1,6,train,0.0,4.0,2.0,32
color (5),m,1,6,train,0.0,7.0,3.0,32
color (2),m,1,6,train,0.0,7.0,3.0,32
color (3),z,1,6,train,0.0,4.0,4.0,32
color (4),z,1,6,train,0.0,11.0,1.0,32
color (1),m,1,6,train,0.0,8.0,3.0,32
color (6),z,1,6,train,0.0,6.0,3.0,32
color (3),z,1,6,train,0.0,4.0,5.0,32
color (4),z,1,6,train,0.0,4.0,2.0,32
color (1),m,1,6,train,0.0,4.0,4.0,32
color (2),m,1,6,train,0.0,8.0,4.0,32
color (5),m,1,6,train,0.0,10.0,4.0,32
color (2),m,1,6,train,0.0,2.0,5.0,32
color (3),z,1,6,train,0.0,6.0,6.0,32
color (5),m,1,6,train,0.0,3.0,5.0,32
color (4),z,1,6,train,0.0,7.0,3.0,32
color (1),m,1,6,train,0.0,7.0,5.0,32
color (6),z,1,6,train,0.0,11.0,4.0,32
color (2),m,1,6,train,0.0,6.0,6.0,32
color (1),m,1,6,train,0.0,3.0,6.0,32
color (4),z,1,6,train,0.0,5.0,4.0,32
color (3),z,1,6,train,0.0,8.0,7.0,32
color (5),m,1,6,train,0.0,8.0,6.0,32
color (6),z,1,6,train,0.0,6.0,5.0,32
color (3),z,1,6,train,0.0,3.0,8.0,32
color (2),m,1,6,train,0.0,7.0,7.0,32
color (6),z,1,6,train,0.0,3.0,6.0,32
color (1),m,1,6,train,0.0,8.0,7.0,32
color (4),z,1,6,train,0.0,8.0,5.0,32
color (5),m,1,6,train,0.0,7.0,7.0,32
color (2),m,1,6,train,0.0,5.0,8.0,32
color (6),z,1,6,train,0.0,5.0,7.0,32
color (3),z,1,6,train,0.0,8.0,9.0,32
color (1),m,1,6,train,0.0,6.0,8.0,32
color (4),z,1,6,train,0.0,6.0,6.0,32
color (5),m,1,6,train,0.0,6.0,8.0,32
color (3),z,1,6,train,0.0,4.0,10.0,32
color (5),m,1,6,train,0.0,2.0,9.0,32
color (2),m,1,6,train,0.0,8.0,9.0,32
color (6),z,1,6,train,0.0,8.0,8.0,32
color (1),m,1,6,train,0.0,7.0,9.0,32
color (4),z,1,6,train,0.0,7.0,7.0,32
color (5),m,1,6,train,0.0,5.0,10.0,32
color (2),m,1,6,train,0.0,5.0,10.0,32
color (1),m,1,6,train,0.0,4.0,10.0,32
color (4),z,1,6,train,0.0,4.0,8.0,32
color (3),z,1,6,train,0.0,10.0,11.0,32
color (6),z,1,6,train,0.0,8.0,9.0,32
color (5),m,1,6,train,0.0,6.0,11.0,32
color (1),m,1,6,train,0.0,5.0,11.0,32
color (2),m,1,6,train,0.0,7.0,11.0,32
color (4),z,1,6,train,0.0,6.0,9.0,32
color (3),z,1,6,train,0.0,6.0,12.0,32
color (6),z,1,6,train,0.0,6.0,10.0,32
symbol (1),m,1,3,train,0.0,0.0,0.0,32
symbol (2),z,0,3,train,0.0,0.0,0.0,32
symbol (3),m,0,3,train,0.0,0.0,0.0,32
symbol (1),m,1,3,train,0.0,3.0,1.0,32
symbol (3),m,0,3,train,1.0,0.0,0.0,32
symbol (2),z,0,3,train,1.0,0.0,0.0,32
symbol (2),z,0,3,train,1.0,0.0,0.0,32
symbol (3),m,0,3,train,1.0,0.0,0.0,32
symbol (1),m,1,3,train,0.0,5.0,2.0,32
symbol (1),m,1,3,train,0.0,1.0,3.0,32
symbol (2),m,1,3,train,0.0,0.0,0.0,32
symbol (3),z,1,3,train,0.0,0.0,0.0,32
symbol (1),m,1,3,train,0.0,3.0,4.0,32
symbol (3),z,1,3,train,0.0,2.0,1.0,32
symbol (2),m,1,3,train,0.0,4.0,1.0,32
symbol (2),m,1,3,train,0.0,1.0,2.0,32
symbol (3),z,1,3,train,0.0,3.0,2.0,32
symbol (1),m,1,3,train,0.0,5.0,5.0,32
symbol (3),z,1,3,train,0.0,2.0,3.0,32
symbol (2),m,1,3,train,0.0,4.0,3.0,32
symbol (1),m,1,3,train,0.0,3.0,6.0,32
symbol (1),m,1,3,train,0.0,1.0,7.0,32
symbol (3),z,1,3,train,0.0,4.0,4.0,32
symbol (2),m,1,3,train,0.0,4.0,4.0,32
symbol (2),m,1,3,train,0.0,1.0,5.0,32
symbol (3),z,1,3,train,0.0,3.0,5.0,32
symbol (1),m,1,3,train,0.0,5.0,8.0,32
symbol (3),z,1,3,train,0.0,2.0,6.0,32
symbol (1),m,1,3,train,0.0,2.0,9.0,32
symbol (2),m,1,3,train,0.0,5.0,6.0,32
symbol (2),m,1,3,train,0.0,1.0,7.0,32
symbol (3),z,1,3,train,0.0,4.0,7.0,32
symbol (2),m,1,3,train,0.0,2.0,8.0,32
symbol (1),z,0,3,train,0.0,5.0,10.0,32
symbol (3),z,1,3,train,0.0,3.0,8.0,32
symbol (1),m,1,3,train,0.0,7.0,10.0,32
environment (6),m,0,6,train,0.0,0.0,0.0,32
environment (1),m,1,6,train,0.0,0.0,0.0,32
environment (5),m,1,6,train,0.0,0.0,0.0,32
environment (4),m,0,6,train,0.0,0.0,0.0,32
environment (2),z,0,6,train,0.0,0.0,0.0,32
environment (3),m,0,6,train,0.0,0.0,0.0,32
environment (3),z,1,6,train,0.0,0.0,0.0,32
environment (6),z,1,6,train,0.0,0.0,0.0,32
environment (4),m,0,6,train,1.0,0.0,0.0,32
environment (5),m,1,6,train,0.0,7.0,1.0,32
environment (1),m,1,6,train,0.0,9.0,1.0,32
environment (2),m,1,6,train,0.0,0.0,0.0,32
environment (1),m,1,6,train,0.0,2.0,2.0,32
environment (3),z,1,6,train,0.0,7.0,1.0,32
environment (2),m,1,6,train,0.0,3.0,1.0,32
environment (6),z,1,6,train,0.0,8.0,1.0,32
environment (5),m,1,6,train,0.0,7.0,2.0,32
environment (4),m,0,6,train,1.0,0.0,0.0,32
environment (5),m,1,6,train,0.0,2.0,3.0,32
environment (2),m,1,6,train,0.0,5.0,2.0,32
environment (6),z,1,6,train,0.0,5.0,2.0,32
environment (1),m,1,6,train,0.0,9.0,3.0,32
environment (4),z,1,6,train,0.0,0.0,0.0,32
environment (3),z,1,6,train,0.0,10.0,2.0,32
environment (6),z,1,6,train,0.0,4.0,3.0,32
environment (5),m,1,6,train,0.0,7.0,4.0,32
environment (2),m,1,6,train,0.0,7.0,3.0,32
environment (3),z,1,6,train,0.0,4.0,3.0,32
environment (4),z,1,6,train,0.0,6.0,1.0,32
environment (1),m,1,6,train,0.0,8.0,4.0,32
environment (6),z,1,6,train,0.0,6.0,4.0,32
environment (3),z,1,6,train,0.0,4.0,4.0,32
environment (4),z,1,6,train,0.0,4.0,2.0,32
environment (1),m,1,6,train,0.0,4.0,5.0,32
environment (2),m,1,6,train,0.0,8.0,4.0,32
environment (5),m,1,6,train,0.0,10.0,5.0,32
environment (2),m,1,6,train,0.0,2.0,5.0,32
environment (3),z,1,6,train,0.0,6.0,5.0,32
environment (5),m,1,6,train,0.0,3.0,6.0,32
environment (4),z,1,6,train,0.0,7.0,3.0,32
environment (1),m,1,6,train,0.0,7.0,6.0,32
environment (6),z,1,6,train,0.0,11.0,5.0,32
environment (2),m,1,6,train,0.0,6.0,6.0,32
environment (1),m,1,6,train,0.0,3.0,7.0,32
environment (4),z,1,6,train,0.0,5.0,4.0,32
environment (3),z,1,6,train,0.0,8.0,6.0,32
environment (5),z,0,6,train,0.0,8.0,7.0,32
environment (6),z,1,6,train,0.0,6.0,6.0,32
environment (3),z,1,6,train,0.0,3.0,7.0,32
environment (2),m,1,6,train,0.0,7.0,7.0,32
environment (6),z,1,6,train,0.0,3.0,7.0,32
environment (1),m,1,6,train,0.0,8.0,8.0,32
environment (4),z,1,6,train,0.0,8.0,5.0,32
environment (5),m,1,6,train,0.0,15.0,7.0,32
environment (2),m,1,6,train,0.0,5.0,8.0,32
environment (6),z,1,6,train,0.0,5.0,8.0,32
environment (3),z,1,6,train,0.0,8.0,8.0,32
environment (1),m,1,6,train,0.0,6.0,9.0,32
environment (4),z,1,6,train,0.0,6.0,6.0,32
environment (5),m,1,6,train,0.0,6.0,8.0,32
environment (3),z,1,6,train,0.0,4.0,9.0,32
environment (5),m,1,6,train,0.0,2.0,9.0,32
environment (2),m,1,6,train,0.0,8.0,9.0,32
environment (6),z,1,6,train,0.0,8.0,9.0,32
environment (1),m,1,6,train,0.0,7.0,10.0,32
environment (4),z,1,6,train,0.0,7.0,7.0,32
environment (5),m,1,6,train,0.0,5.0,10.0,32
environment (2),m,1,6,train,0.0,5.0,10.0,32
environment (1),m,1,6,train,0.0,4.0,11.0,32
environment (4),z,1,6,train,0.0,4.0,8.0,32
environment (3),z,1,6,train,0.0,10.0,10.0,32
environment (6),z,1,6,train,0.0,8.0,10.0,32
environment (5),m,1,6,train,0.0,6.0,11.0,32
environment (1),z,0,6,train,0.0,5.0,12.0,32
environment (2),m,1,6,train,0.0,7.0,11.0,32
environment (4),z,1,6,train,0.0,6.0,9.0,32
environment (3),z,1,6,train,0.0,6.0,11.0,32
environment (6),z,1,6,train,0.0,6.0,11.0,32
vehicle (1),m,1,3,train,0.0,0.0,0.0,32
vehicle (2),m,1,3,train,0.0,0.0,0.0,32
vehicle (3),z,1,3,train,0.0,0.0,0.0,32
vehicle (1),m,1,3,train,0.0,3.0,1.0,32
vehicle (3),z,1,3,train,0.0,2.0,1.0,32
vehicle (2),m,1,3,train,0.0,4.0,1.0,32
vehicle (2),m,1,3,train,0.0,1.0,2.0,32
vehicle (3),z,1,3,train,0.0,3.0,2.0,32
vehicle (1),m,1,3,train,0.0,5.0,2.0,32
vehicle (1),m,1,3,train,0.0,1.0,3.0,32
vehicle (2),m,1,3,train,0.0,4.0,3.0,32
vehicle (3),z,1,3,train,0.0,4.0,3.0,32
vehicle (1),m,1,3,train,0.0,3.0,4.0,32
vehicle (3),z,1,3,train,0.0,2.0,4.0,32
vehicle (2),m,1,3,train,0.0,4.0,4.0,32
vehicle (2),m,1,3,train,0.0,1.0,5.0,32
vehicle (3),z,1,3,train,0.0,3.0,5.0,32
vehicle (1),m,1,3,train,0.0,5.0,5.0,32
vehicle (3),z,1,3,train,0.0,2.0,6.0,32
vehicle (2),m,1,3,train,0.0,4.0,6.0,32
vehicle (1),m,1,3,train,0.0,3.0,6.0,32
vehicle (1),m,1,3,train,0.0,1.0,7.0,32
vehicle (3),z,1,3,train,0.0,4.0,7.0,32
vehicle (2),m,1,3,train,0.0,4.0,7.0,32
vehicle (2),m,1,3,train,0.0,1.0,8.0,32
vehicle (3),z,1,3,train,0.0,3.0,8.0,32
vehicle (1),m,1,3,train,0.0,5.0,8.0,32
vehicle (3),m,0,3,train,0.0,2.0,9.0,32
vehicle (1),m,1,3,train,0.0,2.0,9.0,32
vehicle (2),m,1,3,train,0.0,5.0,9.0,32
vehicle (2),m,1,3,train,0.0,1.0,10.0,32
vehicle (3),z,1,3,train,0.0,6.0,9.0,32
vehicle (2),m,1,3,train,0.0,2.0,11.0,32
vehicle (1),m,1,3,train,0.0,5.0,10.0,32
vehicle (3),z,1,3,train,0.0,3.0,10.0,32
vehicle (1),m,1,3,train,0.0,2.0,11.0,32
instrument (1),z,0,3,train,0.0,0.0,0.0,32
instrument (2),z,0,3,train,0.0,0.0,0.0,32
instrument (3),z,1,3,train,0.0,0.0,0.0,32
instrument (1),m,1,3,train,0.0,0.0,0.0,32
instrument (3),z,1,3,train,0.0,2.0,1.0,32
instrument (2),m,1,3,train,0.0,0.0,0.0,32
instrument (2),z,0,3,train,1.0,1.0,1.0,32
instrument (3),z,1,3,train,0.0,3.0,2.0,32
instrument (1),m,1,3,train,0.0,5.0,1.0,32
instrument (1),m,1,3,train,0.0,1.0,2.0,32
instrument (2),m,1,3,train,0.0,5.0,1.0,32
instrument (3),z,1,3,train,0.0,4.0,3.0,32
instrument (1),m,1,3,train,0.0,3.0,3.0,32
instrument (3),z,1,3,train,0.0,2.0,4.0,32
instrument (2),m,1,3,train,0.0,4.0,2.0,32
instrument (2),m,1,3,train,0.0,1.0,3.0,32
instrument (3),z,1,3,train,0.0,3.0,5.0,32
instrument (1),m,1,3,train,0.0,5.0,4.0,32
instrument (3),z,1,3,train,0.0,2.0,6.0,32
instrument (2),m,1,3,train,0.0,4.0,4.0,32
instrument (1),z,0,3,train,1.0,3.0,5.0,32
instrument (1),m,1,3,train,0.0,4.0,5.0,32
instrument (3),z,1,3,train,0.0,4.0,7.0,32
instrument (2),m,1,3,train,0.0,4.0,5.0,32
instrument (2),m,1,3,train,0.0,1.0,6.0,32
instrument (3),z,1,3,train,0.0,3.0,8.0,32
instrument (1),m,1,3,train,0.0,5.0,6.0,32
instrument (3),z,1,3,train,0.0,2.0,9.0,32
instrument (1),m,1,3,train,0.0,2.0,7.0,32
instrument (2),m,1,3,train,0.0,5.0,7.0,32
instrument (2),m,1,3,train,0.0,1.0,8.0,32
instrument (3),z,1,3,train,0.0,4.0,10.0,32
instrument (2),m,1,3,train,0.0,2.0,9.0,32
instrument (1),z,0,3,train,1.0,5.0,8.0,32
instrument (3),z,1,3,train,0.0,3.0,11.0,32
instrument (1),m,1,3,train,0.0,7.0,8.0,32
jungle2,m,0,3,train,0.0,0.0,0.0,33
jungle1,z,1,3,train,0.0,0.0,0.0,33
jungle3,z,0,3,train,0.0,0.0,0.0,33
jungle1,m,0,3,train,0.0,2.0,1.0,33
jungle3,z,0,3,train,1.0,0.0,0.0,33
jungle2,m,0,3,train,1.0,0.0,0.0,33
jungle3,z,0,3,train,1.0,0.0,0.0,33
jungle2,m,0,3,train,1.0,0.0,0.0,33
jungle1,m,0,3,train,1.0,7.0,1.0,33
jungle1,z,1,3,train,0.0,8.0,1.0,33
jungle2,z,1,3,train,0.0,0.0,0.0,33
jungle3,z,0,3,train,1.0,0.0,0.0,33
jungle3,m,1,3,train,0.0,0.0,0.0,33
jungle1,z,1,3,train,0.0,4.0,2.0,33
jungle2,m,0,3,train,1.0,4.0,1.0,33
jungle3,z,0,3,train,1.0,3.0,1.0,33
jungle1,m,0,3,train,1.0,3.0,3.0,33
jungle2,z,1,3,train,0.0,7.0,1.0,33
jungle1,z,1,3,train,0.0,5.0,3.0,33
jungle3,m,1,3,train,0.0,7.0,1.0,33
jungle2,m,0,3,train,1.0,3.0,2.0,33
jungle3,z,0,3,train,1.0,2.0,2.0,33
jungle2,z,1,3,train,0.0,5.0,2.0,33
jungle1,z,1,3,train,0.0,5.0,4.0,33
jungle2,z,1,3,train,0.0,2.0,3.0,33
jungle3,m,1,3,train,0.0,6.0,2.0,33
jungle1,z,1,3,train,0.0,3.0,5.0,33
jungle1,m,0,3,train,1.0,1.0,6.0,33
jungle2,m,0,3,train,1.0,4.0,4.0,33
jungle3,z,0,3,train,1.0,4.0,3.0,33
jungle2,m,0,3,train,1.0,6.0,4.0,33
jungle3,z,0,3,train,1.0,6.0,3.0,33
jungle1,m,0,3,train,1.0,6.0,6.0,33
jungle2,m,0,3,train,1.0,9.0,4.0,33
jungle1,z,1,3,train,0.0,8.0,6.0,33
jungle3,z,0,3,train,1.0,10.0,3.0,33
vegan (6),z,1,6,train,0.0,0.0,0.0,33
vegan (1),m,1,6,train,0.0,0.0,0.0,33
vegan (5),z,0,6,train,0.0,0.0,0.0,33
vegan (4),z,1,6,train,0.0,0.0,0.0,33
vegan (2),m,1,6,train,0.0,0.0,0.0,33
vegan (3),m,0,6,train,0.0,0.0,0.0,33
vegan (3),z,1,6,train,0.0,0.0,0.0,33
vegan (6),z,1,6,train,0.0,7.0,1.0,33
vegan (4),z,1,6,train,0.0,5.0,1.0,33
vegan (5),m,1,6,train,0.0,0.0,0.0,33
vegan (1),m,1,6,train,0.0,9.0,1.0,33
vegan (2),z,0,6,train,0.0,7.0,1.0,33
vegan (1),z,0,6,train,0.0,2.0,2.0,33
vegan (3),m,0,6,train,1.0,7.0,1.0,33
vegan (2),z,0,6,train,1.0,10.0,1.0,33
vegan (6),z,1,6,train,0.0,8.0,2.0,33
vegan (5),m,1,6,train,0.0,7.0,1.0,33
vegan (4),m,0,6,train,0.0,9.0,2.0,33
vegan (5),z,0,6,train,1.0,2.0,2.0,33
vegan (2),m,1,6,train,0.0,15.0,1.0,33
vegan (6),z,1,6,train,0.0,5.0,3.0,33
vegan (1),z,0,6,train,1.0,11.0,2.0,33
vegan (4),z,1,6,train,0.0,14.0,2.0,33
vegan (3),m,0,6,train,1.0,17.0,1.0,33
vegan (6),z,1,6,train,0.0,4.0,4.0,33
vegan (5),z,0,6,train,1.0,9.0,2.0,33
vegan (2),m,1,6,train,0.0,7.0,2.0,33
vegan (3),m,0,6,train,1.0,21.0,1.0,33
vegan (4),z,1,6,train,0.0,6.0,3.0,33
vegan (1),z,0,6,train,1.0,19.0,2.0,33
vegan (6),z,1,6,train,0.0,6.0,5.0,33
vegan (3),m,0,6,train,1.0,25.0,1.0,33
vegan (4),z,1,6,train,0.0,4.0,4.0,33
vegan (1),z,0,6,train,1.0,23.0,2.0,33
vegan (2),m,1,6,train,0.0,8.0,3.0,33
vegan (5),z,0,6,train,1.0,19.0,2.0,33
vegan (2),m,1,6,train,0.0,2.0,4.0,33
vegan (3),m,0,6,train,1.0,31.0,1.0,33
vegan (5),m,1,6,train,0.0,22.0,2.0,33
vegan (4),z,1,6,train,0.0,7.0,5.0,33
vegan (1),m,1,6,train,0.0,30.0,2.0,33
vegan (6),z,1,6,train,0.0,11.0,6.0,33
vegan (2),m,1,6,train,0.0,6.0,5.0,33
vegan (1),m,1,6,train,0.0,3.0,3.0,33
vegan (4),z,1,6,train,0.0,5.0,6.0,33
vegan (3),m,0,6,train,1.0,39.0,1.0,33
vegan (5),z,0,6,train,1.0,8.0,3.0,33
vegan (6),z,1,6,train,0.0,6.0,7.0,33
vegan (3),z,1,6,train,0.0,42.0,1.0,33
vegan (2),m,1,6,train,0.0,7.0,6.0,33
vegan (6),z,1,6,train,0.0,3.0,8.0,33
vegan (1),m,1,6,train,0.0,8.0,4.0,33
vegan (4),z,1,6,train,0.0,8.0,7.0,33
vegan (5),z,0,6,train,1.0,15.0,3.0,33
vegan (2),z,0,6,train,1.0,5.0,7.0,33
vegan (6),z,1,6,train,0.0,5.0,9.0,33
vegan (3),m,0,6,train,1.0,8.0,2.0,33
vegan (1),m,1,6,train,0.0,6.0,5.0,33
vegan (4),z,1,6,train,0.0,6.0,8.0,33
vegan (5),z,0,6,train,1.0,21.0,3.0,33
vegan (3),z,1,6,train,0.0,12.0,2.0,33
vegan (5),m,1,6,train,0.0,23.0,3.0,33
vegan (2),m,1,6,train,0.0,13.0,7.0,33
vegan (6),z,1,6,train,0.0,8.0,10.0,33
vegan (1),m,1,6,train,0.0,7.0,6.0,33
vegan (4),m,0,6,train,1.0,7.0,9.0,33
vegan (5),m,1,6,train,0.0,5.0,4.0,33
vegan (2),z,0,6,train,1.0,5.0,8.0,33
vegan (1),m,1,6,train,0.0,4.0,7.0,33
vegan (4),m,0,6,train,1.0,11.0,9.0,33
vegan (3),z,1,6,train,0.0,10.0,3.0,33
vegan (6),z,1,6,train,0.0,8.0,11.0,33
vegan (5),z,0,6,train,1.0,6.0,5.0,33
vegan (1),m,1,6,train,0.0,5.0,8.0,33
vegan (2),z,0,6,train,1.0,12.0,8.0,33
vegan (4),m,0,6,train,1.0,17.0,9.0,33
vegan (3),z,1,6,train,0.0,6.0,4.0,33
vegan (6),z,1,6,train,0.0,6.0,12.0,33
animal (1),z,1,3,train,0.0,0.0,0.0,33
animal (2),m,0,3,train,0.0,0.0,0.0,33
animal (3),m,1,3,train,0.0,0.0,0.0,33
animal (1),z,1,3,train,0.0,3.0,1.0,33
animal (3),z,0,3,train,0.0,2.0,1.0,33
animal (2),z,1,3,train,0.0,0.0,0.0,33
animal (2),z,1,3,train,0.0,1.0,1.0,33
animal (3),m,1,3,train,0.0,5.0,1.0,33
animal (1),z,1,3,train,0.0,5.0,2.0,33
animal (1),z,1,3,train,0.0,1.0,3.0,33
animal (2),m,0,3,train,1.0,4.0,2.0,33
animal (3),m,1,3,train,0.0,4.0,2.0,33
animal (1),z,1,3,train,0.0,3.0,4.0,33
animal (3),m,1,3,train,0.0,2.0,3.0,33
animal (2),z,1,3,train,0.0,8.0,2.0,33
animal (2),z,1,3,train,0.0,1.0,3.0,33
animal (3),m,1,3,train,0.0,3.0,4.0,33
animal (1),z,1,3,train,0.0,5.0,5.0,33
animal (3),m,1,3,train,0.0,2.0,5.0,33
animal (2),z,1,3,train,0.0,4.0,4.0,33
animal (1),z,1,3,train,0.0,3.0,6.0,33
animal (1),z,1,3,train,0.0,1.0,7.0,33
animal (3),m,1,3,train,0.0,4.0,6.0,33
animal (2),z,1,3,train,0.0,4.0,5.0,33
animal (2),z,1,3,train,0.0,1.0,6.0,33
animal (3),m,1,3,train,0.0,3.0,7.0,33
animal (1),z,1,3,train,0.0,5.0,8.0,33
animal (3),z,0,3,train,1.0,2.0,8.0,33
animal (1),z,1,3,train,0.0,2.0,9.0,33
animal (2),z,1,3,train,0.0,5.0,7.0,33
animal (2),z,1,3,train,0.0,1.0,8.0,33
animal (3),m,1,3,train,0.0,6.0,8.0,33
animal (2),z,1,3,train,0.0,2.0,9.0,33
animal (1),z,1,3,train,0.0,5.0,10.0,33
animal (3),m,1,3,train,0.0,3.0,9.0,33
animal (1),z,1,3,train,0.0,2.0,11.0,33
fruits (6),z,1,6,train,0.0,0.0,0.0,33
fruits (1),z,0,6,train,0.0,0.0,0.0,33
fruits (5),z,0,6,train,0.0,0.0,0.0,33
fruits (4),m,0,6,train,0.0,0.0,0.0,33
fruits (2),z,0,6,train,0.0,0.0,0.0,33
fruits (3),z,1,6,train,0.0,0.0,0.0,33
fruits (3),z,1,6,train,0.0,1.0,1.0,33
fruits (6),z,1,6,train,0.0,7.0,1.0,33
fruits (4),z,1,6,train,0.0,0.0,0.0,33
fruits (5),m,1,6,train,0.0,0.0,0.0,33
fruits (1),m,1,6,train,0.0,0.0,0.0,33
fruits (2),m,1,6,train,0.0,0.0,0.0,33
fruits (1),m,1,6,train,0.0,2.0,1.0,33
fruits (3),z,1,6,train,0.0,7.0,2.0,33
fruits (2),m,1,6,train,0.0,3.0,1.0,33
fruits (6),z,1,6,train,0.0,8.0,2.0,33
fruits (5),m,1,6,train,0.0,7.0,1.0,33
fruits (4),z,1,6,train,0.0,9.0,1.0,33
fruits (5),m,1,6,train,0.0,2.0,2.0,33
fruits (2),m,1,6,train,0.0,5.0,2.0,33
fruits (6),z,1,6,train,0.0,5.0,3.0,33
fruits (1),m,1,6,train,0.0,9.0,2.0,33
fruits (4),z,1,6,train,0.0,5.0,2.0,33
fruits (3),z,1,6,train,0.0,10.0,3.0,33
fruits (6),z,1,6,train,0.0,4.0,4.0,33
fruits (5),m,1,6,train,0.0,7.0,3.0,33
fruits (2),m,1,6,train,0.0,7.0,3.0,33
fruits (3),z,1,6,train,0.0,4.0,4.0,33
fruits (4),z,1,6,train,0.0,6.0,3.0,33
fruits (1),m,1,6,train,0.0,8.0,3.0,33
fruits (6),z,1,6,train,0.0,6.0,5.0,33
fruits (3),z,1,6,train,0.0,4.0,5.0,33
fruits (4),z,1,6,train,0.0,4.0,4.0,33
fruits (1),m,1,6,train,0.0,4.0,4.0,33
fruits (2),m,1,6,train,0.0,8.0,4.0,33
fruits (5),m,1,6,train,0.0,10.0,4.0,33
fruits (2),m,1,6,train,0.0,2.0,5.0,33
fruits (3),z,1,6,train,0.0,6.0,6.0,33
fruits (5),m,1,6,train,0.0,3.0,5.0,33
fruits (4),z,1,6,train,0.0,7.0,5.0,33
fruits (1),m,1,6,train,0.0,7.0,5.0,33
fruits (6),z,1,6,train,0.0,11.0,6.0,33
fruits (2),m,1,6,train,0.0,6.0,6.0,33
fruits (1),m,1,6,train,0.0,3.0,6.0,33
fruits (4),z,1,6,train,0.0,5.0,6.0,33
fruits (3),z,1,6,train,0.0,8.0,7.0,33
fruits (5),m,1,6,train,0.0,8.0,6.0,33
fruits (6),z,1,6,train,0.0,6.0,7.0,33
fruits (3),z,1,6,train,0.0,3.0,8.0,33
fruits (2),m,1,6,train,0.0,7.0,7.0,33
fruits (6),z,1,6,train,0.0,3.0,8.0,33
fruits (1),m,1,6,train,0.0,8.0,7.0,33
fruits (4),z,1,6,train,0.0,8.0,7.0,33
fruits (5),m,1,6,train,0.0,7.0,7.0,33
fruits (2),m,1,6,train,0.0,5.0,8.0,33
fruits (6),z,1,6,train,0.0,5.0,9.0,33
fruits (3),z,1,6,train,0.0,8.0,9.0,33
fruits (1),m,1,6,train,0.0,6.0,8.0,33
fruits (4),z,1,6,train,0.0,6.0,8.0,33
fruits (5),m,1,6,train,0.0,6.0,8.0,33
fruits (3),z,1,6,train,0.0,4.0,10.0,33
fruits (5),m,1,6,train,0.0,2.0,9.0,33
fruits (2),m,1,6,train,0.0,8.0,9.0,33
fruits (6),z,1,6,train,0.0,8.0,10.0,33
fruits (1),m,1,6,train,0.0,7.0,9.0,33
fruits (4),z,1,6,train,0.0,7.0,9.0,33
fruits (5),m,1,6,train,0.0,5.0,10.0,33
fruits (2),m,1,6,train,0.0,5.0,10.0,33
fruits (1),m,1,6,train,0.0,4.0,10.0,33
fruits (4),z,1,6,train,0.0,4.0,10.0,33
fruits (3),z,1,6,train,0.0,10.0,11.0,33
fruits (6),m,0,6,train,0.0,8.0,11.0,33
fruits (5),m,1,6,train,0.0,6.0,11.0,33
fruits (1),m,1,6,train,0.0,5.0,11.0,33
fruits (2),m,1,6,train,0.0,7.0,11.0,33
fruits (4),z,1,6,train,0.0,6.0,11.0,33
fruits (3),z,1,6,train,0.0,6.0,12.0,33
fruits (6),z,1,6,train,0.0,14.0,11.0,33
tools (1),z,1,3,train,0.0,0.0,0.0,33
tools (2),z,1,3,train,0.0,0.0,0.0,33
tools (3),m,1,3,train,0.0,0.0,0.0,33
tools (1),z,1,3,train,0.0,3.0,1.0,33
tools (3),m,1,3,train,0.0,2.0,1.0,33
tools (2),z,1,3,train,0.0,4.0,1.0,33
tools (2),z,1,3,train,0.0,1.0,2.0,33
tools (3),m,1,3,train,0.0,3.0,2.0,33
tools (1),z,1,3,train,0.0,5.0,2.0,33
tools (1),z,1,3,train,0.0,1.0,3.0,33
tools (2),z,1,3,train,0.0,4.0,3.0,33
tools (3),m,1,3,train,0.0,4.0,3.0,33
tools (1),z,1,3,train,0.0,3.0,4.0,33
tools (3),m,1,3,train,0.0,2.0,4.0,33
tools (2),z,1,3,train,0.0,4.0,4.0,33
tools (2),z,1,3,train,0.0,1.0,5.0,33
tools (3),m,1,3,train,0.0,3.0,5.0,33
tools (1),z,1,3,train,0.0,5.0,5.0,33
tools (3),m,1,3,train,0.0,2.0,6.0,33
tools (2),z,1,3,train,0.0,4.0,6.0,33
tools (1),z,1,3,train,0.0,3.0,6.0,33
tools (1),z,1,3,train,0.0,1.0,7.0,33
tools (3),m,1,3,train,0.0,4.0,7.0,33
tools (2),z,1,3,train,0.0,4.0,7.0,33
tools (2),z,1,3,train,0.0,1.0,8.0,33
tools (3),m,1,3,train,0.0,3.0,8.0,33
tools (1),z,1,3,train,0.0,5.0,8.0,33
tools (3),m,1,3,train,0.0,2.0,9.0,33
tools (1),z,1,3,train,0.0,2.0,9.0,33
tools (2),z,1,3,train,0.0,5.0,9.0,33
tools (2),z,1,3,train,0.0,1.0,10.0,33
tools (3),m,1,3,train,0.0,4.0,10.0,33
tools (2),z,1,3,train,0.0,2.0,11.0,33
tools (1),z,1,3,train,0.0,5.0,10.0,33
tools (3),m,1,3,train,0.0,3.0,11.0,33
tools (1),z,1,3,train,0.0,2.0,11.0,33
clothes (6),z,1,6,train,0.0,0.0,0.0,33
clothes (1),z,0,6,train,0.0,0.0,0.0,33
clothes (5),z,0,6,train,0.0,0.0,0.0,33
clothes (4),z,1,6,train,0.0,0.0,0.0,33
clothes (2),z,0,6,train,0.0,0.0,0.0,33
clothes (3),z,1,6,train,0.0,0.0,0.0,33
clothes (3),z,1,6,train,0.0,1.0,1.0,33
clothes (6),z,1,6,train,0.0,7.0,1.0,33
clothes (4),z,1,6,train,0.0,5.0,1.0,33
clothes (5),m,1,6,train,0.0,0.0,0.0,33
clothes (1),m,1,6,train,0.0,0.0,0.0,33
clothes (2),m,1,6,train,0.0,0.0,0.0,33
clothes (1),m,1,6,train,0.0,2.0,1.0,33
clothes (3),z,1,6,train,0.0,7.0,2.0,33
clothes (2),m,1,6,train,0.0,3.0,1.0,33
clothes (6),z,1,6,train,0.0,8.0,2.0,33
clothes (5),m,1,6,train,0.0,7.0,1.0,33
clothes (4),z,1,6,train,0.0,9.0,2.0,33
clothes (5),m,1,6,train,0.0,2.0,2.0,33
clothes (2),m,1,6,train,0.0,5.0,2.0,33
clothes (6),z,1,6,train,0.0,5.0,3.0,33
clothes (1),m,1,6,train,0.0,9.0,2.0,33
clothes (4),z,1,6,train,0.0,5.0,3.0,33
clothes (3),z,1,6,train,0.0,10.0,3.0,33
clothes (6),z,1,6,train,0.0,4.0,4.0,33
clothes (5),m,1,6,train,0.0,7.0,3.0,33
clothes (2),m,1,6,train,0.0,7.0,3.0,33
clothes (3),z,1,6,train,0.0,4.0,4.0,33
clothes (4),z,1,6,train,0.0,6.0,4.0,33
clothes (1),m,1,6,train,0.0,8.0,3.0,33
clothes (6),z,1,6,train,0.0,6.0,5.0,33
clothes (3),z,1,6,train,0.0,4.0,5.0,33
clothes (4),z,1,6,train,0.0,4.0,5.0,33
clothes (1),m,1,6,train,0.0,4.0,4.0,33
clothes (2),m,1,6,train,0.0,8.0,4.0,33
clothes (5),m,1,6,train,0.0,10.0,4.0,33
clothes (2),m,1,6,train,0.0,2.0,5.0,33
clothes (3),z,1,6,train,0.0,6.0,6.0,33
clothes (5),m,1,6,train,0.0,3.0,5.0,33
clothes (4),z,1,6,train,0.0,7.0,6.0,33
clothes (1),m,1,6,train,0.0,7.0,5.0,33
clothes (6),z,1,6,train,0.0,11.0,6.0,33
clothes (2),m,1,6,train,0.0,6.0,6.0,33
clothes (1),m,1,6,train,0.0,3.0,6.0,33
clothes (4),z,1,6,train,0.0,5.0,7.0,33
clothes (3),z,1,6,train,0.0,8.0,7.0,33
clothes (5),m,1,6,train,0.0,8.0,6.0,33
clothes (6),z,1,6,train,0.0,6.0,7.0,33
clothes (3),z,1,6,train,0.0,3.0,8.0,33
clothes (2),m,1,6,train,0.0,7.0,7.0,33
clothes (6),z,1,6,train,0.0,3.0,8.0,33
clothes (1),m,1,6,train,0.0,8.0,7.0,33
clothes (4),z,1,6,train,0.0,8.0,8.0,33
clothes (5),m,1,6,train,0.0,7.0,7.0,33
clothes (2),m,1,6,train,0.0,5.0,8.0,33
clothes (6),z,1,6,train,0.0,5.0,9.0,33
clothes (3),z,1,6,train,0.0,8.0,9.0,33
clothes (1),m,1,6,train,0.0,6.0,8.0,33
clothes (4),z,1,6,train,0.0,6.0,9.0,33
clothes (5),m,1,6,train,0.0,6.0,8.0,33
clothes (3),z,1,6,train,0.0,4.0,10.0,33
clothes (5),m,1,6,train,0.0,2.0,9.0,33
clothes (2),z,0,6,train,1.0,8.0,9.0,33
clothes (6),z,1,6,train,0.0,8.0,10.0,33
clothes (1),m,1,6,train,0.0,7.0,9.0,33
clothes (4),z,1,6,train,0.0,7.0,10.0,33
clothes (5),m,1,6,train,0.0,5.0,10.0,33
clothes (2),m,1,6,train,0.0,13.0,9.0,33
clothes (1),m,1,6,train,0.0,4.0,10.0,33
clothes (4),z,1,6,train,0.0,4.0,11.0,33
clothes (3),z,1,6,train,0.0,10.0,11.0,33
clothes (6),z,1,6,train,0.0,8.0,11.0,33
clothes (5),m,1,6,train,0.0,6.0,11.0,33
clothes (1),m,1,6,train,0.0,5.0,11.0,33
clothes (2),m,1,6,train,0.0,7.0,10.0,33
clothes (4),z,1,6,train,0.0,6.0,12.0,33
clothes (3),z,1,6,train,0.0,6.0,12.0,33
clothes (6),z,1,6,train,0.0,6.0,12.0,33
face (1),z,1,3,train,0.0,0.0,0.0,33
face (2),z,1,3,train,0.0,0.0,0.0,33
face (3),m,1,3,train,0.0,0.0,0.0,33
face (1),z,1,3,train,0.0,3.0,1.0,33
face (3),m,1,3,train,0.0,2.0,1.0,33
face (2),z,1,3,train,0.0,4.0,1.0,33
face (2),z,1,3,train,0.0,1.0,2.0,33
face (3),m,1,3,train,0.0,3.0,2.0,33
face (1),z,1,3,train,0.0,5.0,2.0,33
face (1),z,1,3,train,0.0,1.0,3.0,33
face (2),m,0,3,train,0.0,4.0,3.0,33
face (3),m,1,3,train,0.0,4.0,3.0,33
face (1),z,1,3,train,0.0,3.0,4.0,33
face (3),m,1,3,train,0.0,2.0,4.0,33
face (2),z,1,3,train,0.0,8.0,3.0,33
face (2),z,1,3,train,0.0,1.0,4.0,33
face (3),m,1,3,train,0.0,3.0,5.0,33
face (1),z,1,3,train,0.0,5.0,5.0,33
face (3),m,1,3,train,0.0,2.0,6.0,33
face (2),z,1,3,train,0.0,4.0,5.0,33
face (1),z,1,3,train,0.0,3.0,6.0,33
face (1),z,1,3,train,0.0,1.0,7.0,33
face (3),m,1,3,train,0.0,4.0,7.0,33
face (2),z,1,3,train,0.0,4.0,6.0,33
face (2),z,1,3,train,0.0,1.0,7.0,33
face (3),m,1,3,train,0.0,3.0,8.0,33
face (1),z,1,3,train,0.0,5.0,8.0,33
face (3),m,1,3,train,0.0,2.0,9.0,33
face (1),z,1,3,train,0.0,2.0,9.0,33
face (2),z,1,3,train,0.0,5.0,8.0,33
face (2),z,1,3,train,0.0,1.0,9.0,33
face (3),m,1,3,train,0.0,4.0,10.0,33
face (2),z,1,3,train,0.0,2.0,10.0,33
face (1),z,1,3,train,0.0,5.0,10.0,33
face (3),m,1,3,train,0.0,3.0,11.0,33
face (1),z,1,3,train,0.0,2.0,11.0,33
color (6),m,0,6,train,0.0,0.0,0.0,33
color (1),z,0,6,train,0.0,0.0,0.0,33
color (5),z,0,6,train,0.0,0.0,0.0,33
color (4),z,1,6,train,0.0,0.0,0.0,33
color (2),z,0,6,train,0.0,0.0,0.0,33
color (3),z,1,6,train,0.0,0.0,0.0,33
color (3),z,1,6,train,0.0,1.0,1.0,33
color (6),z,1,6,train,0.0,0.0,0.0,33
color (4),z,1,6,train,0.0,5.0,1.0,33
color (5),m,1,6,train,0.0,0.0,0.0,33
color (1),m,1,6,train,0.0,0.0,0.0,33
color (2),m,1,6,train,0.0,0.0,0.0,33
color (1),m,1,6,train,0.0,2.0,1.0,33
color (3),z,1,6,train,0.0,7.0,2.0,33
color (2),m,1,6,train,0.0,3.0,1.0,33
color (6),z,1,6,train,0.0,8.0,1.0,33
color (5),m,1,6,train,0.0,7.0,1.0,33
color (4),z,1,6,train,0.0,9.0,2.0,33
color (5),m,1,6,train,0.0,2.0,2.0,33
color (2),m,1,6,train,0.0,5.0,2.0,33
color (6),z,1,6,train,0.0,5.0,2.0,33
color (1),m,1,6,train,0.0,9.0,2.0,33
color (4),z,1,6,train,0.0,5.0,3.0,33
color (3),z,1,6,train,0.0,10.0,3.0,33
color (6),z,1,6,train,0.0,4.0,3.0,33
color (5),m,1,6,train,0.0,7.0,3.0,33
color (2),m,1,6,train,0.0,7.0,3.0,33
color (3),z,1,6,train,0.0,4.0,4.0,33
color (4),z,1,6,train,0.0,6.0,4.0,33
color (1),m,1,6,train,0.0,8.0,3.0,33
color (6),z,1,6,train,0.0,6.0,4.0,33
color (3),z,1,6,train,0.0,4.0,5.0,33
color (4),z,1,6,train,0.0,4.0,5.0,33
color (1),m,1,6,train,0.0,4.0,4.0,33
color (2),m,1,6,train,0.0,8.0,4.0,33
color (5),m,1,6,train,0.0,10.0,4.0,33
color (2),m,1,6,train,0.0,2.0,5.0,33
color (3),z,1,6,train,0.0,6.0,6.0,33
color (5),m,1,6,train,0.0,3.0,5.0,33
color (4),z,1,6,train,0.0,7.0,6.0,33
color (1),m,1,6,train,0.0,7.0,5.0,33
color (6),z,1,6,train,0.0,11.0,5.0,33
color (2),m,1,6,train,0.0,6.0,6.0,33
color (1),m,1,6,train,0.0,3.0,6.0,33
color (4),z,1,6,train,0.0,5.0,7.0,33
color (3),z,1,6,train,0.0,8.0,7.0,33
color (5),m,1,6,train,0.0,8.0,6.0,33
color (6),z,1,6,train,0.0,6.0,6.0,33
color (3),z,1,6,train,0.0,3.0,8.0,33
color (2),m,1,6,train,0.0,7.0,7.0,33
color (6),z,1,6,train,0.0,3.0,7.0,33
color (1),m,1,6,train,0.0,8.0,7.0,33
color (4),z,1,6,train,0.0,8.0,8.0,33
color (5),m,1,6,train,0.0,7.0,7.0,33
color (2),m,1,6,train,0.0,5.0,8.0,33
color (6),z,1,6,train,0.0,5.0,8.0,33
color (3),z,1,6,train,0.0,8.0,9.0,33
color (1),m,1,6,train,0.0,6.0,8.0,33
color (4),z,1,6,train,0.0,6.0,9.0,33
color (5),m,1,6,train,0.0,6.0,8.0,33
color (3),z,1,6,train,0.0,4.0,10.0,33
color (5),m,1,6,train,0.0,2.0,9.0,33
color (2),m,1,6,train,0.0,8.0,9.0,33
color (6),z,1,6,train,0.0,8.0,9.0,33
color (1),m,1,6,train,0.0,7.0,9.0,33
color (4),z,1,6,train,0.0,7.0,10.0,33
color (5),m,1,6,train,0.0,5.0,10.0,33
color (2),m,1,6,train,0.0,5.0,10.0,33
color (1),m,1,6,train,0.0,4.0,10.0,33
color (4),z,1,6,train,0.0,4.0,11.0,33
color (3),z,1,6,train,0.0,10.0,11.0,33
color (6),z,1,6,train,0.0,8.0,10.0,33
color (5),m,1,6,train,0.0,6.0,11.0,33
color (1),m,1,6,train,0.0,5.0,11.0,33
color (2),m,1,6,train,0.0,7.0,11.0,33
color (4),z,1,6,train,0.0,6.0,12.0,33
color (3),z,1,6,train,0.0,6.0,12.0,33
color (6),z,1,6,train,0.0,6.0,11.0,33
symbol (1),m,1,3,train,0.0,0.0,0.0,33
symbol (2),z,0,3,train,0.0,0.0,0.0,33
symbol (3),z,1,3,train,0.0,0.0,0.0,33
symbol (1),m,1,3,train,0.0,3.0,1.0,33
symbol (3),z,1,3,train,0.0,2.0,1.0,33
symbol (2),m,1,3,train,0.0,0.0,0.0,33
symbol (2),m,1,3,train,0.0,1.0,1.0,33
symbol (3),z,1,3,train,0.0,3.0,2.0,33
symbol (1),m,1,3,train,0.0,5.0,2.0,33
symbol (1),m,1,3,train,0.0,1.0,3.0,33
symbol (2),m,1,3,train,0.0,4.0,2.0,33
symbol (3),z,1,3,train,0.0,4.0,3.0,33
symbol (1),m,1,3,train,0.0,3.0,4.0,33
symbol (3),z,1,3,train,0.0,2.0,4.0,33
symbol (2),m,1,3,train,0.0,4.0,3.0,33
symbol (2),m,1,3,train,0.0,1.0,4.0,33
symbol (3),z,1,3,train,0.0,3.0,5.0,33
symbol (1),m,1,3,train,0.0,5.0,5.0,33
symbol (3),z,1,3,train,0.0,2.0,6.0,33
symbol (2),m,1,3,train,0.0,4.0,5.0,33
symbol (1),m,1,3,train,0.0,3.0,6.0,33
symbol (1),m,1,3,train,0.0,1.0,7.0,33
symbol (3),z,1,3,train,0.0,4.0,7.0,33
symbol (2),m,1,3,train,0.0,4.0,6.0,33
symbol (2),m,1,3,train,0.0,1.0,7.0,33
symbol (3),m,0,3,train,0.0,3.0,8.0,33
symbol (1),m,1,3,train,0.0,5.0,8.0,33
symbol (3),z,1,3,train,0.0,5.0,8.0,33
symbol (1),m,1,3,train,0.0,2.0,9.0,33
symbol (2),m,1,3,train,0.0,5.0,8.0,33
symbol (2),m,1,3,train,0.0,1.0,9.0,33
symbol (3),z,1,3,train,0.0,4.0,9.0,33
symbol (2),m,1,3,train,0.0,2.0,10.0,33
symbol (1),m,1,3,train,0.0,5.0,10.0,33
symbol (3),z,1,3,train,0.0,3.0,10.0,33
symbol (1),m,1,3,train,0.0,2.0,11.0,33
environment (6),z,1,6,train,0.0,0.0,0.0,33
environment (1),m,1,6,train,0.0,0.0,0.0,33
environment (5),z,0,6,train,0.0,0.0,0.0,33
environment (4),z,1,6,train,0.0,0.0,0.0,33
environment (2),z,0,6,train,0.0,0.0,0.0,33
environment (3),z,1,6,train,0.0,0.0,0.0,33
environment (3),z,1,6,train,0.0,1.0,1.0,33
environment (6),z,1,6,train,0.0,7.0,1.0,33
environment (4),z,1,6,train,0.0,5.0,1.0,33
environment (5),m,1,6,train,0.0,0.0,0.0,33
environment (1),m,1,6,train,0.0,9.0,1.0,33
environment (2),m,1,6,train,0.0,0.0,0.0,33
environment (1),m,1,6,train,0.0,2.0,2.0,33
environment (3),z,1,6,train,0.0,7.0,2.0,33
environment (2),m,1,6,train,0.0,3.0,1.0,33
environment (6),z,1,6,train,0.0,8.0,2.0,33
environment (5),m,1,6,train,0.0,7.0,1.0,33
environment (4),z,1,6,train,0.0,9.0,2.0,33
environment (5),m,1,6,train,0.0,2.0,2.0,33
environment (2),m,1,6,train,0.0,5.0,2.0,33
environment (6),z,1,6,train,0.0,5.0,3.0,33
environment (1),m,1,6,train,0.0,9.0,3.0,33
environment (4),z,1,6,train,0.0,5.0,3.0,33
environment (3),z,1,6,train,0.0,10.0,3.0,33
environment (6),z,1,6,train,0.0,4.0,4.0,33
environment (5),m,1,6,train,0.0,7.0,3.0,33
environment (2),m,1,6,train,0.0,7.0,3.0,33
environment (3),z,1,6,train,0.0,4.0,4.0,33
environment (4),z,1,6,train,0.0,6.0,4.0,33
environment (1),m,1,6,train,0.0,8.0,4.0,33
environment (6),z,1,6,train,0.0,6.0,5.0,33
environment (3),z,1,6,train,0.0,4.0,5.0,33
environment (4),z,1,6,train,0.0,4.0,5.0,33
environment (1),m,1,6,train,0.0,4.0,5.0,33
environment (2),m,1,6,train,0.0,8.0,4.0,33
environment (5),m,1,6,train,0.0,10.0,4.0,33
environment (2),m,1,6,train,0.0,2.0,5.0,33
environment (3),z,1,6,train,0.0,6.0,6.0,33
environment (5),m,1,6,train,0.0,3.0,5.0,33
environment (4),z,1,6,train,0.0,7.0,6.0,33
environment (1),m,1,6,train,0.0,7.0,6.0,33
environment (6),z,1,6,train,0.0,11.0,6.0,33
environment (2),m,1,6,train,0.0,6.0,6.0,33
environment (1),m,1,6,train,0.0,3.0,7.0,33
environment (4),z,1,6,train,0.0,5.0,7.0,33
environment (3),z,1,6,train,0.0,8.0,7.0,33
environment (5),m,1,6,train,0.0,8.0,6.0,33
environment (6),z,1,6,train,0.0,6.0,7.0,33
environment (3),z,1,6,train,0.0,3.0,8.0,33
environment (2),m,1,6,train,0.0,7.0,7.0,33
environment (6),z,1,6,train,0.0,3.0,8.0,33
environment (1),m,1,6,train,0.0,8.0,8.0,33
environment (4),z,1,6,train,0.0,8.0,8.0,33
environment (5),m,1,6,train,0.0,7.0,7.0,33
environment (2),m,1,6,train,0.0,5.0,8.0,33
environment (6),z,1,6,train,0.0,5.0,9.0,33
environment (3),z,1,6,train,0.0,8.0,9.0,33
environment (1),m,1,6,train,0.0,6.0,9.0,33
environment (4),z,1,6,train,0.0,6.0,9.0,33
environment (5),m,1,6,train,0.0,6.0,8.0,33
environment (3),z,1,6,train,0.0,4.0,10.0,33
environment (5),m,1,6,train,0.0,2.0,9.0,33
environment (2),m,1,6,train,0.0,8.0,9.0,33
environment (6),z,1,6,train,0.0,8.0,10.0,33
environment (1),m,1,6,train,0.0,7.0,10.0,33
environment (4),z,1,6,train,0.0,7.0,10.0,33
environment (5),m,1,6,train,0.0,5.0,10.0,33
environment (2),m,1,6,train,0.0,5.0,10.0,33
environment (1),m,1,6,train,0.0,4.0,11.0,33
environment (4),z,1,6,train,0.0,4.0,11.0,33
environment (3),z,1,6,train,0.0,10.0,11.0,33
environment (6),z,1,6,train,0.0,8.0,11.0,33
environment (5),m,1,6,train,0.0,6.0,11.0,33
environment (1),m,1,6,train,0.0,5.0,12.0,33
environment (2),m,1,6,train,0.0,7.0,11.0,33
environment (4),z,1,6,train,0.0,6.0,12.0,33
environment (3),z,1,6,train,0.0,6.0,12.0,33
environment (6),z,1,6,train,0.0,6.0,12.0,33
vehicle (1),m,1,3,train,0.0,0.0,0.0,33
vehicle (2),m,1,3,train,0.0,0.0,0.0,33
vehicle (3),z,1,3,train,0.0,0.0,0.0,33
vehicle (1),m,1,3,train,0.0,3.0,1.0,33
vehicle (3),z,1,3,train,0.0,2.0,1.0,33
vehicle (2),m,1,3,train,0.0,4.0,1.0,33
vehicle (2),m,1,3,train,0.0,1.0,2.0,33
vehicle (3),z,1,3,train,0.0,3.0,2.0,33
vehicle (1),m,1,3,train,0.0,5.0,2.0,33
vehicle (1),m,1,3,train,0.0,1.0,3.0,33
vehicle (2),m,1,3,train,0.0,4.0,3.0,33
vehicle (3),z,1,3,train,0.0,4.0,3.0,33
vehicle (1),m,1,3,train,0.0,3.0,4.0,33
vehicle (3),z,1,3,train,0.0,2.0,4.0,33
vehicle (2),m,1,3,train,0.0,4.0,4.0,33
vehicle (2),m,1,3,train,0.0,1.0,5.0,33
vehicle (3),z,1,3,train,0.0,3.0,5.0,33
vehicle (1),m,1,3,train,0.0,5.0,5.0,33
vehicle (3),z,1,3,train,0.0,2.0,6.0,33
vehicle (2),m,1,3,train,0.0,4.0,6.0,33
vehicle (1),m,1,3,train,0.0,3.0,6.0,33
vehicle (1),m,1,3,train,0.0,1.0,7.0,33
vehicle (3),z,1,3,train,0.0,4.0,7.0,33
vehicle (2),m,1,3,train,0.0,4.0,7.0,33
vehicle (2),m,1,3,train,0.0,1.0,8.0,33
vehicle (3),z,1,3,train,0.0,3.0,8.0,33
vehicle (1),m,1,3,train,0.0,5.0,8.0,33
vehicle (3),z,1,3,train,0.0,2.0,9.0,33
vehicle (1),m,1,3,train,0.0,2.0,9.0,33
vehicle (2),m,1,3,train,0.0,5.0,9.0,33
vehicle (2),m,1,3,train,0.0,1.0,10.0,33
vehicle (3),z,1,3,train,0.0,4.0,10.0,33
vehicle (2),m,1,3,train,0.0,2.0,11.0,33
vehicle (1),m,1,3,train,0.0,5.0,10.0,33
vehicle (3),z,1,3,train,0.0,3.0,11.0,33
vehicle (1),m,1,3,train,0.0,2.0,11.0,33
instrument (1),m,1,3,train,0.0,0.0,0.0,33
instrument (2),m,1,3,train,0.0,0.0,0.0,33
instrument (3),z,1,3,train,0.0,0.0,0.0,33
instrument (1),m,1,3,train,0.0,3.0,1.0,33
instrument (3),z,1,3,train,0.0,2.0,1.0,33
instrument (2),m,1,3,train,0.0,4.0,1.0,33
instrument (2),m,1,3,train,0.0,1.0,2.0,33
instrument (3),z,1,3,train,0.0,3.0,2.0,33
instrument (1),m,1,3,train,0.0,5.0,2.0,33
instrument (1),m,1,3,train,0.0,1.0,3.0,33
instrument (2),m,1,3,train,0.0,4.0,3.0,33
instrument (3),z,1,3,train,0.0,4.0,3.0,33
instrument (1),m,1,3,train,0.0,3.0,4.0,33
instrument (3),z,1,3,train,0.0,2.0,4.0,33
instrument (2),m,1,3,train,0.0,4.0,4.0,33
instrument (2),m,1,3,train,0.0,1.0,5.0,33
instrument (3),z,1,3,train,0.0,3.0,5.0,33
instrument (1),m,1,3,train,0.0,5.0,5.0,33
instrument (3),z,1,3,train,0.0,2.0,6.0,33
instrument (2),m,1,3,train,0.0,4.0,6.0,33
instrument (1),m,1,3,train,0.0,3.0,6.0,33
instrument (1),m,1,3,train,0.0,1.0,7.0,33
instrument (3),z,1,3,train,0.0,4.0,7.0,33
instrument (2),m,1,3,train,0.0,4.0,7.0,33
instrument (2),m,1,3,train,0.0,1.0,8.0,33
instrument (3),z,1,3,train,0.0,3.0,8.0,33
instrument (1),m,1,3,train,0.0,5.0,8.0,33
instrument (3),z,1,3,train,0.0,2.0,9.0,33
instrument (1),m,1,3,train,0.0,2.0,9.0,33
instrument (2),m,1,3,train,0.0,5.0,9.0,33
instrument (2),m,1,3,train,0.0,1.0,10.0,33
instrument (3),z,1,3,train,0.0,4.0,10.0,33
instrument (2),m,1,3,train,0.0,2.0,11.0,33
instrument (1),m,1,3,train,0.0,5.0,10.0,33
instrument (3),z,1,3,train,0.0,3.0,11.0,33
instrument (1),m,1,3,train,0.0,2.0,11.0,33
jungle2,m,0,3,train,0.0,0.0,0.0,34
jungle1,z,1,3,train,0.0,0.0,0.0,34
jungle3,m,1,3,train,0.0,0.0,0.0,34
jungle1,z,1,3,train,0.0,2.0,1.0,34
jungle3,m,1,3,train,0.0,2.0,1.0,34
jungle2,m,0,3,train,1.0,0.0,0.0,34
jungle3,z,0,3,train,0.0,2.0,2.0,34
jungle2,m,0,3,train,1.0,0.0,0.0,34
jungle1,z,1,3,train,0.0,5.0,2.0,34
jungle1,z,1,3,train,0.0,1.0,3.0,34
jungle2,z,1,3,train,0.0,0.0,0.0,34
jungle3,z,0,3,train,1.0,7.0,2.0,34
jungle3,m,1,3,train,0.0,8.0,2.0,34
jungle1,z,1,3,train,0.0,4.0,4.0,34
jungle2,z,1,3,train,0.0,4.0,1.0,34
jungle3,m,1,3,train,0.0,3.0,3.0,34
jungle1,z,1,3,train,0.0,3.0,5.0,34
jungle2,m,0,3,train,1.0,3.0,2.0,34
jungle1,z,1,3,train,0.0,2.0,6.0,34
jungle3,m,1,3,train,0.0,4.0,4.0,34
jungle2,z,1,3,train,0.0,6.0,2.0,34
jungle3,z,0,3,train,1.0,2.0,5.0,34
jungle2,z,1,3,train,0.0,2.0,3.0,34
jungle1,z,1,3,train,0.0,5.0,7.0,34
jungle2,m,0,3,train,1.0,2.0,4.0,34
jungle3,m,1,3,train,0.0,6.0,5.0,34
jungle1,z,1,3,train,0.0,3.0,8.0,34
jungle1,z,1,3,train,0.0,1.0,9.0,34
jungle2,z,1,3,train,0.0,6.0,4.0,34
jungle3,m,1,3,train,0.0,4.0,6.0,34
jungle2,z,1,3,train,0.0,2.0,5.0,34
jungle3,m,1,3,train,0.0,2.0,7.0,34
jungle1,z,1,3,train,0.0,5.0,10.0,34
jungle2,z,1,3,train,0.0,3.0,6.0,34
jungle1,z,1,3,train,0.0,2.0,11.0,34
jungle3,m,1,3,train,0.0,4.0,8.0,34
vegan (6),z,1,6,train,0.0,0.0,0.0,34
vegan (1),m,1,6,train,0.0,0.0,0.0,34
vegan (5),m,1,6,train,0.0,0.0,0.0,34
vegan (4),z,1,6,train,0.0,0.0,0.0,34
vegan (2),m,1,6,train,0.0,0.0,0.0,34
vegan (3),z,1,6,train,0.0,0.0,0.0,34
vegan (3),z,1,6,train,0.0,1.0,1.0,34
vegan (6),z,1,6,train,0.0,7.0,1.0,34
vegan (4),m,0,6,train,0.0,5.0,1.0,34
vegan (5),m,1,6,train,0.0,7.0,1.0,34
vegan (1),m,1,6,train,0.0,9.0,1.0,34
vegan (2),z,0,6,train,0.0,7.0,1.0,34
vegan (1),m,1,6,train,0.0,2.0,2.0,34
vegan (3),z,1,6,train,0.0,7.0,2.0,34
vegan (2),m,1,6,train,0.0,10.0,1.0,34
vegan (6),z,1,6,train,0.0,8.0,2.0,34
vegan (5),m,1,6,train,0.0,7.0,2.0,34
vegan (4),z,1,6,train,0.0,14.0,1.0,34
vegan (5),z,0,6,train,0.0,2.0,3.0,34
vegan (2),z,0,6,train,1.0,5.0,2.0,34
vegan (6),m,0,6,train,0.0,5.0,3.0,34
vegan (1),z,0,6,train,0.0,9.0,3.0,34
vegan (4),m,0,6,train,1.0,5.0,2.0,34
vegan (3),z,1,6,train,0.0,10.0,3.0,34
vegan (6),z,1,6,train,0.0,9.0,3.0,34
vegan (5),z,0,6,train,1.0,9.0,3.0,34
vegan (2),m,1,6,train,0.0,12.0,2.0,34
vegan (3),z,1,6,train,0.0,4.0,4.0,34
vegan (4),z,1,6,train,0.0,11.0,2.0,34
vegan (1),m,1,6,train,0.0,17.0,3.0,34
vegan (6),z,1,6,train,0.0,6.0,4.0,34
vegan (3),z,1,6,train,0.0,4.0,5.0,34
vegan (4),m,0,6,train,1.0,4.0,3.0,34
vegan (1),z,0,6,train,1.0,4.0,4.0,34
vegan (2),m,1,6,train,0.0,8.0,3.0,34
vegan (5),z,0,6,train,1.0,19.0,3.0,34
vegan (2),m,1,6,train,0.0,2.0,4.0,34
vegan (3),z,1,6,train,0.0,6.0,6.0,34
vegan (5),m,1,6,train,0.0,22.0,3.0,34
vegan (4),m,0,6,train,1.0,11.0,3.0,34
vegan (1),m,1,6,train,0.0,11.0,4.0,34
vegan (6),z,1,6,train,0.0,11.0,5.0,34
vegan (2),m,1,6,train,0.0,6.0,5.0,34
vegan (1),m,1,6,train,0.0,3.0,5.0,34
vegan (4),m,0,6,train,1.0,16.0,3.0,34
vegan (3),z,1,6,train,0.0,8.0,7.0,34
vegan (5),m,1,6,train,0.0,8.0,4.0,34
vegan (6),z,1,6,train,0.0,6.0,6.0,34
vegan (3),z,1,6,train,0.0,3.0,8.0,34
vegan (2),z,0,6,train,1.0,7.0,6.0,34
vegan (6),z,1,6,train,0.0,3.0,7.0,34
vegan (1),m,1,6,train,0.0,8.0,6.0,34
vegan (4),z,1,6,train,0.0,24.0,3.0,34
vegan (5),m,1,6,train,0.0,7.0,5.0,34
vegan (2),m,1,6,train,0.0,12.0,6.0,34
vegan (6),z,1,6,train,0.0,5.0,8.0,34
vegan (3),m,0,6,train,0.0,8.0,9.0,34
vegan (1),z,0,6,train,1.0,6.0,7.0,34
vegan (4),z,1,6,train,0.0,6.0,4.0,34
vegan (5),m,1,6,train,0.0,6.0,6.0,34
vegan (3),z,1,6,train,0.0,12.0,9.0,34
vegan (5),m,1,6,train,0.0,2.0,7.0,34
vegan (2),m,1,6,train,0.0,8.0,7.0,34
vegan (6),z,1,6,train,0.0,8.0,9.0,34
vegan (1),m,1,6,train,0.0,13.0,7.0,34
vegan (4),z,1,6,train,0.0,7.0,5.0,34
vegan (5),m,1,6,train,0.0,5.0,8.0,34
vegan (2),m,1,6,train,0.0,5.0,8.0,34
vegan (1),m,1,6,train,0.0,4.0,8.0,34
vegan (4),z,1,6,train,0.0,4.0,6.0,34
vegan (3),m,0,6,train,1.0,10.0,10.0,34
vegan (6),z,1,6,train,0.0,8.0,10.0,34
vegan (5),m,1,6,train,0.0,6.0,9.0,34
vegan (1),m,1,6,train,0.0,5.0,9.0,34
vegan (2),m,1,6,train,0.0,7.0,9.0,34
vegan (4),z,1,6,train,0.0,6.0,7.0,34
vegan (3),z,1,6,train,0.0,16.0,10.0,34
vegan (6),z,1,6,train,0.0,6.0,11.0,34
animal (1),m,0,3,train,0.0,0.0,0.0,34
animal (2),m,0,3,train,0.0,0.0,0.0,34
animal (3),m,1,3,train,0.0,0.0,0.0,34
animal (1),z,1,3,train,0.0,0.0,0.0,34
animal (3),m,1,3,train,0.0,2.0,1.0,34
animal (2),z,1,3,train,0.0,0.0,0.0,34
animal (2),z,1,3,train,0.0,1.0,1.0,34
animal (3),m,1,3,train,0.0,3.0,2.0,34
animal (1),z,1,3,train,0.0,5.0,1.0,34
animal (1),z,1,3,train,0.0,1.0,2.0,34
animal (2),z,1,3,train,0.0,4.0,2.0,34
animal (3),m,1,3,train,0.0,4.0,3.0,34
animal (1),z,1,3,train,0.0,3.0,3.0,34
animal (3),m,1,3,train,0.0,2.0,4.0,34
animal (2),z,1,3,train,0.0,4.0,3.0,34
animal (2),z,1,3,train,0.0,1.0,4.0,34
animal (3),m,1,3,train,0.0,3.0,5.0,34
animal (1),z,1,3,train,0.0,5.0,4.0,34
animal (3),z,0,3,train,0.0,2.0,6.0,34
animal (2),z,1,3,train,0.0,4.0,5.0,34
animal (1),z,1,3,train,0.0,3.0,5.0,34
animal (1),z,1,3,train,0.0,1.0,6.0,34
animal (3),m,1,3,train,0.0,6.0,6.0,34
animal (2),z,1,3,train,0.0,4.0,6.0,34
animal (2),z,1,3,train,0.0,1.0,7.0,34
animal (3),z,0,3,train,1.0,3.0,7.0,34
animal (1),z,1,3,train,0.0,5.0,7.0,34
animal (3),m,1,3,train,0.0,5.0,7.0,34
animal (1),z,1,3,train,0.0,2.0,8.0,34
animal (2),z,1,3,train,0.0,5.0,8.0,34
animal (2),z,1,3,train,0.0,1.0,9.0,34
animal (3),m,1,3,train,0.0,4.0,8.0,34
animal (2),z,1,3,train,0.0,2.0,10.0,34
animal (1),z,1,3,train,0.0,5.0,9.0,34
animal (3),m,1,3,train,0.0,3.0,9.0,34
animal (1),z,1,3,train,0.0,2.0,10.0,34
fruits (6),m,0,6,train,0.0,0.0,0.0,34
fruits (1),m,1,6,train,0.0,0.0,0.0,34
fruits (5),z,0,6,train,0.0,0.0,0.0,34
fruits (4),z,1,6,train,0.0,0.0,0.0,34
fruits (2),m,1,6,train,0.0,0.0,0.0,34
fruits (3),m,0,6,train,0.0,0.0,0.0,34
fruits (3),z,1,6,train,0.0,0.0,0.0,34
fruits (6),z,1,6,train,0.0,0.0,0.0,34
fruits (4),m,0,6,train,0.0,5.0,1.0,34
fruits (5),m,1,6,train,0.0,0.0,0.0,34
fruits (1),z,0,6,train,0.0,9.0,1.0,34
fruits (2),z,0,6,train,0.0,7.0,1.0,34
fruits (1),m,1,6,train,0.0,11.0,1.0,34
fruits (3),z,1,6,train,0.0,7.0,1.0,34
fruits (2),m,1,6,train,0.0,10.0,1.0,34
fruits (6),z,1,6,train,0.0,8.0,1.0,34
fruits (5),m,1,6,train,0.0,7.0,1.0,34
fruits (4),z,1,6,train,0.0,14.0,1.0,34
fruits (5),m,1,6,train,0.0,2.0,2.0,34
fruits (2),m,1,6,train,0.0,5.0,2.0,34
fruits (6),z,1,6,train,0.0,5.0,2.0,34
fruits (1),m,1,6,train,0.0,9.0,2.0,34
fruits (4),z,1,6,train,0.0,5.0,2.0,34
fruits (3),z,1,6,train,0.0,10.0,2.0,34
fruits (6),z,1,6,train,0.0,4.0,3.0,34
fruits (5),m,1,6,train,0.0,7.0,3.0,34
fruits (2),m,1,6,train,0.0,7.0,3.0,34
fruits (3),z,1,6,train,0.0,4.0,3.0,34
fruits (4),z,1,6,train,0.0,6.0,3.0,34
fruits (1),m,1,6,train,0.0,8.0,3.0,34
fruits (6),z,1,6,train,0.0,6.0,4.0,34
fruits (3),m,0,6,train,1.0,4.0,4.0,34
fruits (4),z,1,6,train,0.0,4.0,4.0,34
fruits (1),z,0,6,train,1.0,4.0,4.0,34
fruits (2),m,1,6,train,0.0,8.0,4.0,34
fruits (5),m,1,6,train,0.0,10.0,4.0,34
fruits (2),m,1,6,train,0.0,2.0,5.0,34
fruits (3),z,1,6,train,0.0,10.0,4.0,34
fruits (5),m,1,6,train,0.0,3.0,5.0,34
fruits (4),z,1,6,train,0.0,7.0,5.0,34
fruits (1),m,1,6,train,0.0,11.0,4.0,34
fruits (6),z,1,6,train,0.0,11.0,5.0,34
fruits (2),m,1,6,train,0.0,6.0,6.0,34
fruits (1),z,0,6,train,1.0,3.0,5.0,34
fruits (4),z,1,6,train,0.0,5.0,6.0,34
fruits (3),z,1,6,train,0.0,8.0,5.0,34
fruits (5),m,1,6,train,0.0,8.0,6.0,34
fruits (6),z,1,6,train,0.0,6.0,6.0,34
fruits (3),m,0,6,train,1.0,3.0,6.0,34
fruits (2),z,0,6,train,1.0,7.0,7.0,34
fruits (6),z,1,6,train,0.0,3.0,7.0,34
fruits (1),z,0,6,train,1.0,11.0,5.0,34
fruits (4),z,1,6,train,0.0,8.0,7.0,34
fruits (5),m,1,6,train,0.0,7.0,7.0,34
fruits (2),m,1,6,train,0.0,12.0,7.0,34
fruits (6),z,1,6,train,0.0,5.0,8.0,34
fruits (3),m,0,6,train,1.0,11.0,6.0,34
fruits (1),z,0,6,train,1.0,17.0,5.0,34
fruits (4),z,1,6,train,0.0,6.0,8.0,34
fruits (5),m,1,6,train,0.0,6.0,8.0,34
fruits (3),z,1,6,train,0.0,15.0,6.0,34
fruits (5),z,0,6,train,1.0,2.0,9.0,34
fruits (2),m,1,6,train,0.0,8.0,8.0,34
fruits (6),z,1,6,train,0.0,8.0,9.0,34
fruits (1),z,0,6,train,1.0,24.0,5.0,34
fruits (4),m,0,6,train,1.0,7.0,9.0,34
fruits (5),m,1,6,train,0.0,7.0,9.0,34
fruits (2),z,0,6,train,1.0,5.0,9.0,34
fruits (1),m,1,6,train,0.0,28.0,5.0,34
fruits (4),z,1,6,train,0.0,11.0,9.0,34
fruits (3),z,1,6,train,0.0,10.0,7.0,34
fruits (6),z,1,6,train,0.0,8.0,10.0,34
fruits (5),m,1,6,train,0.0,6.0,10.0,34
fruits (1),m,1,6,train,0.0,5.0,6.0,34
fruits (2),m,1,6,train,0.0,12.0,9.0,34
fruits (4),z,1,6,train,0.0,6.0,10.0,34
fruits (3),z,1,6,train,0.0,6.0,8.0,34
fruits (6),z,1,6,train,0.0,6.0,11.0,34
tools (1),z,1,3,train,0.0,0.0,0.0,34
tools (2),m,0,3,train,0.0,0.0,0.0,34
tools (3),m,1,3,train,0.0,0.0,0.0,34
tools (1),z,1,3,train,0.0,3.0,1.0,34
tools (3),m,1,3,train,0.0,2.0,1.0,34
tools (2),z,1,3,train,0.0,0.0,0.0,34
tools (2),z,1,3,train,0.0,1.0,1.0,34
tools (3),m,1,3,train,0.0,3.0,2.0,34
tools (1),z,1,3,train,0.0,5.0,2.0,34
tools (1),z,1,3,train,0.0,1.0,3.0,34
tools (2),z,1,3,train,0.0,4.0,2.0,34
tools (3),m,1,3,train,0.0,4.0,3.0,34
tools (1),z,1,3,train,0.0,3.0,4.0,34
tools (3),m,1,3,train,0.0,2.0,4.0,34
tools (2),z,1,3,train,0.0,4.0,3.0,34
tools (2),z,1,3,train,0.0,1.0,4.0,34
tools (3),m,1,3,train,0.0,3.0,5.0,34
tools (1),z,1,3,train,0.0,5.0,5.0,34
tools (3),z,0,3,train,0.0,2.0,6.0,34
tools (2),z,1,3,train,0.0,4.0,5.0,34
tools (1),z,1,3,train,0.0,3.0,6.0,34
tools (1),m,0,3,train,0.0,1.0,7.0,34
tools (3),z,0,3,train,1.0,6.0,6.0,34
tools (2),z,1,3,train,0.0,4.0,6.0,34
tools (2),z,1,3,train,0.0,1.0,7.0,34
tools (3),m,1,3,train,0.0,9.0,6.0,34
tools (1),z,1,3,train,0.0,6.0,7.0,34
tools (3),m,1,3,train,0.0,2.0,7.0,34
tools (1),z,1,3,train,0.0,2.0,8.0,34
tools (2),z,1,3,train,0.0,5.0,8.0,34
tools (2),z,1,3,train,0.0,1.0,9.0,34
tools (3),m,1,3,train,0.0,4.0,8.0,34
tools (2),z,1,3,train,0.0,2.0,10.0,34
tools (1),z,1,3,train,0.0,5.0,9.0,34
tools (3),m,1,3,train,0.0,3.0,9.0,34
tools (1),z,1,3,train,0.0,2.0,10.0,34
clothes (6),z,1,6,train,0.0,0.0,0.0,34
clothes (1),m,1,6,train,0.0,0.0,0.0,34
clothes (5),m,1,6,train,0.0,0.0,0.0,34
clothes (4),z,1,6,train,0.0,0.0,0.0,34
clothes (2),m,1,6,train,0.0,0.0,0.0,34
clothes (3),z,1,6,train,0.0,0.0,0.0,34
clothes (3),z,1,6,train,0.0,1.0,1.0,34
clothes (6),z,1,6,train,0.0,7.0,1.0,34
clothes (4),m,0,6,train,0.0,5.0,1.0,34
clothes (5),z,0,6,train,0.0,7.0,1.0,34
clothes (1),z,0,6,train,0.0,9.0,1.0,34
clothes (2),z,0,6,train,0.0,7.0,1.0,34
clothes (1),z,0,6,train,1.0,11.0,1.0,34
clothes (3),m,0,6,train,0.0,7.0,2.0,34
clothes (2),z,0,6,train,1.0,10.0,1.0,34
clothes (6),m,0,6,train,0.0,8.0,2.0,34
clothes (5),z,0,6,train,1.0,14.0,1.0,34
clothes (4),m,0,6,train,1.0,14.0,1.0,34
clothes (5),m,1,6,train,0.0,16.0,1.0,34
clothes (2),z,0,6,train,1.0,15.0,1.0,34
clothes (6),m,0,6,train,1.0,13.0,2.0,34
clothes (1),m,1,6,train,0.0,20.0,1.0,34
clothes (4),z,1,6,train,0.0,19.0,1.0,34
clothes (3),m,0,6,train,1.0,17.0,2.0,34
clothes (6),z,1,6,train,0.0,17.0,2.0,34
clothes (5),z,0,6,train,1.0,7.0,2.0,34
clothes (2),z,0,6,train,1.0,22.0,1.0,34
clothes (3),m,0,6,train,1.0,21.0,2.0,34
clothes (4),z,1,6,train,0.0,6.0,2.0,34
clothes (1),m,1,6,train,0.0,8.0,2.0,34
clothes (6),z,1,6,train,0.0,6.0,3.0,34
clothes (3),z,1,6,train,0.0,25.0,2.0,34
clothes (4),m,0,6,train,1.0,4.0,3.0,34
clothes (1),z,0,6,train,1.0,4.0,3.0,34
clothes (2),z,0,6,train,1.0,30.0,1.0,34
clothes (5),z,0,6,train,1.0,17.0,2.0,34
clothes (2),m,1,6,train,0.0,32.0,1.0,34
clothes (3),z,1,6,train,0.0,6.0,3.0,34
clothes (5),m,1,6,train,0.0,20.0,2.0,34
clothes (4),z,1,6,train,0.0,11.0,3.0,34
clothes (1),m,1,6,train,0.0,11.0,3.0,34
clothes (6),z,1,6,train,0.0,11.0,4.0,34
clothes (2),m,1,6,train,0.0,6.0,2.0,34
clothes (1),m,1,6,train,0.0,3.0,4.0,34
clothes (4),z,1,6,train,0.0,5.0,4.0,34
clothes (3),z,1,6,train,0.0,8.0,4.0,34
clothes (5),m,1,6,train,0.0,8.0,3.0,34
clothes (6),z,1,6,train,0.0,6.0,5.0,34
clothes (3),z,1,6,train,0.0,3.0,5.0,34
clothes (2),z,0,6,train,1.0,7.0,3.0,34
clothes (6),z,1,6,train,0.0,3.0,6.0,34
clothes (1),m,1,6,train,0.0,8.0,5.0,34
clothes (4),z,1,6,train,0.0,8.0,5.0,34
clothes (5),m,1,6,train,0.0,7.0,4.0,34
clothes (2),m,1,6,train,0.0,12.0,3.0,34
clothes (6),z,1,6,train,0.0,5.0,7.0,34
clothes (3),z,1,6,train,0.0,8.0,6.0,34
clothes (1),m,1,6,train,0.0,6.0,6.0,34
clothes (4),z,1,6,train,0.0,6.0,6.0,34
clothes (5),m,1,6,train,0.0,6.0,5.0,34
clothes (3),z,1,6,train,0.0,4.0,7.0,34
clothes (5),m,1,6,train,0.0,2.0,6.0,34
clothes (2),m,1,6,train,0.0,8.0,4.0,34
clothes (6),z,1,6,train,0.0,8.0,8.0,34
clothes (1),m,1,6,train,0.0,7.0,7.0,34
clothes (4),z,1,6,train,0.0,7.0,7.0,34
clothes (5),m,1,6,train,0.0,5.0,7.0,34
clothes (2),m,1,6,train,0.0,5.0,5.0,34
clothes (1),m,1,6,train,0.0,4.0,8.0,34
clothes (4),z,1,6,train,0.0,4.0,8.0,34
clothes (3),z,1,6,train,0.0,10.0,8.0,34
clothes (6),z,1,6,train,0.0,8.0,9.0,34
clothes (5),m,1,6,train,0.0,6.0,8.0,34
clothes (1),z,0,6,train,1.0,5.0,9.0,34
clothes (2),z,0,6,train,1.0,7.0,6.0,34
clothes (4),z,1,6,train,0.0,6.0,9.0,34
clothes (3),m,0,6,train,1.0,6.0,9.0,34
clothes (6),z,1,6,train,0.0,6.0,10.0,34
face (1),m,0,3,train,0.0,0.0,0.0,34
face (2),m,0,3,train,0.0,0.0,0.0,34
face (3),m,1,3,train,0.0,0.0,0.0,34
face (1),z,1,3,train,0.0,0.0,0.0,34
face (3),m,1,3,train,0.0,2.0,1.0,34
face (2),z,1,3,train,0.0,0.0,0.0,34
face (2),z,1,3,train,0.0,1.0,1.0,34
face (3),m,1,3,train,0.0,3.0,2.0,34
face (1),z,1,3,train,0.0,5.0,1.0,34
face (1),z,1,3,train,0.0,1.0,2.0,34
face (2),z,1,3,train,0.0,4.0,2.0,34
face (3),z,0,3,train,0.0,4.0,3.0,34
face (1),z,1,3,train,0.0,3.0,3.0,34
face (3),m,1,3,train,0.0,6.0,3.0,34
face (2),z,1,3,train,0.0,4.0,3.0,34
face (2),z,1,3,train,0.0,1.0,4.0,34
face (3),m,1,3,train,0.0,3.0,4.0,34
face (1),z,1,3,train,0.0,5.0,4.0,34
face (3),m,1,3,train,0.0,2.0,5.0,34
face (2),z,1,3,train,0.0,4.0,5.0,34
face (1),z,1,3,train,0.0,3.0,5.0,34
face (1),z,1,3,train,0.0,1.0,6.0,34
face (3),m,1,3,train,0.0,4.0,6.0,34
face (2),z,1,3,train,0.0,4.0,6.0,34
face (2),z,1,3,train,0.0,1.0,7.0,34
face (3),m,1,3,train,0.0,3.0,7.0,34
face (1),z,1,3,train,0.0,5.0,7.0,34
face (3),z,0,3,train,1.0,2.0,8.0,34
face (1),m,0,3,train,1.0,2.0,8.0,34
face (2),z,1,3,train,0.0,5.0,8.0,34
face (2),z,1,3,train,0.0,1.0,9.0,34
face (3),m,1,3,train,0.0,6.0,8.0,34
face (2),z,1,3,train,0.0,2.0,10.0,34
face (1),m,0,3,train,1.0,7.0,8.0,34
face (3),m,1,3,train,0.0,3.0,9.0,34
face (1),z,1,3,train,0.0,9.0,8.0,34
color (6),m,0,6,train,0.0,0.0,0.0,34
color (1),m,1,6,train,0.0,0.0,0.0,34
color (5),z,0,6,train,0.0,0.0,0.0,34
color (4),z,1,6,train,0.0,0.0,0.0,34
color (2),z,0,6,train,0.0,0.0,0.0,34
color (3),z,1,6,train,0.0,0.0,0.0,34
color (3),z,1,6,train,0.0,1.0,1.0,34
color (6),z,1,6,train,0.0,0.0,0.0,34
color (4),z,1,6,train,0.0,5.0,1.0,34
color (5),m,1,6,train,0.0,0.0,0.0,34
color (1),m,1,6,train,0.0,9.0,1.0,34
color (2),m,1,6,train,0.0,0.0,0.0,34
color (1),m,1,6,train,0.0,2.0,2.0,34
color (3),z,1,6,train,0.0,7.0,2.0,34
color (2),m,1,6,train,0.0,3.0,1.0,34
color (6),z,1,6,train,0.0,8.0,1.0,34
color (5),m,1,6,train,0.0,7.0,1.0,34
color (4),z,1,6,train,0.0,9.0,2.0,34
color (5),m,1,6,train,0.0,2.0,2.0,34
color (2),m,1,6,train,0.0,5.0,2.0,34
color (6),z,1,6,train,0.0,5.0,2.0,34
color (1),m,1,6,train,0.0,9.0,3.0,34
color (4),z,1,6,train,0.0,5.0,3.0,34
color (3),z,1,6,train,0.0,10.0,3.0,34
color (6),z,1,6,train,0.0,4.0,3.0,34
color (5),m,1,6,train,0.0,7.0,3.0,34
color (2),m,1,6,train,0.0,7.0,3.0,34
color (3),z,1,6,train,0.0,4.0,4.0,34
color (4),z,1,6,train,0.0,6.0,4.0,34
color (1),m,1,6,train,0.0,8.0,4.0,34
color (6),z,1,6,train,0.0,6.0,4.0,34
color (3),z,1,6,train,0.0,4.0,5.0,34
color (4),z,1,6,train,0.0,4.0,5.0,34
color (1),m,1,6,train,0.0,4.0,5.0,34
color (2),m,1,6,train,0.0,8.0,4.0,34
color (5),m,1,6,train,0.0,10.0,4.0,34
color (2),m,1,6,train,0.0,2.0,5.0,34
color (3),z,1,6,train,0.0,6.0,6.0,34
color (5),m,1,6,train,0.0,3.0,5.0,34
color (4),z,1,6,train,0.0,7.0,6.0,34
color (1),m,1,6,train,0.0,7.0,6.0,34
color (6),z,1,6,train,0.0,11.0,5.0,34
color (2),m,1,6,train,0.0,6.0,6.0,34
color (1),z,0,6,train,0.0,3.0,7.0,34
color (4),z,1,6,train,0.0,5.0,7.0,34
color (3),z,1,6,train,0.0,8.0,7.0,34
color (5),m,1,6,train,0.0,8.0,6.0,34
color (6),z,1,6,train,0.0,6.0,6.0,34
color (3),z,1,6,train,0.0,3.0,8.0,34
color (2),m,1,6,train,0.0,7.0,7.0,34
color (6),z,1,6,train,0.0,3.0,7.0,34
color (1),m,1,6,train,0.0,11.0,7.0,34
color (4),z,1,6,train,0.0,8.0,8.0,34
color (5),m,1,6,train,0.0,7.0,7.0,34
color (2),m,1,6,train,0.0,5.0,8.0,34
color (6),z,1,6,train,0.0,5.0,8.0,34
color (3),z,1,6,train,0.0,8.0,9.0,34
color (1),m,1,6,train,0.0,6.0,8.0,34
color (4),z,1,6,train,0.0,6.0,9.0,34
color (5),m,1,6,train,0.0,6.0,8.0,34
color (3),z,1,6,train,0.0,4.0,10.0,34
color (5),m,1,6,train,0.0,2.0,9.0,34
color (2),m,1,6,train,0.0,8.0,9.0,34
color (6),z,1,6,train,0.0,8.0,9.0,34
color (1),m,1,6,train,0.0,7.0,9.0,34
color (4),z,1,6,train,0.0,7.0,10.0,34
color (5),m,1,6,train,0.0,5.0,10.0,34
color (2),m,1,6,train,0.0,5.0,10.0,34
color (1),m,1,6,train,0.0,4.0,10.0,34
color (4),z,1,6,train,0.0,4.0,11.0,34
color (3),z,1,6,train,0.0,10.0,11.0,34
color (6),z,1,6,train,0.0,8.0,10.0,34
color (5),m,1,6,train,0.0,6.0,11.0,34
color (1),m,1,6,train,0.0,5.0,11.0,34
color (2),m,1,6,train,0.0,7.0,11.0,34
color (4),z,1,6,train,0.0,6.0,12.0,34
color (3),z,1,6,train,0.0,6.0,12.0,34
color (6),z,1,6,train,0.0,6.0,11.0,34
symbol (1),z,0,3,train,0.0,0.0,0.0,34
symbol (2),m,1,3,train,0.0,0.0,0.0,34
symbol (3),z,1,3,train,0.0,0.0,0.0,34
symbol (1),m,1,3,train,0.0,0.0,0.0,34
symbol (3),z,1,3,train,0.0,2.0,1.0,34
symbol (2),m,1,3,train,0.0,4.0,1.0,34
symbol (2),m,1,3,train,0.0,1.0,2.0,34
symbol (3),z,1,3,train,0.0,3.0,2.0,34
symbol (1),m,1,3,train,0.0,5.0,1.0,34
symbol (1),m,1,3,train,0.0,1.0,2.0,34
symbol (2),m,1,3,train,0.0,4.0,3.0,34
symbol (3),z,1,3,train,0.0,4.0,3.0,34
symbol (1),m,1,3,train,0.0,3.0,3.0,34
symbol (3),z,1,3,train,0.0,2.0,4.0,34
symbol (2),m,1,3,train,0.0,4.0,4.0,34
symbol (2),z,0,3,train,0.0,1.0,5.0,34
symbol (3),z,1,3,train,0.0,3.0,5.0,34
symbol (1),m,1,3,train,0.0,5.0,4.0,34
symbol (3),z,1,3,train,0.0,2.0,6.0,34
symbol (2),m,1,3,train,0.0,5.0,5.0,34
symbol (1),m,1,3,train,0.0,3.0,5.0,34
symbol (1),m,1,3,train,0.0,1.0,6.0,34
symbol (3),z,1,3,train,0.0,4.0,7.0,34
symbol (2),m,1,3,train,0.0,4.0,6.0,34
symbol (2),m,1,3,train,0.0,1.0,7.0,34
symbol (3),m,0,3,train,0.0,3.0,8.0,34
symbol (1),m,1,3,train,0.0,5.0,7.0,34
symbol (3),z,1,3,train,0.0,5.0,8.0,34
symbol (1),m,1,3,train,0.0,2.0,8.0,34
symbol (2),z,0,3,train,1.0,5.0,8.0,34
symbol (2),m,1,3,train,0.0,6.0,8.0,34
symbol (3),z,1,3,train,0.0,4.0,9.0,34
symbol (2),z,0,3,train,1.0,2.0,9.0,34
symbol (1),m,1,3,train,0.0,5.0,9.0,34
symbol (3),z,1,3,train,0.0,3.0,10.0,34
symbol (1),m,1,3,train,0.0,2.0,10.0,34
environment (6),m,0,6,train,0.0,0.0,0.0,34
environment (1),m,1,6,train,0.0,0.0,0.0,34
environment (5),z,0,6,train,0.0,0.0,0.0,34
environment (4),m,0,6,train,0.0,0.0,0.0,34
environment (2),m,1,6,train,0.0,0.0,0.0,34
environment (3),m,0,6,train,0.0,0.0,0.0,34
environment (3),m,0,6,train,1.0,0.0,0.0,34
environment (6),z,1,6,train,0.0,0.0,0.0,34
environment (4),z,1,6,train,0.0,0.0,0.0,34
environment (5),m,1,6,train,0.0,0.0,0.0,34
environment (1),z,0,6,train,0.0,9.0,1.0,34
environment (2),m,1,6,train,0.0,7.0,1.0,34
environment (1),m,1,6,train,0.0,11.0,1.0,34
environment (3),z,1,6,train,0.0,0.0,0.0,34
environment (2),m,1,6,train,0.0,3.0,2.0,34
environment (6),m,0,6,train,1.0,8.0,1.0,34
environment (5),z,0,6,train,1.0,7.0,1.0,34
environment (4),z,1,6,train,0.0,9.0,1.0,34
environment (5),m,1,6,train,0.0,9.0,1.0,34
environment (2),m,1,6,train,0.0,5.0,3.0,34
environment (6),z,1,6,train,0.0,13.0,1.0,34
environment (1),z,0,6,train,1.0,9.0,2.0,34
environment (4),z,1,6,train,0.0,5.0,2.0,34
environment (3),m,0,6,train,1.0,10.0,1.0,34
environment (6),z,1,6,train,0.0,4.0,2.0,34
environment (5),z,0,6,train,1.0,7.0,2.0,34
environment (2),m,1,6,train,0.0,7.0,4.0,34
environment (3),z,1,6,train,0.0,14.0,1.0,34
environment (4),z,1,6,train,0.0,6.0,3.0,34
environment (1),m,1,6,train,0.0,17.0,2.0,34
environment (6),z,1,6,train,0.0,6.0,3.0,34
environment (3),z,1,6,train,0.0,4.0,2.0,34
environment (4),z,1,6,train,0.0,4.0,4.0,34
environment (1),m,1,6,train,0.0,4.0,3.0,34
environment (2),z,0,6,train,0.0,8.0,5.0,34
environment (5),m,1,6,train,0.0,17.0,2.0,34
environment (2),m,1,6,train,0.0,10.0,5.0,34
environment (3),z,1,6,train,0.0,6.0,3.0,34
environment (5),m,1,6,train,0.0,3.0,3.0,34
environment (4),z,1,6,train,0.0,7.0,5.0,34
environment (1),m,1,6,train,0.0,7.0,4.0,34
environment (6),z,1,6,train,0.0,11.0,4.0,34
environment (2),m,1,6,train,0.0,6.0,6.0,34
environment (1),z,0,6,train,1.0,3.0,5.0,34
environment (4),z,1,6,train,0.0,5.0,6.0,34
environment (3),z,1,6,train,0.0,8.0,4.0,34
environment (5),z,0,6,train,1.0,8.0,4.0,34
environment (6),z,1,6,train,0.0,6.0,5.0,34
environment (3),z,1,6,train,0.0,3.0,5.0,34
environment (2),m,1,6,train,0.0,7.0,7.0,34
environment (6),z,1,6,train,0.0,3.0,6.0,34
environment (1),m,1,6,train,0.0,11.0,5.0,34
environment (4),m,0,6,train,1.0,8.0,7.0,34
environment (5),m,1,6,train,0.0,15.0,4.0,34
environment (2),m,1,6,train,0.0,5.0,8.0,34
environment (6),z,1,6,train,0.0,5.0,7.0,34
environment (3),z,1,6,train,0.0,8.0,6.0,34
environment (1),m,1,6,train,0.0,6.0,6.0,34
environment (4),z,1,6,train,0.0,14.0,7.0,34
environment (5),z,0,6,train,1.0,6.0,5.0,34
environment (3),z,1,6,train,0.0,4.0,7.0,34
environment (5),m,1,6,train,0.0,8.0,5.0,34
environment (2),z,0,6,train,1.0,8.0,9.0,34
environment (6),z,1,6,train,0.0,8.0,8.0,34
environment (1),m,1,6,train,0.0,7.0,7.0,34
environment (4),z,1,6,train,0.0,7.0,8.0,34
environment (5),m,1,6,train,0.0,5.0,6.0,34
environment (2),m,1,6,train,0.0,13.0,9.0,34
environment (1),z,0,6,train,1.0,4.0,8.0,34
environment (4),z,1,6,train,0.0,4.0,9.0,34
environment (3),z,1,6,train,0.0,10.0,8.0,34
environment (6),z,1,6,train,0.0,8.0,9.0,34
environment (5),m,1,6,train,0.0,6.0,7.0,34
environment (1),m,1,6,train,0.0,9.0,8.0,34
environment (2),m,1,6,train,0.0,7.0,10.0,34
environment (4),z,1,6,train,0.0,6.0,10.0,34
environment (3),m,0,6,train,1.0,6.0,9.0,34
environment (6),z,1,6,train,0.0,6.0,10.0,34
vehicle (1),m,1,3,train,0.0,0.0,0.0,34
vehicle (2),z,0,3,train,0.0,0.0,0.0,34
vehicle (3),z,1,3,train,0.0,0.0,0.0,34
vehicle (1),m,1,3,train,0.0,3.0,1.0,34
vehicle (3),z,1,3,train,0.0,2.0,1.0,34
vehicle (2),m,1,3,train,0.0,0.0,0.0,34
vehicle (2),m,1,3,train,0.0,1.0,1.0,34
vehicle (3),z,1,3,train,0.0,3.0,2.0,34
vehicle (1),m,1,3,train,0.0,5.0,2.0,34
vehicle (1),m,1,3,train,0.0,1.0,3.0,34
vehicle (2),m,1,3,train,0.0,4.0,2.0,34
vehicle (3),z,1,3,train,0.0,4.0,3.0,34
vehicle (1),m,1,3,train,0.0,3.0,4.0,34
vehicle (3),z,1,3,train,0.0,2.0,4.0,34
vehicle (2),m,1,3,train,0.0,4.0,3.0,34
vehicle (2),m,1,3,train,0.0,1.0,4.0,34
vehicle (3),z,1,3,train,0.0,3.0,5.0,34
vehicle (1),m,1,3,train,0.0,5.0,5.0,34
vehicle (3),z,1,3,train,0.0,2.0,6.0,34
vehicle (2),m,1,3,train,0.0,4.0,5.0,34
vehicle (1),m,1,3,train,0.0,3.0,6.0,34
vehicle (1),m,1,3,train,0.0,1.0,7.0,34
vehicle (3),z,1,3,train,0.0,4.0,7.0,34
vehicle (2),m,1,3,train,0.0,4.0,6.0,34
vehicle (2),m,1,3,train,0.0,1.0,7.0,34
vehicle (3),z,1,3,train,0.0,3.0,8.0,34
vehicle (1),m,1,3,train,0.0,5.0,8.0,34
vehicle (3),z,1,3,train,0.0,2.0,9.0,34
vehicle (1),m,1,3,train,0.0,2.0,9.0,34
vehicle (2),m,1,3,train,0.0,5.0,8.0,34
vehicle (2),m,1,3,train,0.0,1.0,9.0,34
vehicle (3),z,1,3,train,0.0,4.0,10.0,34
vehicle (2),m,1,3,train,0.0,2.0,10.0,34
vehicle (1),z,0,3,train,0.0,5.0,10.0,34
vehicle (3),m,0,3,train,0.0,3.0,11.0,34
vehicle (1),m,1,3,train,0.0,7.0,10.0,34
instrument (1),m,1,3,train,0.0,0.0,0.0,34
instrument (2),z,0,3,train,0.0,0.0,0.0,34
instrument (3),z,1,3,train,0.0,0.0,0.0,34
instrument (1),m,1,3,train,0.0,3.0,1.0,34
instrument (3),z,1,3,train,0.0,2.0,1.0,34
instrument (2),m,1,3,train,0.0,0.0,0.0,34
instrument (2),m,1,3,train,0.0,1.0,1.0,34
instrument (3),z,1,3,train,0.0,3.0,2.0,34
instrument (1),m,1,3,train,0.0,5.0,2.0,34
instrument (1),m,1,3,train,0.0,1.0,3.0,34
instrument (2),m,1,3,train,0.0,4.0,2.0,34
instrument (3),z,1,3,train,0.0,4.0,3.0,34
instrument (1),m,1,3,train,0.0,3.0,4.0,34
instrument (3),z,1,3,train,0.0,2.0,4.0,34
instrument (2),m,1,3,train,0.0,4.0,3.0,34
instrument (2),m,1,3,train,0.0,1.0,4.0,34
instrument (3),z,1,3,train,0.0,3.0,5.0,34
instrument (1),m,1,3,train,0.0,5.0,5.0,34
instrument (3),z,1,3,train,0.0,2.0,6.0,34
instrument (2),m,1,3,train,0.0,4.0,5.0,34
instrument (1),z,0,3,train,0.0,3.0,6.0,34
instrument (1),m,1,3,train,0.0,4.0,6.0,34
instrument (3),z,1,3,train,0.0,4.0,7.0,34
instrument (2),m,1,3,train,0.0,4.0,6.0,34
instrument (2),m,1,3,train,0.0,1.0,7.0,34
instrument (3),z,1,3,train,0.0,3.0,8.0,34
instrument (1),m,1,3,train,0.0,5.0,7.0,34
instrument (3),z,1,3,train,0.0,2.0,9.0,34
instrument (1),m,1,3,train,0.0,2.0,8.0,34
instrument (2),m,1,3,train,0.0,5.0,8.0,34
instrument (2),m,1,3,train,0.0,1.0,9.0,34
instrument (3),z,1,3,train,0.0,4.0,10.0,34
instrument (2),m,1,3,train,0.0,2.0,10.0,34
instrument (1),m,1,3,train,0.0,5.0,9.0,34
instrument (3),m,0,3,train,0.0,3.0,11.0,34
instrument (1),m,1,3,train,0.0,2.0,10.0,34
jungle2,m,0,3,train,0.0,0.0,0.0,35
jungle1,z,1,3,train,0.0,0.0,0.0,35
jungle3,m,1,3,train,0.0,0.0,0.0,35
jungle1,z,1,3,train,0.0,2.0,1.0,35
jungle3,m,1,3,train,0.0,2.0,1.0,35
jungle2,m,0,3,train,1.0,0.0,0.0,35
jungle3,m,1,3,train,0.0,2.0,2.0,35
jungle2,z,1,3,train,0.0,0.0,0.0,35
jungle1,z,1,3,train,0.0,5.0,2.0,35
jungle1,z,1,3,train,0.0,1.0,3.0,35
jungle2,m,0,3,train,1.0,3.0,1.0,35
jungle3,m,1,3,train,0.0,5.0,3.0,35
jungle3,m,1,3,train,0.0,1.0,4.0,35
jungle1,z,1,3,train,0.0,4.0,4.0,35
jungle2,m,0,3,train,1.0,7.0,1.0,35
jungle3,m,1,3,train,0.0,3.0,5.0,35
jungle1,z,1,3,train,0.0,3.0,5.0,35
jungle2,m,0,3,train,1.0,10.0,1.0,35
jungle1,z,1,3,train,0.0,2.0,6.0,35
jungle3,m,1,3,train,0.0,4.0,6.0,35
jungle2,z,1,3,train,0.0,13.0,1.0,35
jungle3,m,1,3,train,0.0,2.0,7.0,35
jungle2,m,0,3,train,1.0,2.0,2.0,35
jungle1,z,1,3,train,0.0,5.0,7.0,35
jungle2,z,1,3,train,0.0,4.0,2.0,35
jungle3,m,1,3,train,0.0,4.0,8.0,35
jungle1,z,1,3,train,0.0,3.0,8.0,35
jungle1,z,1,3,train,0.0,1.0,9.0,35
jungle2,z,1,3,train,0.0,4.0,3.0,35
jungle3,m,1,3,train,0.0,4.0,9.0,35
jungle2,z,1,3,train,0.0,2.0,4.0,35
jungle3,z,0,3,train,0.0,2.0,10.0,35
jungle1,z,1,3,train,0.0,5.0,10.0,35
jungle2,z,1,3,train,0.0,3.0,5.0,35
jungle1,z,1,3,train,0.0,2.0,11.0,35
jungle3,m,1,3,train,0.0,6.0,10.0,35
vegan (6),m,0,6,train,0.0,0.0,0.0,35
vegan (1),z,0,6,train,0.0,0.0,0.0,35
vegan (5),m,1,6,train,0.0,0.0,0.0,35
vegan (4),z,1,6,train,0.0,0.0,0.0,35
vegan (2),m,1,6,train,0.0,0.0,0.0,35
vegan (3),m,0,6,train,0.0,0.0,0.0,35
vegan (3),z,1,6,train,0.0,0.0,0.0,35
vegan (6),z,1,6,train,0.0,0.0,0.0,35
vegan (4),z,1,6,train,0.0,5.0,1.0,35
vegan (5),m,1,6,train,0.0,7.0,1.0,35
vegan (1),z,0,6,train,1.0,0.0,0.0,35
vegan (2),m,1,6,train,0.0,7.0,1.0,35
vegan (1),m,1,6,train,0.0,0.0,0.0,35
vegan (3),z,1,6,train,0.0,7.0,1.0,35
vegan (2),m,1,6,train,0.0,3.0,2.0,35
vegan (6),z,1,6,train,0.0,8.0,1.0,35
vegan (5),m,1,6,train,0.0,7.0,2.0,35
vegan (4),z,1,6,train,0.0,9.0,2.0,35
vegan (5),m,1,6,train,0.0,2.0,3.0,35
vegan (2),z,0,6,train,0.0,5.0,3.0,35
vegan (6),z,1,6,train,0.0,5.0,2.0,35
vegan (1),z,0,6,train,1.0,9.0,1.0,35
vegan (4),z,1,6,train,0.0,5.0,3.0,35
vegan (3),m,0,6,train,1.0,10.0,2.0,35
vegan (6),z,1,6,train,0.0,4.0,3.0,35
vegan (5),m,1,6,train,0.0,7.0,4.0,35
vegan (2),m,1,6,train,0.0,12.0,3.0,35
vegan (3),z,1,6,train,0.0,14.0,2.0,35
vegan (4),z,1,6,train,0.0,6.0,4.0,35
vegan (1),m,1,6,train,0.0,17.0,1.0,35
vegan (6),z,1,6,train,0.0,6.0,4.0,35
vegan (3),z,1,6,train,0.0,4.0,3.0,35
vegan (4),z,1,6,train,0.0,4.0,5.0,35
vegan (1),z,0,6,train,1.0,4.0,2.0,35
vegan (2),m,1,6,train,0.0,8.0,4.0,35
vegan (5),z,0,6,train,0.0,10.0,5.0,35
vegan (2),m,1,6,train,0.0,2.0,5.0,35
vegan (3),z,1,6,train,0.0,6.0,4.0,35
vegan (5),m,1,6,train,0.0,13.0,5.0,35
vegan (4),z,1,6,train,0.0,7.0,6.0,35
vegan (1),m,1,6,train,0.0,11.0,2.0,35
vegan (6),z,1,6,train,0.0,11.0,5.0,35
vegan (2),m,1,6,train,0.0,6.0,6.0,35
vegan (1),z,0,6,train,1.0,3.0,3.0,35
vegan (4),z,1,6,train,0.0,5.0,7.0,35
vegan (3),z,1,6,train,0.0,8.0,5.0,35
vegan (5),m,1,6,train,0.0,8.0,6.0,35
vegan (6),z,1,6,train,0.0,6.0,6.0,35
vegan (3),z,1,6,train,0.0,3.0,6.0,35
vegan (2),m,1,6,train,0.0,7.0,7.0,35
vegan (6),m,0,6,train,1.0,3.0,7.0,35
vegan (1),z,0,6,train,1.0,11.0,3.0,35
vegan (4),z,1,6,train,0.0,8.0,8.0,35
vegan (5),m,1,6,train,0.0,7.0,7.0,35
vegan (2),z,0,6,train,1.0,5.0,8.0,35
vegan (6),m,0,6,train,1.0,8.0,7.0,35
vegan (3),z,1,6,train,0.0,8.0,7.0,35
vegan (1),z,0,6,train,1.0,17.0,3.0,35
vegan (4),m,0,6,train,0.0,6.0,9.0,35
vegan (5),z,0,6,train,1.0,6.0,8.0,35
vegan (3),m,0,6,train,1.0,4.0,8.0,35
vegan (5),m,1,6,train,0.0,8.0,8.0,35
vegan (2),z,0,6,train,1.0,13.0,8.0,35
vegan (6),z,1,6,train,0.0,16.0,7.0,35
vegan (1),m,1,6,train,0.0,24.0,3.0,35
vegan (4),z,1,6,train,0.0,13.0,9.0,35
vegan (5),m,1,6,train,0.0,5.0,9.0,35
vegan (2),z,0,6,train,1.0,18.0,8.0,35
vegan (1),m,1,6,train,0.0,4.0,4.0,35
vegan (4),z,1,6,train,0.0,4.0,10.0,35
vegan (3),z,1,6,train,0.0,14.0,8.0,35
vegan (6),z,1,6,train,0.0,8.0,8.0,35
vegan (5),m,1,6,train,0.0,6.0,10.0,35
vegan (1),m,1,6,train,0.0,5.0,5.0,35
vegan (2),z,0,6,train,1.0,25.0,8.0,35
vegan (4),m,0,6,train,1.0,6.0,11.0,35
vegan (3),z,1,6,train,0.0,6.0,9.0,35
vegan (6),m,0,6,train,1.0,6.0,9.0,35
animal (1),z,1,3,train,0.0,0.0,0.0,35
animal (2),z,1,3,train,0.0,0.0,0.0,35
animal (3),m,1,3,train,0.0,0.0,0.0,35
animal (1),z,1,3,train,0.0,3.0,1.0,35
animal (3),m,1,3,train,0.0,2.0,1.0,35
animal (2),z,1,3,train,0.0,4.0,1.0,35
animal (2),z,1,3,train,0.0,1.0,2.0,35
animal (3),m,1,3,train,0.0,3.0,2.0,35
animal (1),z,1,3,train,0.0,5.0,2.0,35
animal (1),z,1,3,train,0.0,1.0,3.0,35
animal (2),z,1,3,train,0.0,4.0,3.0,35
animal (3),m,1,3,train,0.0,4.0,3.0,35
animal (1),z,1,3,train,0.0,3.0,4.0,35
animal (3),m,1,3,train,0.0,2.0,4.0,35
animal (2),z,1,3,train,0.0,4.0,4.0,35
animal (2),z,1,3,train,0.0,1.0,5.0,35
animal (3),m,1,3,train,0.0,3.0,5.0,35
animal (1),z,1,3,train,0.0,5.0,5.0,35
animal (3),m,1,3,train,0.0,2.0,6.0,35
animal (2),z,1,3,train,0.0,4.0,6.0,35
animal (1),z,1,3,train,0.0,3.0,6.0,35
animal (1),z,1,3,train,0.0,1.0,7.0,35
animal (3),m,1,3,train,0.0,4.0,7.0,35
animal (2),z,1,3,train,0.0,4.0,7.0,35
animal (2),z,1,3,train,0.0,1.0,8.0,35
animal (3),m,1,3,train,0.0,3.0,8.0,35
animal (1),z,1,3,train,0.0,5.0,8.0,35
animal (3),m,1,3,train,0.0,2.0,9.0,35
animal (1),z,1,3,train,0.0,2.0,9.0,35
animal (2),z,1,3,train,0.0,5.0,9.0,35
animal (2),z,1,3,train,0.0,1.0,10.0,35
animal (3),z,0,3,train,0.0,4.0,10.0,35
animal (2),z,1,3,train,0.0,2.0,11.0,35
animal (1),z,1,3,train,0.0,5.0,10.0,35
animal (3),m,1,3,train,0.0,7.0,10.0,35
animal (1),m,0,3,train,0.0,2.0,11.0,35
fruits (6),m,0,6,train,0.0,0.0,0.0,35
fruits (1),z,0,6,train,0.0,0.0,0.0,35
fruits (5),z,0,6,train,0.0,0.0,0.0,35
fruits (4),m,0,6,train,0.0,0.0,0.0,35
fruits (2),z,0,6,train,0.0,0.0,0.0,35
fruits (3),m,0,6,train,0.0,0.0,0.0,35
fruits (3),z,1,6,train,0.0,0.0,0.0,35
fruits (6),z,1,6,train,0.0,0.0,0.0,35
fruits (4),z,1,6,train,0.0,0.0,0.0,35
fruits (5),z,0,6,train,1.0,0.0,0.0,35
fruits (1),z,0,6,train,1.0,0.0,0.0,35
fruits (2),z,0,6,train,1.0,0.0,0.0,35
fruits (1),m,1,6,train,0.0,0.0,0.0,35
fruits (3),z,1,6,train,0.0,7.0,1.0,35
fruits (2),m,1,6,train,0.0,0.0,0.0,35
fruits (6),m,0,6,train,1.0,8.0,1.0,35
fruits (5),m,1,6,train,0.0,0.0,0.0,35
fruits (4),z,1,6,train,0.0,9.0,1.0,35
fruits (5),m,1,6,train,0.0,2.0,1.0,35
fruits (2),z,0,6,train,1.0,5.0,1.0,35
fruits (6),m,0,6,train,1.0,13.0,1.0,35
fruits (1),m,1,6,train,0.0,9.0,1.0,35
fruits (4),z,1,6,train,0.0,5.0,2.0,35
fruits (3),m,0,6,train,1.0,10.0,2.0,35
fruits (6),z,1,6,train,0.0,17.0,1.0,35
fruits (5),m,1,6,train,0.0,7.0,2.0,35
fruits (2),z,0,6,train,1.0,12.0,1.0,35
fruits (3),m,0,6,train,1.0,14.0,2.0,35
fruits (4),z,1,6,train,0.0,6.0,3.0,35
fruits (1),z,0,6,train,1.0,8.0,2.0,35
fruits (6),m,0,6,train,1.0,6.0,2.0,35
fruits (3),z,1,6,train,0.0,18.0,2.0,35
fruits (4),m,0,6,train,1.0,4.0,4.0,35
fruits (1),z,0,6,train,1.0,12.0,2.0,35
fruits (2),m,1,6,train,0.0,20.0,1.0,35
fruits (5),m,1,6,train,0.0,10.0,3.0,35
fruits (2),m,1,6,train,0.0,2.0,2.0,35
fruits (3),z,1,6,train,0.0,6.0,3.0,35
fruits (5),m,1,6,train,0.0,3.0,4.0,35
fruits (4),m,0,6,train,1.0,11.0,4.0,35
fruits (1),m,1,6,train,0.0,19.0,2.0,35
fruits (6),m,0,6,train,1.0,17.0,2.0,35
fruits (2),m,1,6,train,0.0,6.0,3.0,35
fruits (1),z,0,6,train,1.0,3.0,3.0,35
fruits (4),z,1,6,train,0.0,16.0,4.0,35
fruits (3),z,1,6,train,0.0,8.0,4.0,35
fruits (5),m,1,6,train,0.0,8.0,5.0,35
fruits (6),z,1,6,train,0.0,23.0,2.0,35
fruits (3),z,1,6,train,0.0,3.0,5.0,35
fruits (2),m,1,6,train,0.0,7.0,4.0,35
fruits (6),z,1,6,train,0.0,3.0,3.0,35
fruits (1),z,0,6,train,1.0,11.0,3.0,35
fruits (4),m,0,6,train,1.0,8.0,5.0,35
fruits (5),z,0,6,train,1.0,7.0,6.0,35
fruits (2),m,1,6,train,0.0,5.0,5.0,35
fruits (6),z,1,6,train,0.0,5.0,4.0,35
fruits (3),m,0,6,train,1.0,8.0,6.0,35
fruits (1),m,1,6,train,0.0,17.0,3.0,35
fruits (4),z,1,6,train,0.0,14.0,5.0,35
fruits (5),z,0,6,train,1.0,13.0,6.0,35
fruits (3),m,0,6,train,1.0,12.0,6.0,35
fruits (5),z,0,6,train,1.0,15.0,6.0,35
fruits (2),m,1,6,train,0.0,8.0,6.0,35
fruits (6),z,1,6,train,0.0,8.0,5.0,35
fruits (1),m,1,6,train,0.0,7.0,4.0,35
fruits (4),z,1,6,train,0.0,7.0,6.0,35
fruits (5),m,1,6,train,0.0,20.0,6.0,35
fruits (2),z,0,6,train,1.0,5.0,7.0,35
fruits (1),m,1,6,train,0.0,4.0,5.0,35
fruits (4),z,1,6,train,0.0,4.0,7.0,35
fruits (3),m,0,6,train,1.0,22.0,6.0,35
fruits (6),z,1,6,train,0.0,8.0,6.0,35
fruits (5),m,1,6,train,0.0,6.0,7.0,35
fruits (1),z,0,6,train,1.0,5.0,6.0,35
fruits (2),m,1,6,train,0.0,12.0,7.0,35
fruits (4),z,1,6,train,0.0,6.0,8.0,35
fruits (3),m,0,6,train,1.0,28.0,6.0,35
fruits (6),z,1,6,train,0.0,6.0,7.0,35
tools (1),z,1,3,train,0.0,0.0,0.0,35
tools (2),z,1,3,train,0.0,0.0,0.0,35
tools (3),m,1,3,train,0.0,0.0,0.0,35
tools (1),z,1,3,train,0.0,3.0,1.0,35
tools (3),m,1,3,train,0.0,2.0,1.0,35
tools (2),z,1,3,train,0.0,4.0,1.0,35
tools (2),z,1,3,train,0.0,1.0,2.0,35
tools (3),m,1,3,train,0.0,3.0,2.0,35
tools (1),z,1,3,train,0.0,5.0,2.0,35
tools (1),z,1,3,train,0.0,1.0,3.0,35
tools (2),z,1,3,train,0.0,4.0,3.0,35
tools (3),z,0,3,train,0.0,4.0,3.0,35
tools (1),z,1,3,train,0.0,3.0,4.0,35
tools (3),m,1,3,train,0.0,6.0,3.0,35
tools (2),z,1,3,train,0.0,4.0,4.0,35
tools (2),z,1,3,train,0.0,1.0,5.0,35
tools (3),m,1,3,train,0.0,3.0,4.0,35
tools (1),z,1,3,train,0.0,5.0,5.0,35
tools (3),z,0,3,train,1.0,2.0,5.0,35
tools (2),z,1,3,train,0.0,4.0,6.0,35
tools (1),z,1,3,train,0.0,3.0,6.0,35
tools (1),m,0,3,train,0.0,1.0,7.0,35
tools (3),z,0,3,train,1.0,6.0,5.0,35
tools (2),z,1,3,train,0.0,4.0,7.0,35
tools (2),z,1,3,train,0.0,1.0,8.0,35
tools (3),m,1,3,train,0.0,9.0,5.0,35
tools (1),z,1,3,train,0.0,6.0,7.0,35
tools (3),m,1,3,train,0.0,2.0,6.0,35
tools (1),z,1,3,train,0.0,2.0,8.0,35
tools (2),z,1,3,train,0.0,5.0,9.0,35
tools (2),z,1,3,train,0.0,1.0,10.0,35
tools (3),m,1,3,train,0.0,4.0,7.0,35
tools (2),z,1,3,train,0.0,2.0,11.0,35
tools (1),z,1,3,train,0.0,5.0,9.0,35
tools (3),m,1,3,train,0.0,3.0,8.0,35
tools (1),z,1,3,train,0.0,2.0,10.0,35
clothes (6),m,0,6,train,0.0,0.0,0.0,35
clothes (1),z,0,6,train,0.0,0.0,0.0,35
clothes (5),z,0,6,train,0.0,0.0,0.0,35
clothes (4),m,0,6,train,0.0,0.0,0.0,35
clothes (2),z,0,6,train,0.0,0.0,0.0,35
clothes (3),m,0,6,train,0.0,0.0,0.0,35
clothes (3),m,0,6,train,1.0,0.0,0.0,35
clothes (6),z,1,6,train,0.0,0.0,0.0,35
clothes (4),z,1,6,train,0.0,0.0,0.0,35
clothes (5),z,0,6,train,1.0,0.0,0.0,35
clothes (1),m,1,6,train,0.0,0.0,0.0,35
clothes (2),m,1,6,train,0.0,0.0,0.0,35
clothes (1),m,1,6,train,0.0,2.0,1.0,35
clothes (3),m,0,6,train,1.0,0.0,0.0,35
clothes (2),m,1,6,train,0.0,3.0,1.0,35
clothes (6),z,1,6,train,0.0,8.0,1.0,35
clothes (5),z,0,6,train,1.0,0.0,0.0,35
clothes (4),m,0,6,train,1.0,9.0,1.0,35
clothes (5),m,1,6,train,0.0,0.0,0.0,35
clothes (2),z,0,6,train,1.0,5.0,2.0,35
clothes (6),m,0,6,train,1.0,5.0,2.0,35
clothes (1),z,0,6,train,1.0,9.0,2.0,35
clothes (4),m,0,6,train,1.0,14.0,1.0,35
clothes (3),z,1,6,train,0.0,0.0,0.0,35
clothes (6),z,1,6,train,0.0,9.0,2.0,35
clothes (5),m,1,6,train,0.0,7.0,1.0,35
clothes (2),z,0,6,train,1.0,12.0,2.0,35
clothes (3),m,0,6,train,1.0,4.0,1.0,35
clothes (4),m,0,6,train,1.0,20.0,1.0,35
clothes (1),z,0,6,train,1.0,17.0,2.0,35
clothes (6),z,1,6,train,0.0,6.0,3.0,35
clothes (3),z,1,6,train,0.0,8.0,1.0,35
clothes (4),z,1,6,train,0.0,24.0,1.0,35
clothes (1),z,0,6,train,1.0,21.0,2.0,35
clothes (2),m,1,6,train,0.0,20.0,2.0,35
clothes (5),m,1,6,train,0.0,10.0,2.0,35
clothes (2),z,0,6,train,1.0,2.0,3.0,35
clothes (3),m,0,6,train,1.0,6.0,2.0,35
clothes (5),z,0,6,train,1.0,3.0,3.0,35
clothes (4),z,1,6,train,0.0,7.0,2.0,35
clothes (1),z,0,6,train,1.0,28.0,2.0,35
clothes (6),z,1,6,train,0.0,11.0,4.0,35
clothes (2),m,1,6,train,0.0,8.0,3.0,35
clothes (1),z,0,6,train,1.0,31.0,2.0,35
clothes (4),z,1,6,train,0.0,5.0,3.0,35
clothes (3),z,1,6,train,0.0,14.0,2.0,35
clothes (5),z,0,6,train,1.0,11.0,3.0,35
clothes (6),z,1,6,train,0.0,6.0,5.0,35
clothes (3),z,1,6,train,0.0,3.0,3.0,35
clothes (2),m,1,6,train,0.0,7.0,4.0,35
clothes (6),m,0,6,train,1.0,3.0,6.0,35
clothes (1),m,1,6,train,0.0,39.0,2.0,35
clothes (4),z,1,6,train,0.0,8.0,4.0,35
clothes (5),m,1,6,train,0.0,18.0,3.0,35
clothes (2),z,0,6,train,1.0,5.0,5.0,35
clothes (6),m,0,6,train,1.0,8.0,6.0,35
clothes (3),m,0,6,train,1.0,8.0,4.0,35
clothes (1),m,1,6,train,0.0,6.0,3.0,35
clothes (4),m,0,6,train,1.0,6.0,5.0,35
clothes (5),m,1,6,train,0.0,6.0,4.0,35
clothes (3),z,1,6,train,0.0,12.0,4.0,35
clothes (5),z,0,6,train,1.0,2.0,5.0,35
clothes (2),z,0,6,train,1.0,13.0,5.0,35
clothes (6),z,1,6,train,0.0,16.0,6.0,35
clothes (1),m,1,6,train,0.0,7.0,4.0,35
clothes (4),z,1,6,train,0.0,13.0,5.0,35
clothes (5),m,1,6,train,0.0,7.0,5.0,35
clothes (2),m,1,6,train,0.0,18.0,5.0,35
clothes (1),z,0,6,train,1.0,4.0,5.0,35
clothes (4),m,0,6,train,1.0,4.0,6.0,35
clothes (3),m,0,6,train,1.0,10.0,5.0,35
clothes (6),m,0,6,train,1.0,8.0,7.0,35
clothes (5),m,1,6,train,0.0,6.0,6.0,35
clothes (1),m,1,6,train,0.0,9.0,5.0,35
clothes (2),m,1,6,train,0.0,7.0,6.0,35
clothes (4),z,1,6,train,0.0,10.0,6.0,35
clothes (3),z,1,6,train,0.0,16.0,5.0,35
clothes (6),z,1,6,train,0.0,14.0,7.0,35
face (1),m,0,3,train,0.0,0.0,0.0,35
face (2),m,0,3,train,0.0,0.0,0.0,35
face (3),m,1,3,train,0.0,0.0,0.0,35
face (1),z,1,3,train,0.0,0.0,0.0,35
face (3),m,1,3,train,0.0,2.0,1.0,35
face (2),z,1,3,train,0.0,0.0,0.0,35
face (2),z,1,3,train,0.0,1.0,1.0,35
face (3),m,1,3,train,0.0,3.0,2.0,35
face (1),z,1,3,train,0.0,5.0,1.0,35
face (1),z,1,3,train,0.0,1.0,2.0,35
face (2),m,0,3,train,1.0,4.0,2.0,35
face (3),m,1,3,train,0.0,4.0,3.0,35
face (1),z,1,3,train,0.0,3.0,3.0,35
face (3),m,1,3,train,0.0,2.0,4.0,35
face (2),z,1,3,train,0.0,8.0,2.0,35
face (2),z,1,3,train,0.0,1.0,3.0,35
face (3),m,1,3,train,0.0,3.0,5.0,35
face (1),z,1,3,train,0.0,5.0,4.0,35
face (3),m,1,3,train,0.0,2.0,6.0,35
face (2),z,1,3,train,0.0,4.0,4.0,35
face (1),z,1,3,train,0.0,3.0,5.0,35
face (1),z,1,3,train,0.0,1.0,6.0,35
face (3),m,1,3,train,0.0,4.0,7.0,35
face (2),z,1,3,train,0.0,4.0,5.0,35
face (2),z,1,3,train,0.0,1.0,6.0,35
face (3),m,1,3,train,0.0,3.0,8.0,35
face (1),z,1,3,train,0.0,5.0,7.0,35
face (3),m,1,3,train,0.0,2.0,9.0,35
face (1),z,1,3,train,0.0,2.0,8.0,35
face (2),z,1,3,train,0.0,5.0,7.0,35
face (2),z,1,3,train,0.0,1.0,8.0,35
face (3),m,1,3,train,0.0,4.0,10.0,35
face (2),z,1,3,train,0.0,2.0,9.0,35
face (1),z,1,3,train,0.0,5.0,9.0,35
face (3),m,1,3,train,0.0,3.0,11.0,35
face (1),z,1,3,train,0.0,2.0,10.0,35
color (6),z,1,6,train,0.0,0.0,0.0,35
color (1),z,0,6,train,0.0,0.0,0.0,35
color (5),m,1,6,train,0.0,0.0,0.0,35
color (4),z,1,6,train,0.0,0.0,0.0,35
color (2),z,0,6,train,0.0,0.0,0.0,35
color (3),m,0,6,train,0.0,0.0,0.0,35
color (3),m,0,6,train,1.0,0.0,0.0,35
color (6),m,0,6,train,0.0,7.0,1.0,35
color (4),z,1,6,train,0.0,5.0,1.0,35
color (5),z,0,6,train,0.0,7.0,1.0,35
color (1),z,0,6,train,1.0,0.0,0.0,35
color (2),z,0,6,train,1.0,0.0,0.0,35
color (1),z,0,6,train,1.0,0.0,0.0,35
color (3),z,1,6,train,0.0,0.0,0.0,35
color (2),z,0,6,train,1.0,0.0,0.0,35
color (6),m,0,6,train,1.0,15.0,1.0,35
color (5),m,1,6,train,0.0,14.0,1.0,35
color (4),m,0,6,train,0.0,9.0,2.0,35
color (5),z,0,6,train,1.0,2.0,2.0,35
color (2),z,0,6,train,1.0,0.0,0.0,35
color (6),m,0,6,train,1.0,20.0,1.0,35
color (1),m,1,6,train,0.0,0.0,0.0,35
color (4),z,1,6,train,0.0,14.0,2.0,35
color (3),z,1,6,train,0.0,10.0,1.0,35
color (6),z,1,6,train,0.0,24.0,1.0,35
color (5),z,0,6,train,1.0,9.0,2.0,35
color (2),m,1,6,train,0.0,0.0,0.0,35
color (3),m,0,6,train,1.0,4.0,2.0,35
color (4),m,0,6,train,1.0,6.0,3.0,35
color (1),z,0,6,train,1.0,8.0,1.0,35
color (6),z,1,6,train,0.0,6.0,2.0,35
color (3),m,0,6,train,1.0,8.0,2.0,35
color (4),z,1,6,train,0.0,10.0,3.0,35
color (1),z,0,6,train,1.0,12.0,1.0,35
color (2),m,1,6,train,0.0,8.0,1.0,35
color (5),m,1,6,train,0.0,19.0,2.0,35
color (2),m,1,6,train,0.0,2.0,2.0,35
color (3),z,1,6,train,0.0,14.0,2.0,35
color (5),m,1,6,train,0.0,3.0,3.0,35
color (4),m,0,6,train,1.0,7.0,4.0,35
color (1),z,0,6,train,1.0,19.0,1.0,35
color (6),z,1,6,train,0.0,11.0,3.0,35
color (2),z,0,6,train,1.0,6.0,3.0,35
color (1),m,1,6,train,0.0,22.0,1.0,35
color (4),z,1,6,train,0.0,12.0,4.0,35
color (3),z,1,6,train,0.0,8.0,3.0,35
color (5),m,1,6,train,0.0,8.0,4.0,35
color (6),z,1,6,train,0.0,6.0,4.0,35
color (3),z,1,6,train,0.0,3.0,4.0,35
color (2),m,1,6,train,0.0,13.0,3.0,35
color (6),z,1,6,train,0.0,3.0,5.0,35
color (1),m,1,6,train,0.0,8.0,2.0,35
color (4),z,1,6,train,0.0,8.0,5.0,35
color (5),m,1,6,train,0.0,7.0,5.0,35
color (2),m,1,6,train,0.0,5.0,4.0,35
color (6),z,1,6,train,0.0,5.0,6.0,35
color (3),z,1,6,train,0.0,8.0,5.0,35
color (1),m,1,6,train,0.0,6.0,3.0,35
color (4),z,1,6,train,0.0,6.0,6.0,35
color (5),m,1,6,train,0.0,6.0,6.0,35
color (3),z,1,6,train,0.0,4.0,6.0,35
color (5),m,1,6,train,0.0,2.0,7.0,35
color (2),m,1,6,train,0.0,8.0,5.0,35
color (6),z,1,6,train,0.0,8.0,7.0,35
color (1),m,1,6,train,0.0,7.0,4.0,35
color (4),z,1,6,train,0.0,7.0,7.0,35
color (5),m,1,6,train,0.0,5.0,8.0,35
color (2),m,1,6,train,0.0,5.0,6.0,35
color (1),z,0,6,train,1.0,4.0,5.0,35
color (4),z,1,6,train,0.0,4.0,8.0,35
color (3),z,1,6,train,0.0,10.0,7.0,35
color (6),z,1,6,train,0.0,8.0,8.0,35
color (5),m,1,6,train,0.0,6.0,9.0,35
color (1),m,1,6,train,0.0,9.0,5.0,35
color (2),m,1,6,train,0.0,7.0,7.0,35
color (4),z,1,6,train,0.0,6.0,9.0,35
color (3),z,1,6,train,0.0,6.0,8.0,35
color (6),z,1,6,train,0.0,6.0,9.0,35
symbol (1),z,0,3,train,0.0,0.0,0.0,35
symbol (2),m,1,3,train,0.0,0.0,0.0,35
symbol (3),m,0,3,train,0.0,0.0,0.0,35
symbol (1),m,1,3,train,0.0,0.0,0.0,35
symbol (3),z,1,3,train,0.0,0.0,0.0,35
symbol (2),z,0,3,train,0.0,4.0,1.0,35
symbol (2),m,1,3,train,0.0,5.0,1.0,35
symbol (3),m,0,3,train,1.0,3.0,1.0,35
symbol (1),z,0,3,train,1.0,5.0,1.0,35
symbol (1),z,0,3,train,1.0,6.0,1.0,35
symbol (2),z,0,3,train,1.0,4.0,2.0,35
symbol (3),z,1,3,train,0.0,7.0,1.0,35
symbol (1),m,1,3,train,0.0,9.0,1.0,35
symbol (3),z,1,3,train,0.0,2.0,2.0,35
symbol (2),m,1,3,train,0.0,8.0,2.0,35
symbol (2),m,1,3,train,0.0,1.0,3.0,35
symbol (3),z,1,3,train,0.0,3.0,3.0,35
symbol (1),m,1,3,train,0.0,5.0,2.0,35
symbol (3),m,0,3,train,1.0,2.0,4.0,35
symbol (2),m,1,3,train,0.0,4.0,4.0,35
symbol (1),m,1,3,train,0.0,3.0,3.0,35
symbol (1),m,1,3,train,0.0,1.0,4.0,35
symbol (3),z,1,3,train,0.0,6.0,4.0,35
symbol (2),m,1,3,train,0.0,4.0,5.0,35
symbol (2),m,1,3,train,0.0,1.0,6.0,35
symbol (3),z,1,3,train,0.0,3.0,5.0,35
symbol (1),m,1,3,train,0.0,5.0,5.0,35
symbol (3),z,1,3,train,0.0,2.0,6.0,35
symbol (1),m,1,3,train,0.0,2.0,6.0,35
symbol (2),m,1,3,train,0.0,5.0,7.0,35
symbol (2),m,1,3,train,0.0,1.0,8.0,35
symbol (3),z,1,3,train,0.0,4.0,7.0,35
symbol (2),m,1,3,train,0.0,2.0,9.0,35
symbol (1),m,1,3,train,0.0,5.0,7.0,35
symbol (3),z,1,3,train,0.0,3.0,8.0,35
symbol (1),m,1,3,train,0.0,2.0,8.0,35
environment (6),m,0,6,train,0.0,0.0,0.0,35
environment (1),z,0,6,train,0.0,0.0,0.0,35
environment (5),m,1,6,train,0.0,0.0,0.0,35
environment (4),z,1,6,train,0.0,0.0,0.0,35
environment (2),z,0,6,train,0.0,0.0,0.0,35
environment (3),m,0,6,train,0.0,0.0,0.0,35
environment (3),z,1,6,train,0.0,0.0,0.0,35
environment (6),m,0,6,train,1.0,0.0,0.0,35
environment (4),z,1,6,train,0.0,5.0,1.0,35
environment (5),z,0,6,train,0.0,7.0,1.0,35
environment (1),z,0,6,train,1.0,0.0,0.0,35
environment (2),z,0,6,train,1.0,0.0,0.0,35
environment (1),z,0,6,train,1.0,0.0,0.0,35
environment (3),z,1,6,train,0.0,7.0,1.0,35
environment (2),m,1,6,train,0.0,0.0,0.0,35
environment (6),m,0,6,train,1.0,0.0,0.0,35
environment (5),z,0,6,train,1.0,14.0,1.0,35
environment (4),z,1,6,train,0.0,9.0,2.0,35
environment (5),m,1,6,train,0.0,16.0,1.0,35
environment (2),m,1,6,train,0.0,5.0,1.0,35
environment (6),z,1,6,train,0.0,0.0,0.0,35
environment (1),m,1,6,train,0.0,0.0,0.0,35
environment (4),z,1,6,train,0.0,5.0,3.0,35
environment (3),z,1,6,train,0.0,10.0,2.0,35
environment (6),z,1,6,train,0.0,4.0,1.0,35
environment (5),m,1,6,train,0.0,7.0,2.0,35
environment (2),m,1,6,train,0.0,7.0,2.0,35
environment (3),z,1,6,train,0.0,4.0,3.0,35
environment (4),z,1,6,train,0.0,6.0,4.0,35
environment (1),m,1,6,train,0.0,8.0,1.0,35
environment (6),z,1,6,train,0.0,6.0,2.0,35
environment (3),z,1,6,train,0.0,4.0,4.0,35
environment (4),z,1,6,train,0.0,4.0,5.0,35
environment (1),m,1,6,train,0.0,4.0,2.0,35
environment (2),m,1,6,train,0.0,8.0,3.0,35
environment (5),m,1,6,train,0.0,10.0,3.0,35
environment (2),m,1,6,train,0.0,2.0,4.0,35
environment (3),z,1,6,train,0.0,6.0,5.0,35
environment (5),m,1,6,train,0.0,3.0,4.0,35
environment (4),z,1,6,train,0.0,7.0,6.0,35
environment (1),m,1,6,train,0.0,7.0,3.0,35
environment (6),z,1,6,train,0.0,11.0,3.0,35
environment (2),m,1,6,train,0.0,6.0,5.0,35
environment (1),m,1,6,train,0.0,3.0,4.0,35
environment (4),z,1,6,train,0.0,5.0,7.0,35
environment (3),z,1,6,train,0.0,8.0,6.0,35
environment (5),m,1,6,train,0.0,8.0,5.0,35
environment (6),z,1,6,train,0.0,6.0,4.0,35
environment (3),z,1,6,train,0.0,3.0,7.0,35
environment (2),m,1,6,train,0.0,7.0,6.0,35
environment (6),z,1,6,train,0.0,3.0,5.0,35
environment (1),m,1,6,train,0.0,8.0,5.0,35
environment (4),z,1,6,train,0.0,8.0,8.0,35
environment (5),m,1,6,train,0.0,7.0,6.0,35
environment (2),m,1,6,train,0.0,5.0,7.0,35
environment (6),z,1,6,train,0.0,5.0,6.0,35
environment (3),z,1,6,train,0.0,8.0,8.0,35
environment (1),m,1,6,train,0.0,6.0,6.0,35
environment (4),z,1,6,train,0.0,6.0,9.0,35
environment (5),m,1,6,train,0.0,6.0,7.0,35
environment (3),z,1,6,train,0.0,4.0,9.0,35
environment (5),m,1,6,train,0.0,2.0,8.0,35
environment (2),m,1,6,train,0.0,8.0,8.0,35
environment (6),z,1,6,train,0.0,8.0,7.0,35
environment (1),m,1,6,train,0.0,7.0,7.0,35
environment (4),z,1,6,train,0.0,7.0,10.0,35
environment (5),m,1,6,train,0.0,5.0,9.0,35
environment (2),m,1,6,train,0.0,5.0,9.0,35
environment (1),m,1,6,train,0.0,4.0,8.0,35
environment (4),z,1,6,train,0.0,4.0,11.0,35
environment (3),z,1,6,train,0.0,10.0,10.0,35
environment (6),z,1,6,train,0.0,8.0,8.0,35
environment (5),m,1,6,train,0.0,6.0,10.0,35
environment (1),m,1,6,train,0.0,5.0,9.0,35
environment (2),m,1,6,train,0.0,7.0,10.0,35
environment (4),z,1,6,train,0.0,6.0,12.0,35
environment (3),z,1,6,train,0.0,6.0,11.0,35
environment (6),z,1,6,train,0.0,6.0,9.0,35
vehicle (1),z,0,3,train,0.0,0.0,0.0,35
vehicle (2),z,0,3,train,0.0,0.0,0.0,35
vehicle (3),z,1,3,train,0.0,0.0,0.0,35
vehicle (1),m,1,3,train,0.0,0.0,0.0,35
vehicle (3),z,1,3,train,0.0,2.0,1.0,35
vehicle (2),m,1,3,train,0.0,0.0,0.0,35
vehicle (2),m,1,3,train,0.0,1.0,1.0,35
vehicle (3),z,1,3,train,0.0,3.0,2.0,35
vehicle (1),m,1,3,train,0.0,5.0,1.0,35
vehicle (1),m,1,3,train,0.0,1.0,2.0,35
vehicle (2),m,1,3,train,0.0,4.0,2.0,35
vehicle (3),z,1,3,train,0.0,4.0,3.0,35
vehicle (1),m,1,3,train,0.0,3.0,3.0,35
vehicle (3),z,1,3,train,0.0,2.0,4.0,35
vehicle (2),m,1,3,train,0.0,4.0,3.0,35
vehicle (2),m,1,3,train,0.0,1.0,4.0,35
vehicle (3),z,1,3,train,0.0,3.0,5.0,35
vehicle (1),m,1,3,train,0.0,5.0,4.0,35
vehicle (3),z,1,3,train,0.0,2.0,6.0,35
vehicle (2),m,1,3,train,0.0,4.0,5.0,35
vehicle (1),m,1,3,train,0.0,3.0,5.0,35
vehicle (1),m,1,3,train,0.0,1.0,6.0,35
vehicle (3),z,1,3,train,0.0,4.0,7.0,35
vehicle (2),m,1,3,train,0.0,4.0,6.0,35
vehicle (2),m,1,3,train,0.0,1.0,7.0,35
vehicle (3),z,1,3,train,0.0,3.0,8.0,35
vehicle (1),m,1,3,train,0.0,5.0,7.0,35
vehicle (3),z,1,3,train,0.0,2.0,9.0,35
vehicle (1),m,1,3,train,0.0,2.0,8.0,35
vehicle (2),m,1,3,train,0.0,5.0,8.0,35
vehicle (2),m,1,3,train,0.0,1.0,9.0,35
vehicle (3),z,1,3,train,0.0,4.0,10.0,35
vehicle (2),m,1,3,train,0.0,2.0,10.0,35
vehicle (1),m,1,3,train,0.0,5.0,9.0,35
vehicle (3),z,1,3,train,0.0,3.0,11.0,35
vehicle (1),m,1,3,train,0.0,2.0,10.0,35
instrument (1),z,0,3,train,0.0,0.0,0.0,35
instrument (2),z,0,3,train,0.0,0.0,0.0,35
instrument (3),z,1,3,train,0.0,0.0,0.0,35
instrument (1),m,1,3,train,0.0,0.0,0.0,35
instrument (3),z,1,3,train,0.0,2.0,1.0,35
instrument (2),m,1,3,train,0.0,0.0,0.0,35
instrument (2),m,1,3,train,0.0,1.0,1.0,35
instrument (3),z,1,3,train,0.0,3.0,2.0,35
instrument (1),m,1,3,train,0.0,5.0,1.0,35
instrument (1),m,1,3,train,0.0,1.0,2.0,35
instrument (2),m,1,3,train,0.0,4.0,2.0,35
instrument (3),z,1,3,train,0.0,4.0,3.0,35
instrument (1),m,1,3,train,0.0,3.0,3.0,35
instrument (3),z,1,3,train,0.0,2.0,4.0,35
instrument (2),m,1,3,train,0.0,4.0,3.0,35
instrument (2),m,1,3,train,0.0,1.0,4.0,35
instrument (3),z,1,3,train,0.0,3.0,5.0,35
instrument (1),m,1,3,train,0.0,5.0,4.0,35
instrument (3),z,1,3,train,0.0,2.0,6.0,35
instrument (2),m,1,3,train,0.0,4.0,5.0,35
instrument (1),m,1,3,train,0.0,3.0,5.0,35
instrument (1),m,1,3,train,0.0,1.0,6.0,35
instrument (3),z,1,3,train,0.0,4.0,7.0,35
instrument (2),m,1,3,train,0.0,4.0,6.0,35
instrument (2),m,1,3,train,0.0,1.0,7.0,35
instrument (3),z,1,3,train,0.0,3.0,8.0,35
instrument (1),m,1,3,train,0.0,5.0,7.0,35
instrument (3),z,1,3,train,0.0,2.0,9.0,35
instrument (1),m,1,3,train,0.0,2.0,8.0,35
instrument (2),m,1,3,train,0.0,5.0,8.0,35
instrument (2),m,1,3,train,0.0,1.0,9.0,35
instrument (3),z,1,3,train,0.0,4.0,10.0,35
instrument (2),m,1,3,train,0.0,2.0,10.0,35
instrument (1),m,1,3,train,0.0,5.0,9.0,35
instrument (3),z,1,3,train,0.0,3.0,11.0,35
instrument (1),m,1,3,train,0.0,2.0,10.0,35
jungle2,m,0,3,train,0.0,0.0,0.0,36
jungle1,z,1,3,train,0.0,0.0,0.0,36
jungle3,m,1,3,train,0.0,0.0,0.0,36
jungle1,z,1,3,train,0.0,2.0,1.0,36
jungle3,m,1,3,train,0.0,2.0,1.0,36
jungle2,z,1,3,train,0.0,0.0,0.0,36
jungle3,m,1,3,train,0.0,2.0,2.0,36
jungle2,m,0,3,train,1.0,2.0,1.0,36
jungle1,z,1,3,train,0.0,5.0,2.0,36
jungle1,z,1,3,train,0.0,1.0,3.0,36
jungle2,z,1,3,train,0.0,5.0,1.0,36
jungle3,m,1,3,train,0.0,5.0,3.0,36
jungle3,m,1,3,train,0.0,1.0,4.0,36
jungle1,z,1,3,train,0.0,4.0,4.0,36
jungle2,m,0,3,train,1.0,4.0,2.0,36
jungle3,m,1,3,train,0.0,3.0,5.0,36
jungle1,z,1,3,train,0.0,3.0,5.0,36
jungle2,z,1,3,train,0.0,7.0,2.0,36
jungle1,z,1,3,train,0.0,2.0,6.0,36
jungle3,m,1,3,train,0.0,4.0,6.0,36
jungle2,z,1,3,train,0.0,3.0,3.0,36
jungle3,m,1,3,train,0.0,2.0,7.0,36
jungle2,z,1,3,train,0.0,2.0,4.0,36
jungle1,z,1,3,train,0.0,5.0,7.0,36
jungle2,z,1,3,train,0.0,2.0,5.0,36
jungle3,m,1,3,train,0.0,4.0,8.0,36
jungle1,z,1,3,train,0.0,3.0,8.0,36
jungle1,z,1,3,train,0.0,1.0,9.0,36
jungle2,z,1,3,train,0.0,4.0,6.0,36
jungle3,m,1,3,train,0.0,4.0,9.0,36
jungle2,z,1,3,train,0.0,2.0,7.0,36
jungle3,m,1,3,train,0.0,2.0,10.0,36
jungle1,z,1,3,train,0.0,5.0,10.0,36
jungle2,z,1,3,train,0.0,3.0,8.0,36
jungle1,z,1,3,train,0.0,2.0,11.0,36
jungle3,m,1,3,train,0.0,4.0,11.0,36
vegan (6),m,0,6,train,0.0,0.0,0.0,36
vegan (1),m,1,6,train,0.0,0.0,0.0,36
vegan (5),m,1,6,train,0.0,0.0,0.0,36
vegan (4),z,1,6,train,0.0,0.0,0.0,36
vegan (2),z,0,6,train,0.0,0.0,0.0,36
vegan (3),m,0,6,train,0.0,0.0,0.0,36
vegan (3),z,1,6,train,0.0,0.0,0.0,36
vegan (6),z,1,6,train,0.0,0.0,0.0,36
vegan (4),m,0,6,train,0.0,5.0,1.0,36
vegan (5),m,1,6,train,0.0,7.0,1.0,36
vegan (1),m,1,6,train,0.0,9.0,1.0,36
vegan (2),z,0,6,train,1.0,0.0,0.0,36
vegan (1),z,0,6,train,0.0,2.0,2.0,36
vegan (3),z,1,6,train,0.0,7.0,1.0,36
vegan (2),m,1,6,train,0.0,0.0,0.0,36
vegan (6),z,1,6,train,0.0,8.0,1.0,36
vegan (5),m,1,6,train,0.0,7.0,2.0,36
vegan (4),z,1,6,train,0.0,14.0,1.0,36
vegan (5),m,1,6,train,0.0,2.0,3.0,36
vegan (2),z,0,6,train,1.0,5.0,1.0,36
vegan (6),z,1,6,train,0.0,5.0,2.0,36
vegan (1),z,0,6,train,1.0,11.0,2.0,36
vegan (4),m,0,6,train,1.0,5.0,2.0,36
vegan (3),z,1,6,train,0.0,10.0,2.0,36
vegan (6),z,1,6,train,0.0,4.0,3.0,36
vegan (5),m,1,6,train,0.0,7.0,4.0,36
vegan (2),m,1,6,train,0.0,12.0,1.0,36
vegan (3),m,0,6,train,1.0,4.0,3.0,36
vegan (4),m,0,6,train,1.0,11.0,2.0,36
vegan (1),z,0,6,train,1.0,19.0,2.0,36
vegan (6),z,1,6,train,0.0,6.0,4.0,36
vegan (3),z,1,6,train,0.0,8.0,3.0,36
vegan (4),z,1,6,train,0.0,15.0,2.0,36
vegan (1),m,1,6,train,0.0,23.0,2.0,36
vegan (2),z,0,6,train,1.0,8.0,2.0,36
vegan (5),z,0,6,train,0.0,10.0,5.0,36
vegan (2),z,0,6,train,1.0,10.0,2.0,36
vegan (3),m,0,6,train,1.0,6.0,4.0,36
vegan (5),m,1,6,train,0.0,13.0,5.0,36
vegan (4),m,0,6,train,1.0,7.0,3.0,36
vegan (1),m,1,6,train,0.0,7.0,3.0,36
vegan (6),z,1,6,train,0.0,11.0,5.0,36
vegan (2),m,1,6,train,0.0,16.0,2.0,36
vegan (1),m,1,6,train,0.0,3.0,4.0,36
vegan (4),z,1,6,train,0.0,12.0,3.0,36
vegan (3),z,1,6,train,0.0,14.0,4.0,36
vegan (5),m,1,6,train,0.0,8.0,6.0,36
vegan (6),z,1,6,train,0.0,6.0,6.0,36
vegan (3),m,0,6,train,1.0,3.0,5.0,36
vegan (2),m,1,6,train,0.0,7.0,3.0,36
vegan (6),z,1,6,train,0.0,3.0,7.0,36
vegan (1),m,1,6,train,0.0,8.0,5.0,36
vegan (4),z,1,6,train,0.0,8.0,4.0,36
vegan (5),m,1,6,train,0.0,7.0,7.0,36
vegan (2),m,1,6,train,0.0,5.0,4.0,36
vegan (6),z,1,6,train,0.0,5.0,8.0,36
vegan (3),z,1,6,train,0.0,11.0,5.0,36
vegan (1),m,1,6,train,0.0,6.0,6.0,36
vegan (4),z,1,6,train,0.0,6.0,5.0,36
vegan (5),m,1,6,train,0.0,6.0,8.0,36
vegan (3),z,1,6,train,0.0,4.0,6.0,36
vegan (5),m,1,6,train,0.0,2.0,9.0,36
vegan (2),m,1,6,train,0.0,8.0,5.0,36
vegan (6),z,1,6,train,0.0,8.0,9.0,36
vegan (1),m,1,6,train,0.0,7.0,7.0,36
vegan (4),z,1,6,train,0.0,7.0,6.0,36
vegan (5),m,1,6,train,0.0,5.0,10.0,36
vegan (2),m,1,6,train,0.0,5.0,6.0,36
vegan (1),m,1,6,train,0.0,4.0,8.0,36
vegan (4),z,1,6,train,0.0,4.0,7.0,36
vegan (3),z,1,6,train,0.0,10.0,7.0,36
vegan (6),z,1,6,train,0.0,8.0,10.0,36
vegan (5),m,1,6,train,0.0,6.0,11.0,36
vegan (1),m,1,6,train,0.0,5.0,9.0,36
vegan (2),m,1,6,train,0.0,7.0,7.0,36
vegan (4),z,1,6,train,0.0,6.0,8.0,36
vegan (3),m,0,6,train,1.0,6.0,8.0,36
vegan (6),z,1,6,train,0.0,6.0,11.0,36
animal (1),z,1,3,train,0.0,0.0,0.0,36
animal (2),z,1,3,train,0.0,0.0,0.0,36
animal (3),m,1,3,train,0.0,0.0,0.0,36
animal (1),z,1,3,train,0.0,3.0,1.0,36
animal (3),m,1,3,train,0.0,2.0,1.0,36
animal (2),z,1,3,train,0.0,4.0,1.0,36
animal (2),z,1,3,train,0.0,1.0,2.0,36
animal (3),m,1,3,train,0.0,3.0,2.0,36
animal (1),z,1,3,train,0.0,5.0,2.0,36
animal (1),z,1,3,train,0.0,1.0,3.0,36
animal (2),z,1,3,train,0.0,4.0,3.0,36
animal (3),m,1,3,train,0.0,4.0,3.0,36
animal (1),z,1,3,train,0.0,3.0,4.0,36
animal (3),m,1,3,train,0.0,2.0,4.0,36
animal (2),z,1,3,train,0.0,4.0,4.0,36
animal (2),z,1,3,train,0.0,1.0,5.0,36
animal (3),m,1,3,train,0.0,3.0,5.0,36
animal (1),z,1,3,train,0.0,5.0,5.0,36
animal (3),m,1,3,train,0.0,2.0,6.0,36
animal (2),z,1,3,train,0.0,4.0,6.0,36
animal (1),z,1,3,train,0.0,3.0,6.0,36
animal (1),z,1,3,train,0.0,1.0,7.0,36
animal (3),m,1,3,train,0.0,4.0,7.0,36
animal (2),z,1,3,train,0.0,4.0,7.0,36
animal (2),z,1,3,train,0.0,1.0,8.0,36
animal (3),m,1,3,train,0.0,3.0,8.0,36
animal (1),z,1,3,train,0.0,5.0,8.0,36
animal (3),m,1,3,train,0.0,2.0,9.0,36
animal (1),z,1,3,train,0.0,2.0,9.0,36
animal (2),z,1,3,train,0.0,5.0,9.0,36
animal (2),z,1,3,train,0.0,1.0,10.0,36
animal (3),m,1,3,train,0.0,4.0,10.0,36
animal (2),z,1,3,train,0.0,2.0,11.0,36
animal (1),z,1,3,train,0.0,5.0,10.0,36
animal (3),m,1,3,train,0.0,3.0,11.0,36
animal (1),z,1,3,train,0.0,2.0,11.0,36
fruits (6),z,1,6,train,0.0,0.0,0.0,36
fruits (1),z,0,6,train,0.0,0.0,0.0,36
fruits (5),z,0,6,train,0.0,0.0,0.0,36
fruits (4),z,1,6,train,0.0,0.0,0.0,36
fruits (2),z,0,6,train,0.0,0.0,0.0,36
fruits (3),z,1,6,train,0.0,0.0,0.0,36
fruits (3),z,1,6,train,0.0,1.0,1.0,36
fruits (6),z,1,6,train,0.0,7.0,1.0,36
fruits (4),m,0,6,train,0.0,5.0,1.0,36
fruits (5),m,1,6,train,0.0,0.0,0.0,36
fruits (1),m,1,6,train,0.0,0.0,0.0,36
fruits (2),m,1,6,train,0.0,0.0,0.0,36
fruits (1),m,1,6,train,0.0,2.0,1.0,36
fruits (3),z,1,6,train,0.0,7.0,2.0,36
fruits (2),m,1,6,train,0.0,3.0,1.0,36
fruits (6),z,1,6,train,0.0,8.0,2.0,36
fruits (5),m,1,6,train,0.0,7.0,1.0,36
fruits (4),z,1,6,train,0.0,14.0,1.0,36
fruits (5),m,1,6,train,0.0,2.0,2.0,36
fruits (2),m,1,6,train,0.0,5.0,2.0,36
fruits (6),z,1,6,train,0.0,5.0,3.0,36
fruits (1),m,1,6,train,0.0,9.0,2.0,36
fruits (4),z,1,6,train,0.0,5.0,2.0,36
fruits (3),z,1,6,train,0.0,10.0,3.0,36
fruits (6),z,1,6,train,0.0,4.0,4.0,36
fruits (5),m,1,6,train,0.0,7.0,3.0,36
fruits (2),m,1,6,train,0.0,7.0,3.0,36
fruits (3),z,1,6,train,0.0,4.0,4.0,36
fruits (4),z,1,6,train,0.0,6.0,3.0,36
fruits (1),m,1,6,train,0.0,8.0,3.0,36
fruits (6),z,1,6,train,0.0,6.0,5.0,36
fruits (3),z,1,6,train,0.0,4.0,5.0,36
fruits (4),z,1,6,train,0.0,4.0,4.0,36
fruits (1),m,1,6,train,0.0,4.0,4.0,36
fruits (2),z,0,6,train,1.0,8.0,4.0,36
fruits (5),m,1,6,train,0.0,10.0,4.0,36
fruits (2),m,1,6,train,0.0,10.0,4.0,36
fruits (3),z,1,6,train,0.0,6.0,6.0,36
fruits (5),m,1,6,train,0.0,3.0,5.0,36
fruits (4),z,1,6,train,0.0,7.0,5.0,36
fruits (1),m,1,6,train,0.0,7.0,5.0,36
fruits (6),z,1,6,train,0.0,11.0,6.0,36
fruits (2),m,1,6,train,0.0,6.0,5.0,36
fruits (1),m,1,6,train,0.0,3.0,6.0,36
fruits (4),z,1,6,train,0.0,5.0,6.0,36
fruits (3),z,1,6,train,0.0,8.0,7.0,36
fruits (5),m,1,6,train,0.0,8.0,6.0,36
fruits (6),z,1,6,train,0.0,6.0,7.0,36
fruits (3),z,1,6,train,0.0,3.0,8.0,36
fruits (2),m,1,6,train,0.0,7.0,6.0,36
fruits (6),z,1,6,train,0.0,3.0,8.0,36
fruits (1),m,1,6,train,0.0,8.0,7.0,36
fruits (4),z,1,6,train,0.0,8.0,7.0,36
fruits (5),m,1,6,train,0.0,7.0,7.0,36
fruits (2),m,1,6,train,0.0,5.0,7.0,36
fruits (6),z,1,6,train,0.0,5.0,9.0,36
fruits (3),z,1,6,train,0.0,8.0,9.0,36
fruits (1),m,1,6,train,0.0,6.0,8.0,36
fruits (4),z,1,6,train,0.0,6.0,8.0,36
fruits (5),m,1,6,train,0.0,6.0,8.0,36
fruits (3),z,1,6,train,0.0,4.0,10.0,36
fruits (5),m,1,6,train,0.0,2.0,9.0,36
fruits (2),m,1,6,train,0.0,8.0,8.0,36
fruits (6),z,1,6,train,0.0,8.0,10.0,36
fruits (1),m,1,6,train,0.0,7.0,9.0,36
fruits (4),z,1,6,train,0.0,7.0,9.0,36
fruits (5),m,1,6,train,0.0,5.0,10.0,36
fruits (2),m,1,6,train,0.0,5.0,9.0,36
fruits (1),m,1,6,train,0.0,4.0,10.0,36
fruits (4),z,1,6,train,0.0,4.0,10.0,36
fruits (3),z,1,6,train,0.0,10.0,11.0,36
fruits (6),z,1,6,train,0.0,8.0,11.0,36
fruits (5),m,1,6,train,0.0,6.0,11.0,36
fruits (1),m,1,6,train,0.0,5.0,11.0,36
fruits (2),m,1,6,train,0.0,7.0,10.0,36
fruits (4),z,1,6,train,0.0,6.0,11.0,36
fruits (3),z,1,6,train,0.0,6.0,12.0,36
fruits (6),z,1,6,train,0.0,6.0,12.0,36
tools (1),z,1,3,train,0.0,0.0,0.0,36
tools (2),z,1,3,train,0.0,0.0,0.0,36
tools (3),m,1,3,train,0.0,0.0,0.0,36
tools (1),z,1,3,train,0.0,3.0,1.0,36
tools (3),z,0,3,train,0.0,2.0,1.0,36
tools (2),z,1,3,train,0.0,4.0,1.0,36
tools (2),z,1,3,train,0.0,1.0,2.0,36
tools (3),m,1,3,train,0.0,5.0,1.0,36
tools (1),z,1,3,train,0.0,5.0,2.0,36
tools (1),z,1,3,train,0.0,1.0,3.0,36
tools (2),z,1,3,train,0.0,4.0,3.0,36
tools (3),m,1,3,train,0.0,4.0,2.0,36
tools (1),z,1,3,train,0.0,3.0,4.0,36
tools (3),m,1,3,train,0.0,2.0,3.0,36
tools (2),z,1,3,train,0.0,4.0,4.0,36
tools (2),z,1,3,train,0.0,1.0,5.0,36
tools (3),m,1,3,train,0.0,3.0,4.0,36
tools (1),z,1,3,train,0.0,5.0,5.0,36
tools (3),z,0,3,train,1.0,2.0,5.0,36
tools (2),z,1,3,train,0.0,4.0,6.0,36
tools (1),z,1,3,train,0.0,3.0,6.0,36
tools (1),z,1,3,train,0.0,1.0,7.0,36
tools (3),m,1,3,train,0.0,6.0,5.0,36
tools (2),z,1,3,train,0.0,4.0,7.0,36
tools (2),z,1,3,train,0.0,1.0,8.0,36
tools (3),m,1,3,train,0.0,3.0,6.0,36
tools (1),z,1,3,train,0.0,5.0,8.0,36
tools (3),m,1,3,train,0.0,2.0,7.0,36
tools (1),z,1,3,train,0.0,2.0,9.0,36
tools (2),z,1,3,train,0.0,5.0,9.0,36
tools (2),z,1,3,train,0.0,1.0,10.0,36
tools (3),m,1,3,train,0.0,4.0,8.0,36
tools (2),z,1,3,train,0.0,2.0,11.0,36
tools (1),z,1,3,train,0.0,5.0,10.0,36
tools (3),m,1,3,train,0.0,3.0,9.0,36
tools (1),z,1,3,train,0.0,2.0,11.0,36
clothes (6),m,0,6,train,0.0,0.0,0.0,36
clothes (1),z,0,6,train,0.0,0.0,0.0,36
clothes (5),m,1,6,train,0.0,0.0,0.0,36
clothes (4),m,0,6,train,0.0,0.0,0.0,36
clothes (2),m,1,6,train,0.0,0.0,0.0,36
clothes (3),m,0,6,train,0.0,0.0,0.0,36
clothes (3),z,1,6,train,0.0,0.0,0.0,36
clothes (6),z,1,6,train,0.0,0.0,0.0,36
clothes (4),z,1,6,train,0.0,0.0,0.0,36
clothes (5),m,1,6,train,0.0,7.0,1.0,36
clothes (1),m,1,6,train,0.0,0.0,0.0,36
clothes (2),m,1,6,train,0.0,7.0,1.0,36
clothes (1),z,0,6,train,1.0,2.0,1.0,36
clothes (3),z,1,6,train,0.0,7.0,1.0,36
clothes (2),m,1,6,train,0.0,3.0,2.0,36
clothes (6),z,1,6,train,0.0,8.0,1.0,36
clothes (5),m,1,6,train,0.0,7.0,2.0,36
clothes (4),z,1,6,train,0.0,9.0,1.0,36
clothes (5),m,1,6,train,0.0,2.0,3.0,36
clothes (2),m,1,6,train,0.0,5.0,3.0,36
clothes (6),z,1,6,train,0.0,5.0,2.0,36
clothes (1),m,1,6,train,0.0,11.0,1.0,36
clothes (4),z,1,6,train,0.0,5.0,2.0,36
clothes (3),z,1,6,train,0.0,10.0,2.0,36
clothes (6),z,1,6,train,0.0,4.0,3.0,36
clothes (5),m,1,6,train,0.0,7.0,4.0,36
clothes (2),m,1,6,train,0.0,7.0,4.0,36
clothes (3),z,1,6,train,0.0,4.0,3.0,36
clothes (4),z,1,6,train,0.0,6.0,3.0,36
clothes (1),m,1,6,train,0.0,8.0,2.0,36
clothes (6),z,1,6,train,0.0,6.0,4.0,36
clothes (3),z,1,6,train,0.0,4.0,4.0,36
clothes (4),z,1,6,train,0.0,4.0,4.0,36
clothes (1),m,1,6,train,0.0,4.0,3.0,36
clothes (2),m,1,6,train,0.0,8.0,5.0,36
clothes (5),m,1,6,train,0.0,10.0,5.0,36
clothes (2),m,1,6,train,0.0,2.0,6.0,36
clothes (3),z,1,6,train,0.0,6.0,5.0,36
clothes (5),m,1,6,train,0.0,3.0,6.0,36
clothes (4),z,1,6,train,0.0,7.0,5.0,36
clothes (1),m,1,6,train,0.0,7.0,4.0,36
clothes (6),z,1,6,train,0.0,11.0,5.0,36
clothes (2),m,1,6,train,0.0,6.0,7.0,36
clothes (1),m,1,6,train,0.0,3.0,5.0,36
clothes (4),z,1,6,train,0.0,5.0,6.0,36
clothes (3),z,1,6,train,0.0,8.0,6.0,36
clothes (5),m,1,6,train,0.0,8.0,7.0,36
clothes (6),z,1,6,train,0.0,6.0,6.0,36
clothes (3),z,1,6,train,0.0,3.0,7.0,36
clothes (2),z,0,6,train,0.0,7.0,8.0,36
clothes (6),z,1,6,train,0.0,3.0,7.0,36
clothes (1),m,1,6,train,0.0,8.0,6.0,36
clothes (4),z,1,6,train,0.0,8.0,7.0,36
clothes (5),m,1,6,train,0.0,7.0,8.0,36
clothes (2),m,1,6,train,0.0,12.0,8.0,36
clothes (6),z,1,6,train,0.0,5.0,8.0,36
clothes (3),z,1,6,train,0.0,8.0,8.0,36
clothes (1),m,1,6,train,0.0,6.0,7.0,36
clothes (4),z,1,6,train,0.0,6.0,8.0,36
clothes (5),m,1,6,train,0.0,6.0,9.0,36
clothes (3),z,1,6,train,0.0,4.0,9.0,36
clothes (5),m,1,6,train,0.0,2.0,10.0,36
clothes (2),m,1,6,train,0.0,8.0,9.0,36
clothes (6),z,1,6,train,0.0,8.0,9.0,36
clothes (1),m,1,6,train,0.0,7.0,8.0,36
clothes (4),z,1,6,train,0.0,7.0,9.0,36
clothes (5),m,1,6,train,0.0,5.0,11.0,36
clothes (2),m,1,6,train,0.0,5.0,10.0,36
clothes (1),m,1,6,train,0.0,4.0,9.0,36
clothes (4),z,1,6,train,0.0,4.0,10.0,36
clothes (3),z,1,6,train,0.0,10.0,10.0,36
clothes (6),z,1,6,train,0.0,8.0,10.0,36
clothes (5),m,1,6,train,0.0,6.0,12.0,36
clothes (1),m,1,6,train,0.0,5.0,10.0,36
clothes (2),m,1,6,train,0.0,7.0,11.0,36
clothes (4),z,1,6,train,0.0,6.0,11.0,36
clothes (3),z,1,6,train,0.0,6.0,11.0,36
clothes (6),z,1,6,train,0.0,6.0,11.0,36
face (1),z,1,3,train,0.0,0.0,0.0,36
face (2),z,1,3,train,0.0,0.0,0.0,36
face (3),m,1,3,train,0.0,0.0,0.0,36
face (1),z,1,3,train,0.0,3.0,1.0,36
face (3),m,1,3,train,0.0,2.0,1.0,36
face (2),z,1,3,train,0.0,4.0,1.0,36
face (2),z,1,3,train,0.0,1.0,2.0,36
face (3),m,1,3,train,0.0,3.0,2.0,36
face (1),z,1,3,train,0.0,5.0,2.0,36
face (1),z,1,3,train,0.0,1.0,3.0,36
face (2),z,1,3,train,0.0,4.0,3.0,36
face (3),m,1,3,train,0.0,4.0,3.0,36
face (1),z,1,3,train,0.0,3.0,4.0,36
face (3),m,1,3,train,0.0,2.0,4.0,36
face (2),z,1,3,train,0.0,4.0,4.0,36
face (2),z,1,3,train,0.0,1.0,5.0,36
face (3),m,1,3,train,0.0,3.0,5.0,36
face (1),z,1,3,train,0.0,5.0,5.0,36
face (3),m,1,3,train,0.0,2.0,6.0,36
face (2),z,1,3,train,0.0,4.0,6.0,36
face (1),z,1,3,train,0.0,3.0,6.0,36
face (1),z,1,3,train,0.0,1.0,7.0,36
face (3),m,1,3,train,0.0,4.0,7.0,36
face (2),z,1,3,train,0.0,4.0,7.0,36
face (2),z,1,3,train,0.0,1.0,8.0,36
face (3),m,1,3,train,0.0,3.0,8.0,36
face (1),z,1,3,train,0.0,5.0,8.0,36
face (3),m,1,3,train,0.0,2.0,9.0,36
face (1),z,1,3,train,0.0,2.0,9.0,36
face (2),z,1,3,train,0.0,5.0,9.0,36
face (2),z,1,3,train,0.0,1.0,10.0,36
face (3),m,1,3,train,0.0,4.0,10.0,36
face (2),z,1,3,train,0.0,2.0,11.0,36
face (1),z,1,3,train,0.0,5.0,10.0,36
face (3),m,1,3,train,0.0,3.0,11.0,36
face (1),z,1,3,train,0.0,2.0,11.0,36
color (6),m,0,6,train,0.0,0.0,0.0,36
color (1),m,1,6,train,0.0,0.0,0.0,36
color (5),m,1,6,train,0.0,0.0,0.0,36
color (4),m,0,6,train,0.0,0.0,0.0,36
color (2),m,1,6,train,0.0,0.0,0.0,36
color (3),z,1,6,train,0.0,0.0,0.0,36
color (3),z,1,6,train,0.0,1.0,1.0,36
color (6),z,1,6,train,0.0,0.0,0.0,36
color (4),z,1,6,train,0.0,0.0,0.0,36
color (5),m,1,6,train,0.0,7.0,1.0,36
color (1),m,1,6,train,0.0,9.0,1.0,36
color (2),m,1,6,train,0.0,7.0,1.0,36
color (1),m,1,6,train,0.0,2.0,2.0,36
color (3),z,1,6,train,0.0,7.0,2.0,36
color (2),m,1,6,train,0.0,3.0,2.0,36
color (6),z,1,6,train,0.0,8.0,1.0,36
color (5),m,1,6,train,0.0,7.0,2.0,36
color (4),z,1,6,train,0.0,9.0,1.0,36
color (5),m,1,6,train,0.0,2.0,3.0,36
color (2),m,1,6,train,0.0,5.0,3.0,36
color (6),z,1,6,train,0.0,5.0,2.0,36
color (1),m,1,6,train,0.0,9.0,3.0,36
color (4),z,1,6,train,0.0,5.0,2.0,36
color (3),z,1,6,train,0.0,10.0,3.0,36
color (6),z,1,6,train,0.0,4.0,3.0,36
color (5),m,1,6,train,0.0,7.0,4.0,36
color (2),m,1,6,train,0.0,7.0,4.0,36
color (3),z,1,6,train,0.0,4.0,4.0,36
color (4),z,1,6,train,0.0,6.0,3.0,36
color (1),m,1,6,train,0.0,8.0,4.0,36
color (6),z,1,6,train,0.0,6.0,4.0,36
color (3),z,1,6,train,0.0,4.0,5.0,36
color (4),z,1,6,train,0.0,4.0,4.0,36
color (1),m,1,6,train,0.0,4.0,5.0,36
color (2),m,1,6,train,0.0,8.0,5.0,36
color (5),m,1,6,train,0.0,10.0,5.0,36
color (2),m,1,6,train,0.0,2.0,6.0,36
color (3),z,1,6,train,0.0,6.0,6.0,36
color (5),m,1,6,train,0.0,3.0,6.0,36
color (4),z,1,6,train,0.0,7.0,5.0,36
color (1),m,1,6,train,0.0,7.0,6.0,36
color (6),z,1,6,train,0.0,11.0,5.0,36
color (2),m,1,6,train,0.0,6.0,7.0,36
color (1),m,1,6,train,0.0,3.0,7.0,36
color (4),z,1,6,train,0.0,5.0,6.0,36
color (3),z,1,6,train,0.0,8.0,7.0,36
color (5),m,1,6,train,0.0,8.0,7.0,36
color (6),z,1,6,train,0.0,6.0,6.0,36
color (3),z,1,6,train,0.0,3.0,8.0,36
color (2),m,1,6,train,0.0,7.0,8.0,36
color (6),z,1,6,train,0.0,3.0,7.0,36
color (1),m,1,6,train,0.0,8.0,8.0,36
color (4),z,1,6,train,0.0,8.0,7.0,36
color (5),m,1,6,train,0.0,7.0,8.0,36
color (2),m,1,6,train,0.0,5.0,9.0,36
color (6),z,1,6,train,0.0,5.0,8.0,36
color (3),z,1,6,train,0.0,8.0,9.0,36
color (1),m,1,6,train,0.0,6.0,9.0,36
color (4),z,1,6,train,0.0,6.0,8.0,36
color (5),m,1,6,train,0.0,6.0,9.0,36
color (3),z,1,6,train,0.0,4.0,10.0,36
color (5),m,1,6,train,0.0,2.0,10.0,36
color (2),m,1,6,train,0.0,8.0,10.0,36
color (6),z,1,6,train,0.0,8.0,9.0,36
color (1),m,1,6,train,0.0,7.0,10.0,36
color (4),z,1,6,train,0.0,7.0,9.0,36
color (5),m,1,6,train,0.0,5.0,11.0,36
color (2),m,1,6,train,0.0,5.0,11.0,36
color (1),m,1,6,train,0.0,4.0,11.0,36
color (4),z,1,6,train,0.0,4.0,10.0,36
color (3),z,1,6,train,0.0,10.0,11.0,36
color (6),z,1,6,train,0.0,8.0,10.0,36
color (5),m,1,6,train,0.0,6.0,12.0,36
color (1),m,1,6,train,0.0,5.0,12.0,36
color (2),m,1,6,train,0.0,7.0,12.0,36
color (4),z,1,6,train,0.0,6.0,11.0,36
color (3),z,1,6,train,0.0,6.0,12.0,36
color (6),z,1,6,train,0.0,6.0,11.0,36
symbol (1),m,1,3,train,0.0,0.0,0.0,36
symbol (2),m,1,3,train,0.0,0.0,0.0,36
symbol (3),z,1,3,train,0.0,0.0,0.0,36
symbol (1),m,1,3,train,0.0,3.0,1.0,36
symbol (3),z,1,3,train,0.0,2.0,1.0,36
symbol (2),m,1,3,train,0.0,4.0,1.0,36
symbol (2),m,1,3,train,0.0,1.0,2.0,36
symbol (3),z,1,3,train,0.0,3.0,2.0,36
symbol (1),m,1,3,train,0.0,5.0,2.0,36
symbol (1),m,1,3,train,0.0,1.0,3.0,36
symbol (2),m,1,3,train,0.0,4.0,3.0,36
symbol (3),z,1,3,train,0.0,4.0,3.0,36
symbol (1),m,1,3,train,0.0,3.0,4.0,36
symbol (3),z,1,3,train,0.0,2.0,4.0,36
symbol (2),m,1,3,train,0.0,4.0,4.0,36
symbol (2),m,1,3,train,0.0,1.0,5.0,36
symbol (3),z,1,3,train,0.0,3.0,5.0,36
symbol (1),m,1,3,train,0.0,5.0,5.0,36
symbol (3),z,1,3,train,0.0,2.0,6.0,36
symbol (2),m,1,3,train,0.0,4.0,6.0,36
symbol (1),m,1,3,train,0.0,3.0,6.0,36
symbol (1),m,1,3,train,0.0,1.0,7.0,36
symbol (3),z,1,3,train,0.0,4.0,7.0,36
symbol (2),m,1,3,train,0.0,4.0,7.0,36
symbol (2),m,1,3,train,0.0,1.0,8.0,36
symbol (3),z,1,3,train,0.0,3.0,8.0,36
symbol (1),m,1,3,train,0.0,5.0,8.0,36
symbol (3),z,1,3,train,0.0,2.0,9.0,36
symbol (1),m,1,3,train,0.0,2.0,9.0,36
symbol (2),m,1,3,train,0.0,5.0,9.0,36
symbol (2),m,1,3,train,0.0,1.0,10.0,36
symbol (3),z,1,3,train,0.0,4.0,10.0,36
symbol (2),m,1,3,train,0.0,2.0,11.0,36
symbol (1),m,1,3,train,0.0,5.0,10.0,36
symbol (3),z,1,3,train,0.0,3.0,11.0,36
symbol (1),m,1,3,train,0.0,2.0,11.0,36
environment (6),m,0,6,train,0.0,0.0,0.0,36
environment (1),m,1,6,train,0.0,0.0,0.0,36
environment (5),m,1,6,train,0.0,0.0,0.0,36
environment (4),m,0,6,train,0.0,0.0,0.0,36
environment (2),m,1,6,train,0.0,0.0,0.0,36
environment (3),z,1,6,train,0.0,0.0,0.0,36
environment (3),z,1,6,train,0.0,1.0,1.0,36
environment (6),z,1,6,train,0.0,0.0,0.0,36
environment (4),z,1,6,train,0.0,0.0,0.0,36
environment (5),m,1,6,train,0.0,7.0,1.0,36
environment (1),m,1,6,train,0.0,9.0,1.0,36
environment (2),m,1,6,train,0.0,7.0,1.0,36
environment (1),m,1,6,train,0.0,2.0,2.0,36
environment (3),z,1,6,train,0.0,7.0,2.0,36
environment (2),m,1,6,train,0.0,3.0,2.0,36
environment (6),z,1,6,train,0.0,8.0,1.0,36
environment (5),m,1,6,train,0.0,7.0,2.0,36
environment (4),z,1,6,train,0.0,9.0,1.0,36
environment (5),m,1,6,train,0.0,2.0,3.0,36
environment (2),z,0,6,train,0.0,5.0,3.0,36
environment (6),z,1,6,train,0.0,5.0,2.0,36
environment (1),m,1,6,train,0.0,9.0,3.0,36
environment (4),z,1,6,train,0.0,5.0,2.0,36
environment (3),z,1,6,train,0.0,10.0,3.0,36
environment (6),z,1,6,train,0.0,4.0,3.0,36
environment (5),m,1,6,train,0.0,7.0,4.0,36
environment (2),z,0,6,train,1.0,12.0,3.0,36
environment (3),m,0,6,train,0.0,4.0,4.0,36
environment (4),z,1,6,train,0.0,6.0,3.0,36
environment (1),m,1,6,train,0.0,8.0,4.0,36
environment (6),z,1,6,train,0.0,6.0,4.0,36
environment (3),z,1,6,train,0.0,8.0,4.0,36
environment (4),z,1,6,train,0.0,4.0,4.0,36
environment (1),m,1,6,train,0.0,4.0,5.0,36
environment (2),m,1,6,train,0.0,20.0,3.0,36
environment (5),m,1,6,train,0.0,10.0,5.0,36
environment (2),m,1,6,train,0.0,2.0,4.0,36
environment (3),z,1,6,train,0.0,6.0,5.0,36
environment (5),m,1,6,train,0.0,3.0,6.0,36
environment (4),z,1,6,train,0.0,7.0,5.0,36
environment (1),m,1,6,train,0.0,7.0,6.0,36
environment (6),z,1,6,train,0.0,11.0,5.0,36
environment (2),m,1,6,train,0.0,6.0,5.0,36
environment (1),m,1,6,train,0.0,3.0,7.0,36
environment (4),z,1,6,train,0.0,5.0,6.0,36
environment (3),z,1,6,train,0.0,8.0,6.0,36
environment (5),m,1,6,train,0.0,8.0,7.0,36
environment (6),z,1,6,train,0.0,6.0,6.0,36
environment (3),z,1,6,train,0.0,3.0,7.0,36
environment (2),m,1,6,train,0.0,7.0,6.0,36
environment (6),z,1,6,train,0.0,3.0,7.0,36
environment (1),m,1,6,train,0.0,8.0,8.0,36
environment (4),z,1,6,train,0.0,8.0,7.0,36
environment (5),m,1,6,train,0.0,7.0,8.0,36
environment (2),m,1,6,train,0.0,5.0,7.0,36
environment (6),z,1,6,train,0.0,5.0,8.0,36
environment (3),z,1,6,train,0.0,8.0,8.0,36
environment (1),m,1,6,train,0.0,6.0,9.0,36
environment (4),z,1,6,train,0.0,6.0,8.0,36
environment (5),m,1,6,train,0.0,6.0,9.0,36
environment (3),z,1,6,train,0.0,4.0,9.0,36
environment (5),m,1,6,train,0.0,2.0,10.0,36
environment (2),m,1,6,train,0.0,8.0,8.0,36
environment (6),z,1,6,train,0.0,8.0,9.0,36
environment (1),m,1,6,train,0.0,7.0,10.0,36
environment (4),z,1,6,train,0.0,7.0,9.0,36
environment (5),m,1,6,train,0.0,5.0,11.0,36
environment (2),m,1,6,train,0.0,5.0,9.0,36
environment (1),m,1,6,train,0.0,4.0,11.0,36
environment (4),z,1,6,train,0.0,4.0,10.0,36
environment (3),z,1,6,train,0.0,10.0,10.0,36
environment (6),z,1,6,train,0.0,8.0,10.0,36
environment (5),m,1,6,train,0.0,6.0,12.0,36
environment (1),m,1,6,train,0.0,5.0,12.0,36
environment (2),m,1,6,train,0.0,7.0,10.0,36
environment (4),z,1,6,train,0.0,6.0,11.0,36
environment (3),z,1,6,train,0.0,6.0,11.0,36
environment (6),z,1,6,train,0.0,6.0,11.0,36
vehicle (1),m,1,3,train,0.0,0.0,0.0,36
vehicle (2),m,1,3,train,0.0,0.0,0.0,36
vehicle (3),z,1,3,train,0.0,0.0,0.0,36
vehicle (1),m,1,3,train,0.0,3.0,1.0,36
vehicle (3),z,1,3,train,0.0,2.0,1.0,36
vehicle (2),m,1,3,train,0.0,4.0,1.0,36
vehicle (2),m,1,3,train,0.0,1.0,2.0,36
vehicle (3),z,1,3,train,0.0,3.0,2.0,36
vehicle (1),m,1,3,train,0.0,5.0,2.0,36
vehicle (1),m,1,3,train,0.0,1.0,3.0,36
vehicle (2),m,1,3,train,0.0,4.0,3.0,36
vehicle (3),z,1,3,train,0.0,4.0,3.0,36
vehicle (1),m,1,3,train,0.0,3.0,4.0,36
vehicle (3),z,1,3,train,0.0,2.0,4.0,36
vehicle (2),m,1,3,train,0.0,4.0,4.0,36
vehicle (2),m,1,3,train,0.0,1.0,5.0,36
vehicle (3),z,1,3,train,0.0,3.0,5.0,36
vehicle (1),m,1,3,train,0.0,5.0,5.0,36
vehicle (3),z,1,3,train,0.0,2.0,6.0,36
vehicle (2),z,0,3,train,0.0,4.0,6.0,36
vehicle (1),m,1,3,train,0.0,3.0,6.0,36
vehicle (1),m,1,3,train,0.0,1.0,7.0,36
vehicle (3),z,1,3,train,0.0,4.0,7.0,36
vehicle (2),m,1,3,train,0.0,8.0,6.0,36
vehicle (2),m,1,3,train,0.0,1.0,7.0,36
vehicle (3),z,1,3,train,0.0,3.0,8.0,36
vehicle (1),m,1,3,train,0.0,5.0,8.0,36
vehicle (3),z,1,3,train,0.0,2.0,9.0,36
vehicle (1),m,1,3,train,0.0,2.0,9.0,36
vehicle (2),m,1,3,train,0.0,5.0,8.0,36
vehicle (2),m,1,3,train,0.0,1.0,9.0,36
vehicle (3),z,1,3,train,0.0,4.0,10.0,36
vehicle (2),m,1,3,train,0.0,2.0,10.0,36
vehicle (1),m,1,3,train,0.0,5.0,10.0,36
vehicle (3),z,1,3,train,0.0,3.0,11.0,36
vehicle (1),m,1,3,train,0.0,2.0,11.0,36
instrument (1),m,1,3,train,0.0,0.0,0.0,36
instrument (2),m,1,3,train,0.0,0.0,0.0,36
instrument (3),z,1,3,train,0.0,0.0,0.0,36
instrument (1),m,1,3,train,0.0,3.0,1.0,36
instrument (3),z,1,3,train,0.0,2.0,1.0,36
instrument (2),m,1,3,train,0.0,4.0,1.0,36
instrument (2),m,1,3,train,0.0,1.0,2.0,36
instrument (3),z,1,3,train,0.0,3.0,2.0,36
instrument (1),m,1,3,train,0.0,5.0,2.0,36
instrument (1),m,1,3,train,0.0,1.0,3.0,36
instrument (2),m,1,3,train,0.0,4.0,3.0,36
instrument (3),z,1,3,train,0.0,4.0,3.0,36
instrument (1),m,1,3,train,0.0,3.0,4.0,36
instrument (3),z,1,3,train,0.0,2.0,4.0,36
instrument (2),m,1,3,train,0.0,4.0,4.0,36
instrument (2),m,1,3,train,0.0,1.0,5.0,36
instrument (3),z,1,3,train,0.0,3.0,5.0,36
instrument (1),m,1,3,train,0.0,5.0,5.0,36
instrument (3),z,1,3,train,0.0,2.0,6.0,36
instrument (2),m,1,3,train,0.0,4.0,6.0,36
instrument (1),m,1,3,train,0.0,3.0,6.0,36
instrument (1),m,1,3,train,0.0,1.0,7.0,36
instrument (3),z,1,3,train,0.0,4.0,7.0,36
instrument (2),m,1,3,train,0.0,4.0,7.0,36
instrument (2),m,1,3,train,0.0,1.0,8.0,36
instrument (3),z,1,3,train,0.0,3.0,8.0,36
instrument (1),m,1,3,train,0.0,5.0,8.0,36
instrument (3),z,1,3,train,0.0,2.0,9.0,36
instrument (1),m,1,3,train,0.0,2.0,9.0,36
instrument (2),m,1,3,train,0.0,5.0,9.0,36
instrument (2),m,1,3,train,0.0,1.0,10.0,36
instrument (3),z,1,3,train,0.0,4.0,10.0,36
instrument (2),z,0,3,train,0.0,2.0,11.0,36
instrument (1),m,1,3,train,0.0,5.0,10.0,36
instrument (3),z,1,3,train,0.0,3.0,11.0,36
instrument (1),m,1,3,train,0.0,2.0,11.0,36
